layer,snr,mean,count
TCFTransformer.encoder_level1.mhca_blks.0.transformer_layers.0.norm1,-10.0,0.9949810950622011,14832
TCFTransformer.encoder_level1.mhca_blks.0.transformer_layers.0.norm1,-9.0,0.9950812222936393,14832
TCFTransformer.encoder_level1.mhca_blks.0.transformer_layers.0.norm1,-8.0,0.9952143989824874,14832
TCFTransformer.encoder_level1.mhca_blks.0.transformer_layers.0.norm1,-7.0,0.9953566857301173,14832
TCFTransformer.encoder_level1.mhca_blks.0.transformer_layers.0.norm1,-6.0,0.9955076499768768,14832
TCFTransformer.encoder_level1.mhca_blks.0.transformer_layers.0.norm1,-5.0,0.9956667416537142,14832
TCFTransformer.encoder_level1.mhca_blks.0.transformer_layers.0.norm1,-4.0,0.9958331403206981,14832
TCFTransformer.encoder_level1.mhca_blks.0.transformer_layers.0.norm1,-3.0,0.9960058213461755,14832
TCFTransformer.encoder_level1.mhca_blks.0.transformer_layers.0.norm1,-2.0,0.9961835286643319,14832
TCFTransformer.encoder_level1.mhca_blks.0.transformer_layers.0.norm1,-1.0,0.9963649570009598,14832
TCFTransformer.encoder_level1.mhca_blks.0.transformer_layers.0.norm1,0.0,0.9965486101918687,14832
TCFTransformer.encoder_level1.mhca_blks.0.transformer_layers.0.norm1,1.0,0.9967330216983696,14832
TCFTransformer.encoder_level1.mhca_blks.0.transformer_layers.0.norm1,2.0,0.9969166677240222,14832
TCFTransformer.encoder_level1.mhca_blks.0.transformer_layers.0.norm1,3.0,0.9970981394741462,14832
TCFTransformer.encoder_level1.mhca_blks.0.transformer_layers.0.norm1,4.0,0.9972761088526109,14832
TCFTransformer.encoder_level1.mhca_blks.0.transformer_layers.0.norm1,5.0,0.9974494286026192,14832
TCFTransformer.encoder_level1.mhca_blks.0.transformer_layers.0.norm1,6.0,0.9976170433016078,14832
TCFTransformer.encoder_level1.mhca_blks.0.transformer_layers.0.norm1,7.0,0.9977781991830987,14832
TCFTransformer.encoder_level1.mhca_blks.0.transformer_layers.0.norm1,8.0,0.9979323492081035,14832
TCFTransformer.encoder_level1.mhca_blks.0.transformer_layers.0.norm1,9.0,0.9980790411496885,14832
TCFTransformer.encoder_level1.mhca_blks.0.transformer_layers.0.norm1,10.0,0.9982180598291378,14832
TCFTransformer.encoder_level1.mhca_blks.0.transformer_layers.0.norm1,11.0,0.9983493573601964,14832
TCFTransformer.encoder_level1.mhca_blks.0.transformer_layers.0.norm1,12.0,0.998472946252927,14832
TCFTransformer.encoder_level1.mhca_blks.0.transformer_layers.0.norm1,13.0,0.9985889771907009,14832
TCFTransformer.encoder_level1.mhca_blks.0.transformer_layers.0.norm1,14.0,0.9986976697205081,14832
TCFTransformer.encoder_level1.mhca_blks.0.transformer_layers.0.norm1,15.0,0.9987993393306337,14832
TCFTransformer.encoder_level1.mhca_blks.0.transformer_layers.0.norm1,16.0,0.9988942479527884,14832
TCFTransformer.encoder_level1.mhca_blks.0.transformer_layers.0.norm1,17.0,0.9989827583707717,14832
TCFTransformer.encoder_level1.mhca_blks.0.transformer_layers.0.norm1,18.0,0.9990652103937497,14832
TCFTransformer.encoder_level1.mhca_blks.0.transformer_layers.0.norm1,19.0,0.9991419730947112,14832
TCFTransformer.encoder_level1.mhca_blks.0.transformer_layers.0.norm1,20.0,0.9992134020721064,14832
TCFTransformer.encoder_level1.mhca_blks.0.transformer_layers.0.norm1,21.0,0.9992798550783818,14832
TCFTransformer.encoder_level1.mhca_blks.0.transformer_layers.0.norm1,22.0,0.9993416331869178,14832
TCFTransformer.encoder_level1.mhca_blks.0.transformer_layers.0.norm1,23.0,0.9993990304786409,14832
TCFTransformer.encoder_level1.mhca_blks.0.transformer_layers.0.norm1,24.0,0.9994523630888393,14832
TCFTransformer.encoder_level1.mhca_blks.0.transformer_layers.0.norm1,25.0,0.9995018623552274,14832
TCFTransformer.encoder_level1.mhca_blks.0.transformer_layers.0.norm1,26.0,0.9995478310832249,14832
TCFTransformer.encoder_level1.mhca_blks.0.transformer_layers.0.norm1,27.0,0.9995904743084694,14832
TCFTransformer.encoder_level1.mhca_blks.0.transformer_layers.0.norm1,28.0,0.9996300042278364,14832
TCFTransformer.encoder_level1.mhca_blks.0.transformer_layers.0.norm1,29.0,0.9996666230799826,14832
TCFTransformer.encoder_level1.mhca_blks.0.transformer_layers.0.norm1,30.0,0.9997004705934334,14832
TCFTransformer.encoder_level1.mhca_blks.0.transformer_layers.0.norm2,-10.0,0.978310229126143,14832
TCFTransformer.encoder_level1.mhca_blks.0.transformer_layers.0.norm2,-9.0,0.9794749587838576,14832
TCFTransformer.encoder_level1.mhca_blks.0.transformer_layers.0.norm2,-8.0,0.980010426570104,14832
TCFTransformer.encoder_level1.mhca_blks.0.transformer_layers.0.norm2,-7.0,0.9805869907703344,14832
TCFTransformer.encoder_level1.mhca_blks.0.transformer_layers.0.norm2,-6.0,0.9812049338515715,14832
TCFTransformer.encoder_level1.mhca_blks.0.transformer_layers.0.norm2,-5.0,0.9818634130502725,14832
TCFTransformer.encoder_level1.mhca_blks.0.transformer_layers.0.norm2,-4.0,0.9825608715206031,14832
TCFTransformer.encoder_level1.mhca_blks.0.transformer_layers.0.norm2,-3.0,0.9832950132982374,14832
TCFTransformer.encoder_level1.mhca_blks.0.transformer_layers.0.norm2,-2.0,0.984062260135349,14832
TCFTransformer.encoder_level1.mhca_blks.0.transformer_layers.0.norm2,-1.0,0.9848580515331629,14832
TCFTransformer.encoder_level1.mhca_blks.0.transformer_layers.0.norm2,0.0,0.9856769083773048,14832
TCFTransformer.encoder_level1.mhca_blks.0.transformer_layers.0.norm2,1.0,0.9865130176154864,14832
TCFTransformer.encoder_level1.mhca_blks.0.transformer_layers.0.norm2,2.0,0.9873592956624564,14832
TCFTransformer.encoder_level1.mhca_blks.0.transformer_layers.0.norm2,3.0,0.98820862696057,14832
TCFTransformer.encoder_level1.mhca_blks.0.transformer_layers.0.norm2,4.0,0.9890535670576744,14832
TCFTransformer.encoder_level1.mhca_blks.0.transformer_layers.0.norm2,5.0,0.9898867519550275,14832
TCFTransformer.encoder_level1.mhca_blks.0.transformer_layers.0.norm2,6.0,0.9907010466205972,14832
TCFTransformer.encoder_level1.mhca_blks.0.transformer_layers.0.norm2,7.0,0.99148973395411,14832
TCFTransformer.encoder_level1.mhca_blks.0.transformer_layers.0.norm2,8.0,0.9922472811640595,14832
TCFTransformer.encoder_level1.mhca_blks.0.transformer_layers.0.norm2,9.0,0.9929687084174016,14832
TCFTransformer.encoder_level1.mhca_blks.0.transformer_layers.0.norm2,10.0,0.9936501299952357,14832
TCFTransformer.encoder_level1.mhca_blks.0.transformer_layers.0.norm2,11.0,0.9942884469463085,14832
TCFTransformer.encoder_level1.mhca_blks.0.transformer_layers.0.norm2,12.0,0.9948820238762175,14832
TCFTransformer.encoder_level1.mhca_blks.0.transformer_layers.0.norm2,13.0,0.9954297400713611,14832
TCFTransformer.encoder_level1.mhca_blks.0.transformer_layers.0.norm2,14.0,0.995931688451008,14832
TCFTransformer.encoder_level1.mhca_blks.0.transformer_layers.0.norm2,15.0,0.9963887748835928,14832
TCFTransformer.encoder_level1.mhca_blks.0.transformer_layers.0.norm2,16.0,0.996802609277228,14832
TCFTransformer.encoder_level1.mhca_blks.0.transformer_layers.0.norm2,17.0,0.9971750478150712,14832
TCFTransformer.encoder_level1.mhca_blks.0.transformer_layers.0.norm2,18.0,0.9975086323386448,14832
TCFTransformer.encoder_level1.mhca_blks.0.transformer_layers.0.norm2,19.0,0.9978062373374015,14832
TCFTransformer.encoder_level1.mhca_blks.0.transformer_layers.0.norm2,20.0,0.9980707542595031,14832
TCFTransformer.encoder_level1.mhca_blks.0.transformer_layers.0.norm2,21.0,0.9983050632406079,14832
TCFTransformer.encoder_level1.mhca_blks.0.transformer_layers.0.norm2,22.0,0.9985121477560059,14832
TCFTransformer.encoder_level1.mhca_blks.0.transformer_layers.0.norm2,23.0,0.9986947951948887,14832
TCFTransformer.encoder_level1.mhca_blks.0.transformer_layers.0.norm2,24.0,0.9988557424641412,14832
TCFTransformer.encoder_level1.mhca_blks.0.transformer_layers.0.norm2,25.0,0.9989974139521487,14832
TCFTransformer.encoder_level1.mhca_blks.0.transformer_layers.0.norm2,26.0,0.9991220662766163,14832
TCFTransformer.encoder_level1.mhca_blks.0.transformer_layers.0.norm2,27.0,0.9992318052312251,14832
TCFTransformer.encoder_level1.mhca_blks.0.transformer_layers.0.norm2,28.0,0.9993284533067557,14832
TCFTransformer.encoder_level1.mhca_blks.0.transformer_layers.0.norm2,29.0,0.9994135972277183,14832
TCFTransformer.encoder_level1.mhca_blks.0.transformer_layers.0.norm2,30.0,0.9994886221149145,14832
TCFTransformer.encoder_level1.mhca_blks.0.transformer_layers.0.ffn.project_out,-10.0,0.6369875181534659,14832
TCFTransformer.encoder_level1.mhca_blks.0.transformer_layers.0.ffn.project_out,-9.0,0.6447219457768684,14832
TCFTransformer.encoder_level1.mhca_blks.0.transformer_layers.0.ffn.project_out,-8.0,0.6512498317181887,14832
TCFTransformer.encoder_level1.mhca_blks.0.transformer_layers.0.ffn.project_out,-7.0,0.6582775748713582,14832
TCFTransformer.encoder_level1.mhca_blks.0.transformer_layers.0.ffn.project_out,-6.0,0.6658156796588593,14832
TCFTransformer.encoder_level1.mhca_blks.0.transformer_layers.0.ffn.project_out,-5.0,0.6738630907475434,14832
TCFTransformer.encoder_level1.mhca_blks.0.transformer_layers.0.ffn.project_out,-4.0,0.682412218011136,14832
TCFTransformer.encoder_level1.mhca_blks.0.transformer_layers.0.ffn.project_out,-3.0,0.6914509783369343,14832
TCFTransformer.encoder_level1.mhca_blks.0.transformer_layers.0.ffn.project_out,-2.0,0.7009514641878721,14832
TCFTransformer.encoder_level1.mhca_blks.0.transformer_layers.0.ffn.project_out,-1.0,0.7108846413948149,14832
TCFTransformer.encoder_level1.mhca_blks.0.transformer_layers.0.ffn.project_out,0.0,0.7212131202910115,14832
TCFTransformer.encoder_level1.mhca_blks.0.transformer_layers.0.ffn.project_out,1.0,0.7318923658648147,14832
TCFTransformer.encoder_level1.mhca_blks.0.transformer_layers.0.ffn.project_out,2.0,0.7428694528275388,14832
TCFTransformer.encoder_level1.mhca_blks.0.transformer_layers.0.ffn.project_out,3.0,0.7540932188288759,14832
TCFTransformer.encoder_level1.mhca_blks.0.transformer_layers.0.ffn.project_out,4.0,0.7655070294880235,14832
TCFTransformer.encoder_level1.mhca_blks.0.transformer_layers.0.ffn.project_out,5.0,0.777050505720778,14832
TCFTransformer.encoder_level1.mhca_blks.0.transformer_layers.0.ffn.project_out,6.0,0.7886639071554105,14832
TCFTransformer.encoder_level1.mhca_blks.0.transformer_layers.0.ffn.project_out,7.0,0.8002847168120398,14832
TCFTransformer.encoder_level1.mhca_blks.0.transformer_layers.0.ffn.project_out,8.0,0.8118516046638242,14832
TCFTransformer.encoder_level1.mhca_blks.0.transformer_layers.0.ffn.project_out,9.0,0.8233082942270795,14832
TCFTransformer.encoder_level1.mhca_blks.0.transformer_layers.0.ffn.project_out,10.0,0.834600008413308,14832
TCFTransformer.encoder_level1.mhca_blks.0.transformer_layers.0.ffn.project_out,11.0,0.845667237546516,14832
TCFTransformer.encoder_level1.mhca_blks.0.transformer_layers.0.ffn.project_out,12.0,0.8564621778817881,14832
TCFTransformer.encoder_level1.mhca_blks.0.transformer_layers.0.ffn.project_out,13.0,0.8669383483853477,14832
TCFTransformer.encoder_level1.mhca_blks.0.transformer_layers.0.ffn.project_out,14.0,0.8770547454901434,14832
TCFTransformer.encoder_level1.mhca_blks.0.transformer_layers.0.ffn.project_out,15.0,0.8867766535976558,14832
TCFTransformer.encoder_level1.mhca_blks.0.transformer_layers.0.ffn.project_out,16.0,0.8960777979058805,14832
TCFTransformer.encoder_level1.mhca_blks.0.transformer_layers.0.ffn.project_out,17.0,0.9049298768298463,14832
TCFTransformer.encoder_level1.mhca_blks.0.transformer_layers.0.ffn.project_out,18.0,0.913315641037726,14832
TCFTransformer.encoder_level1.mhca_blks.0.transformer_layers.0.ffn.project_out,19.0,0.9212260926192568,14832
TCFTransformer.encoder_level1.mhca_blks.0.transformer_layers.0.ffn.project_out,20.0,0.9286540951157851,14832
TCFTransformer.encoder_level1.mhca_blks.0.transformer_layers.0.ffn.project_out,21.0,0.9355971825338233,14832
TCFTransformer.encoder_level1.mhca_blks.0.transformer_layers.0.ffn.project_out,22.0,0.9420584581969175,14832
TCFTransformer.encoder_level1.mhca_blks.0.transformer_layers.0.ffn.project_out,23.0,0.9480473148277854,14832
TCFTransformer.encoder_level1.mhca_blks.0.transformer_layers.0.ffn.project_out,24.0,0.9535750859651109,14832
TCFTransformer.encoder_level1.mhca_blks.0.transformer_layers.0.ffn.project_out,25.0,0.958655180696884,14832
TCFTransformer.encoder_level1.mhca_blks.0.transformer_layers.0.ffn.project_out,26.0,0.9633050798493746,14832
TCFTransformer.encoder_level1.mhca_blks.0.transformer_layers.0.ffn.project_out,27.0,0.967542683554988,14832
TCFTransformer.encoder_level1.mhca_blks.0.transformer_layers.0.ffn.project_out,28.0,0.9713903379856639,14832
TCFTransformer.encoder_level1.mhca_blks.0.transformer_layers.0.ffn.project_out,29.0,0.9748694836860269,14832
TCFTransformer.encoder_level1.mhca_blks.0.transformer_layers.0.ffn.project_out,30.0,0.9780038178907439,14832
TCFTransformer.encoder_level1.mhca_blks.0.transformer_layers.1.norm1,-10.0,0.8653947954280092,14832
TCFTransformer.encoder_level1.mhca_blks.0.transformer_layers.1.norm1,-9.0,0.8697331501723556,14832
TCFTransformer.encoder_level1.mhca_blks.0.transformer_layers.1.norm1,-8.0,0.8727133725493535,14832
TCFTransformer.encoder_level1.mhca_blks.0.transformer_layers.1.norm1,-7.0,0.8759256940789144,14832
TCFTransformer.encoder_level1.mhca_blks.0.transformer_layers.1.norm1,-6.0,0.8793711984186497,14832
TCFTransformer.encoder_level1.mhca_blks.0.transformer_layers.1.norm1,-5.0,0.8830450991210814,14832
TCFTransformer.encoder_level1.mhca_blks.0.transformer_layers.1.norm1,-4.0,0.8869386189160093,14832
TCFTransformer.encoder_level1.mhca_blks.0.transformer_layers.1.norm1,-3.0,0.8910409062297084,14832
TCFTransformer.encoder_level1.mhca_blks.0.transformer_layers.1.norm1,-2.0,0.8953345775435465,14832
TCFTransformer.encoder_level1.mhca_blks.0.transformer_layers.1.norm1,-1.0,0.8998005125257704,14832
TCFTransformer.encoder_level1.mhca_blks.0.transformer_layers.1.norm1,0.0,0.9044140812367234,14832
TCFTransformer.encoder_level1.mhca_blks.0.transformer_layers.1.norm1,1.0,0.9091488458176004,14832
TCFTransformer.encoder_level1.mhca_blks.0.transformer_layers.1.norm1,2.0,0.9139734143240553,14832
TCFTransformer.encoder_level1.mhca_blks.0.transformer_layers.1.norm1,3.0,0.9188566858626044,14832
TCFTransformer.encoder_level1.mhca_blks.0.transformer_layers.1.norm1,4.0,0.9237654283401648,14832
TCFTransformer.encoder_level1.mhca_blks.0.transformer_layers.1.norm1,5.0,0.928664076088766,14832
TCFTransformer.encoder_level1.mhca_blks.0.transformer_layers.1.norm1,6.0,0.933517565868369,14832
TCFTransformer.encoder_level1.mhca_blks.0.transformer_layers.1.norm1,7.0,0.9382918905406515,14832
TCFTransformer.encoder_level1.mhca_blks.0.transformer_layers.1.norm1,8.0,0.9429554868541747,14832
TCFTransformer.encoder_level1.mhca_blks.0.transformer_layers.1.norm1,9.0,0.947479613904943,14832
TCFTransformer.encoder_level1.mhca_blks.0.transformer_layers.1.norm1,10.0,0.9518396335673049,14832
TCFTransformer.encoder_level1.mhca_blks.0.transformer_layers.1.norm1,11.0,0.9560110815785655,14832
TCFTransformer.encoder_level1.mhca_blks.0.transformer_layers.1.norm1,12.0,0.9599763915794696,14832
TCFTransformer.encoder_level1.mhca_blks.0.transformer_layers.1.norm1,13.0,0.9637213687110037,14832
TCFTransformer.encoder_level1.mhca_blks.0.transformer_layers.1.norm1,14.0,0.9672357996939775,14832
TCFTransformer.encoder_level1.mhca_blks.0.transformer_layers.1.norm1,15.0,0.9705145263596323,14832
TCFTransformer.encoder_level1.mhca_blks.0.transformer_layers.1.norm1,16.0,0.9735570219310229,14832
TCFTransformer.encoder_level1.mhca_blks.0.transformer_layers.1.norm1,17.0,0.9763639021218786,14832
TCFTransformer.encoder_level1.mhca_blks.0.transformer_layers.1.norm1,18.0,0.9789402499401132,14832
TCFTransformer.encoder_level1.mhca_blks.0.transformer_layers.1.norm1,19.0,0.9812937337169756,14832
TCFTransformer.encoder_level1.mhca_blks.0.transformer_layers.1.norm1,20.0,0.9834336717497503,14832
TCFTransformer.encoder_level1.mhca_blks.0.transformer_layers.1.norm1,21.0,0.9853708823698751,14832
TCFTransformer.encoder_level1.mhca_blks.0.transformer_layers.1.norm1,22.0,0.9871175840271972,14832
TCFTransformer.encoder_level1.mhca_blks.0.transformer_layers.1.norm1,23.0,0.9886867547771434,14832
TCFTransformer.encoder_level1.mhca_blks.0.transformer_layers.1.norm1,24.0,0.990091576400698,14832
TCFTransformer.encoder_level1.mhca_blks.0.transformer_layers.1.norm1,25.0,0.9913449204992,14832
TCFTransformer.encoder_level1.mhca_blks.0.transformer_layers.1.norm1,26.0,0.992459563259136,14832
TCFTransformer.encoder_level1.mhca_blks.0.transformer_layers.1.norm1,27.0,0.9934481607977114,14832
TCFTransformer.encoder_level1.mhca_blks.0.transformer_layers.1.norm1,28.0,0.9943228572478444,14832
TCFTransformer.encoder_level1.mhca_blks.0.transformer_layers.1.norm1,29.0,0.9950945864490834,14832
TCFTransformer.encoder_level1.mhca_blks.0.transformer_layers.1.norm1,30.0,0.9957736041698255,14832
TCFTransformer.encoder_level1.mhca_blks.0.transformer_layers.1.norm2,-10.0,0.5235497945971876,14832
TCFTransformer.encoder_level1.mhca_blks.0.transformer_layers.1.norm2,-9.0,0.5317735324670011,14832
TCFTransformer.encoder_level1.mhca_blks.0.transformer_layers.1.norm2,-8.0,0.539189237987717,14832
TCFTransformer.encoder_level1.mhca_blks.0.transformer_layers.1.norm2,-7.0,0.5472857628104066,14832
TCFTransformer.encoder_level1.mhca_blks.0.transformer_layers.1.norm2,-6.0,0.5560860694451368,14832
TCFTransformer.encoder_level1.mhca_blks.0.transformer_layers.1.norm2,-5.0,0.5656012482584495,14832
TCFTransformer.encoder_level1.mhca_blks.0.transformer_layers.1.norm2,-4.0,0.5758380885919137,14832
TCFTransformer.encoder_level1.mhca_blks.0.transformer_layers.1.norm2,-3.0,0.5867957852744651,14832
TCFTransformer.encoder_level1.mhca_blks.0.transformer_layers.1.norm2,-2.0,0.5984578117579543,14832
TCFTransformer.encoder_level1.mhca_blks.0.transformer_layers.1.norm2,-1.0,0.6108083596338538,14832
TCFTransformer.encoder_level1.mhca_blks.0.transformer_layers.1.norm2,0.0,0.6238117652433847,14832
TCFTransformer.encoder_level1.mhca_blks.0.transformer_layers.1.norm2,1.0,0.6374310222901445,14832
TCFTransformer.encoder_level1.mhca_blks.0.transformer_layers.1.norm2,2.0,0.6516145092134786,14832
TCFTransformer.encoder_level1.mhca_blks.0.transformer_layers.1.norm2,3.0,0.6663111557052779,14832
TCFTransformer.encoder_level1.mhca_blks.0.transformer_layers.1.norm2,4.0,0.68145105562212,14832
TCFTransformer.encoder_level1.mhca_blks.0.transformer_layers.1.norm2,5.0,0.6969585221465737,14832
TCFTransformer.encoder_level1.mhca_blks.0.transformer_layers.1.norm2,6.0,0.712750789572755,14832
TCFTransformer.encoder_level1.mhca_blks.0.transformer_layers.1.norm2,7.0,0.7287387525775303,14832
TCFTransformer.encoder_level1.mhca_blks.0.transformer_layers.1.norm2,8.0,0.7448313071501986,14832
TCFTransformer.encoder_level1.mhca_blks.0.transformer_layers.1.norm2,9.0,0.760934337457198,14832
TCFTransformer.encoder_level1.mhca_blks.0.transformer_layers.1.norm2,10.0,0.7769490546318816,14832
TCFTransformer.encoder_level1.mhca_blks.0.transformer_layers.1.norm2,11.0,0.792775680671698,14832
TCFTransformer.encoder_level1.mhca_blks.0.transformer_layers.1.norm2,12.0,0.8083185449588196,14832
TCFTransformer.encoder_level1.mhca_blks.0.transformer_layers.1.norm2,13.0,0.8234861008843012,14832
TCFTransformer.encoder_level1.mhca_blks.0.transformer_layers.1.norm2,14.0,0.8381866672234017,14832
TCFTransformer.encoder_level1.mhca_blks.0.transformer_layers.1.norm2,15.0,0.8523401908170604,14832
TCFTransformer.encoder_level1.mhca_blks.0.transformer_layers.1.norm2,16.0,0.865881841477035,14832
TCFTransformer.encoder_level1.mhca_blks.0.transformer_layers.1.norm2,17.0,0.8787486460401468,14832
TCFTransformer.encoder_level1.mhca_blks.0.transformer_layers.1.norm2,18.0,0.8908910031883528,14832
TCFTransformer.encoder_level1.mhca_blks.0.transformer_layers.1.norm2,19.0,0.9022729971828873,14832
TCFTransformer.encoder_level1.mhca_blks.0.transformer_layers.1.norm2,20.0,0.9128663371947012,14832
TCFTransformer.encoder_level1.mhca_blks.0.transformer_layers.1.norm2,21.0,0.9226604662956159,14832
TCFTransformer.encoder_level1.mhca_blks.0.transformer_layers.1.norm2,22.0,0.9316559403475692,14832
TCFTransformer.encoder_level1.mhca_blks.0.transformer_layers.1.norm2,23.0,0.9398654531787964,14832
TCFTransformer.encoder_level1.mhca_blks.0.transformer_layers.1.norm2,24.0,0.9473076410141513,14832
TCFTransformer.encoder_level1.mhca_blks.0.transformer_layers.1.norm2,25.0,0.9540155993768504,14832
TCFTransformer.encoder_level1.mhca_blks.0.transformer_layers.1.norm2,26.0,0.9600298018420784,14832
TCFTransformer.encoder_level1.mhca_blks.0.transformer_layers.1.norm2,27.0,0.9653928652887976,14832
TCFTransformer.encoder_level1.mhca_blks.0.transformer_layers.1.norm2,28.0,0.9701541281288176,14832
TCFTransformer.encoder_level1.mhca_blks.0.transformer_layers.1.norm2,29.0,0.9743619148881693,14832
TCFTransformer.encoder_level1.mhca_blks.0.transformer_layers.1.norm2,30.0,0.9780637874170542,14832
TCFTransformer.encoder_level1.mhca_blks.0.transformer_layers.1.ffn.project_out,-10.0,0.7172764738340499,14832
TCFTransformer.encoder_level1.mhca_blks.0.transformer_layers.1.ffn.project_out,-9.0,0.721306332154953,14832
TCFTransformer.encoder_level1.mhca_blks.0.transformer_layers.1.ffn.project_out,-8.0,0.7251270973759563,14832
TCFTransformer.encoder_level1.mhca_blks.0.transformer_layers.1.ffn.project_out,-7.0,0.7292813032447585,14832
TCFTransformer.encoder_level1.mhca_blks.0.transformer_layers.1.ffn.project_out,-6.0,0.7337855461627212,14832
TCFTransformer.encoder_level1.mhca_blks.0.transformer_layers.1.ffn.project_out,-5.0,0.7386514840762111,14832
TCFTransformer.encoder_level1.mhca_blks.0.transformer_layers.1.ffn.project_out,-4.0,0.7438937120939311,14832
TCFTransformer.encoder_level1.mhca_blks.0.transformer_layers.1.ffn.project_out,-3.0,0.7495225698816738,14832
TCFTransformer.encoder_level1.mhca_blks.0.transformer_layers.1.ffn.project_out,-2.0,0.7555407753119802,14832
TCFTransformer.encoder_level1.mhca_blks.0.transformer_layers.1.ffn.project_out,-1.0,0.7619492696676536,14832
TCFTransformer.encoder_level1.mhca_blks.0.transformer_layers.1.ffn.project_out,0.0,0.7687516113504076,14832
TCFTransformer.encoder_level1.mhca_blks.0.transformer_layers.1.ffn.project_out,1.0,0.7759337461982505,14832
TCFTransformer.encoder_level1.mhca_blks.0.transformer_layers.1.ffn.project_out,2.0,0.7834836017649859,14832
TCFTransformer.encoder_level1.mhca_blks.0.transformer_layers.1.ffn.project_out,3.0,0.7913879070133614,14832
TCFTransformer.encoder_level1.mhca_blks.0.transformer_layers.1.ffn.project_out,4.0,0.7996190322649454,14832
TCFTransformer.encoder_level1.mhca_blks.0.transformer_layers.1.ffn.project_out,5.0,0.808147989456595,14832
TCFTransformer.encoder_level1.mhca_blks.0.transformer_layers.1.ffn.project_out,6.0,0.816938389456372,14832
TCFTransformer.encoder_level1.mhca_blks.0.transformer_layers.1.ffn.project_out,7.0,0.8259408539994957,14832
TCFTransformer.encoder_level1.mhca_blks.0.transformer_layers.1.ffn.project_out,8.0,0.8351061926931623,14832
TCFTransformer.encoder_level1.mhca_blks.0.transformer_layers.1.ffn.project_out,9.0,0.8443753243320519,14832
TCFTransformer.encoder_level1.mhca_blks.0.transformer_layers.1.ffn.project_out,10.0,0.8536846404603835,14832
TCFTransformer.encoder_level1.mhca_blks.0.transformer_layers.1.ffn.project_out,11.0,0.8629733058900251,14832
TCFTransformer.encoder_level1.mhca_blks.0.transformer_layers.1.ffn.project_out,12.0,0.8721787648751704,14832
TCFTransformer.encoder_level1.mhca_blks.0.transformer_layers.1.ffn.project_out,13.0,0.8812323033512282,14832
TCFTransformer.encoder_level1.mhca_blks.0.transformer_layers.1.ffn.project_out,14.0,0.8900759808092248,14832
TCFTransformer.encoder_level1.mhca_blks.0.transformer_layers.1.ffn.project_out,15.0,0.8986532813884488,14832
TCFTransformer.encoder_level1.mhca_blks.0.transformer_layers.1.ffn.project_out,16.0,0.9069228896021264,14832
TCFTransformer.encoder_level1.mhca_blks.0.transformer_layers.1.ffn.project_out,17.0,0.914838295072285,14832
TCFTransformer.encoder_level1.mhca_blks.0.transformer_layers.1.ffn.project_out,18.0,0.922369745203335,14832
TCFTransformer.encoder_level1.mhca_blks.0.transformer_layers.1.ffn.project_out,19.0,0.9294912946302978,14832
TCFTransformer.encoder_level1.mhca_blks.0.transformer_layers.1.ffn.project_out,20.0,0.9361955272405537,14832
TCFTransformer.encoder_level1.mhca_blks.0.transformer_layers.1.ffn.project_out,21.0,0.9424658159744455,14832
TCFTransformer.encoder_level1.mhca_blks.0.transformer_layers.1.ffn.project_out,22.0,0.9483038285805441,14832
TCFTransformer.encoder_level1.mhca_blks.0.transformer_layers.1.ffn.project_out,23.0,0.9537115595921344,14832
TCFTransformer.encoder_level1.mhca_blks.0.transformer_layers.1.ffn.project_out,24.0,0.9587014921475703,14832
TCFTransformer.encoder_level1.mhca_blks.0.transformer_layers.1.ffn.project_out,25.0,0.9632838806288141,14832
TCFTransformer.encoder_level1.mhca_blks.0.transformer_layers.1.ffn.project_out,26.0,0.9674707004054979,14832
TCFTransformer.encoder_level1.mhca_blks.0.transformer_layers.1.ffn.project_out,27.0,0.9712824389065224,14832
TCFTransformer.encoder_level1.mhca_blks.0.transformer_layers.1.ffn.project_out,28.0,0.9747403768225781,14832
TCFTransformer.encoder_level1.mhca_blks.0.transformer_layers.1.ffn.project_out,29.0,0.9778628384226283,14832
TCFTransformer.encoder_level1.mhca_blks.0.transformer_layers.1.ffn.project_out,30.0,0.9806716927641674,14832
TCFTransformer.encoder_level1.mhca_blks.0.transformer_layers.2.norm1,-10.0,0.6031777351550124,14832
TCFTransformer.encoder_level1.mhca_blks.0.transformer_layers.2.norm1,-9.0,0.6101667502907053,14832
TCFTransformer.encoder_level1.mhca_blks.0.transformer_layers.2.norm1,-8.0,0.6161343207846053,14832
TCFTransformer.encoder_level1.mhca_blks.0.transformer_layers.2.norm1,-7.0,0.6226448594444826,14832
TCFTransformer.encoder_level1.mhca_blks.0.transformer_layers.2.norm1,-6.0,0.6297178202587007,14832
TCFTransformer.encoder_level1.mhca_blks.0.transformer_layers.2.norm1,-5.0,0.6373627022814966,14832
TCFTransformer.encoder_level1.mhca_blks.0.transformer_layers.2.norm1,-4.0,0.6455861222613782,14832
TCFTransformer.encoder_level1.mhca_blks.0.transformer_layers.2.norm1,-3.0,0.6543891497042751,14832
TCFTransformer.encoder_level1.mhca_blks.0.transformer_layers.2.norm1,-2.0,0.6637589553332895,14832
TCFTransformer.encoder_level1.mhca_blks.0.transformer_layers.2.norm1,-1.0,0.6736833056296345,14832
TCFTransformer.encoder_level1.mhca_blks.0.transformer_layers.2.norm1,0.0,0.6841363831450349,14832
TCFTransformer.encoder_level1.mhca_blks.0.transformer_layers.2.norm1,1.0,0.6950877338854801,14832
TCFTransformer.encoder_level1.mhca_blks.0.transformer_layers.2.norm1,2.0,0.7064987148149211,14832
TCFTransformer.encoder_level1.mhca_blks.0.transformer_layers.2.norm1,3.0,0.7183281343797987,14832
TCFTransformer.encoder_level1.mhca_blks.0.transformer_layers.2.norm1,4.0,0.7305222239039896,14832
TCFTransformer.encoder_level1.mhca_blks.0.transformer_layers.2.norm1,5.0,0.7430222458864172,14832
TCFTransformer.encoder_level1.mhca_blks.0.transformer_layers.2.norm1,6.0,0.7557640356165403,14832
TCFTransformer.encoder_level1.mhca_blks.0.transformer_layers.2.norm1,7.0,0.7686769110055192,14832
TCFTransformer.encoder_level1.mhca_blks.0.transformer_layers.2.norm1,8.0,0.7816906370556116,14832
TCFTransformer.encoder_level1.mhca_blks.0.transformer_layers.2.norm1,9.0,0.7947315127782707,14832
TCFTransformer.encoder_level1.mhca_blks.0.transformer_layers.2.norm1,10.0,0.8077218526755304,14832
TCFTransformer.encoder_level1.mhca_blks.0.transformer_layers.2.norm1,11.0,0.820583792431471,14832
TCFTransformer.encoder_level1.mhca_blks.0.transformer_layers.2.norm1,12.0,0.8332431120185148,14832
TCFTransformer.encoder_level1.mhca_blks.0.transformer_layers.2.norm1,13.0,0.845627457048129,14832
TCFTransformer.encoder_level1.mhca_blks.0.transformer_layers.2.norm1,14.0,0.85766682021135,14832
TCFTransformer.encoder_level1.mhca_blks.0.transformer_layers.2.norm1,15.0,0.8692984570746091,14832
TCFTransformer.encoder_level1.mhca_blks.0.transformer_layers.2.norm1,16.0,0.8804728112242786,14832
TCFTransformer.encoder_level1.mhca_blks.0.transformer_layers.2.norm1,17.0,0.8911402899924636,14832
TCFTransformer.encoder_level1.mhca_blks.0.transformer_layers.2.norm1,18.0,0.9012625792747948,14832
TCFTransformer.encoder_level1.mhca_blks.0.transformer_layers.2.norm1,19.0,0.9108113579315403,14832
TCFTransformer.encoder_level1.mhca_blks.0.transformer_layers.2.norm1,20.0,0.9197646116409872,14832
TCFTransformer.encoder_level1.mhca_blks.0.transformer_layers.2.norm1,21.0,0.9281104735250483,14832
TCFTransformer.encoder_level1.mhca_blks.0.transformer_layers.2.norm1,22.0,0.935847234607804,14832
TCFTransformer.encoder_level1.mhca_blks.0.transformer_layers.2.norm1,23.0,0.9429800544484661,14832
TCFTransformer.encoder_level1.mhca_blks.0.transformer_layers.2.norm1,24.0,0.949518356436086,14832
TCFTransformer.encoder_level1.mhca_blks.0.transformer_layers.2.norm1,25.0,0.9554811086517707,14832
TCFTransformer.encoder_level1.mhca_blks.0.transformer_layers.2.norm1,26.0,0.9608927422163942,14832
TCFTransformer.encoder_level1.mhca_blks.0.transformer_layers.2.norm1,27.0,0.9657807060454076,14832
TCFTransformer.encoder_level1.mhca_blks.0.transformer_layers.2.norm1,28.0,0.9701770251092401,14832
TCFTransformer.encoder_level1.mhca_blks.0.transformer_layers.2.norm1,29.0,0.9741129944906718,14832
TCFTransformer.encoder_level1.mhca_blks.0.transformer_layers.2.norm1,30.0,0.9776216688231355,14832
TCFTransformer.encoder_level1.mhca_blks.0.transformer_layers.2.norm2,-10.0,0.5772273210434901,14832
TCFTransformer.encoder_level1.mhca_blks.0.transformer_layers.2.norm2,-9.0,0.584889089048186,14832
TCFTransformer.encoder_level1.mhca_blks.0.transformer_layers.2.norm2,-8.0,0.5917853060798335,14832
TCFTransformer.encoder_level1.mhca_blks.0.transformer_layers.2.norm2,-7.0,0.5992268167090519,14832
TCFTransformer.encoder_level1.mhca_blks.0.transformer_layers.2.norm2,-6.0,0.6072173340933271,14832
TCFTransformer.encoder_level1.mhca_blks.0.transformer_layers.2.norm2,-5.0,0.6157512862713526,14832
TCFTransformer.encoder_level1.mhca_blks.0.transformer_layers.2.norm2,-4.0,0.6248235102047683,14832
TCFTransformer.encoder_level1.mhca_blks.0.transformer_layers.2.norm2,-3.0,0.6344261264545038,14832
TCFTransformer.encoder_level1.mhca_blks.0.transformer_layers.2.norm2,-2.0,0.644541596266428,14832
TCFTransformer.encoder_level1.mhca_blks.0.transformer_layers.2.norm2,-1.0,0.6551582139053712,14832
TCFTransformer.encoder_level1.mhca_blks.0.transformer_layers.2.norm2,0.0,0.6662531696418712,14832
TCFTransformer.encoder_level1.mhca_blks.0.transformer_layers.2.norm2,1.0,0.6778037992487896,14832
TCFTransformer.encoder_level1.mhca_blks.0.transformer_layers.2.norm2,2.0,0.6897814835400644,14832
TCFTransformer.encoder_level1.mhca_blks.0.transformer_layers.2.norm2,3.0,0.7021568180438625,14832
TCFTransformer.encoder_level1.mhca_blks.0.transformer_layers.2.norm2,4.0,0.7148883004442758,14832
TCFTransformer.encoder_level1.mhca_blks.0.transformer_layers.2.norm2,5.0,0.7279289983998595,14832
TCFTransformer.encoder_level1.mhca_blks.0.transformer_layers.2.norm2,6.0,0.7412231073824301,14832
TCFTransformer.encoder_level1.mhca_blks.0.transformer_layers.2.norm2,7.0,0.7547064891131243,14832
TCFTransformer.encoder_level1.mhca_blks.0.transformer_layers.2.norm2,8.0,0.7683129753141855,14832
TCFTransformer.encoder_level1.mhca_blks.0.transformer_layers.2.norm2,9.0,0.7819700484578983,14832
TCFTransformer.encoder_level1.mhca_blks.0.transformer_layers.2.norm2,10.0,0.7955987871480862,14832
TCFTransformer.encoder_level1.mhca_blks.0.transformer_layers.2.norm2,11.0,0.8091196849833702,14832
TCFTransformer.encoder_level1.mhca_blks.0.transformer_layers.2.norm2,12.0,0.8224529462937817,14832
TCFTransformer.encoder_level1.mhca_blks.0.transformer_layers.2.norm2,13.0,0.8355214348185442,14832
TCFTransformer.encoder_level1.mhca_blks.0.transformer_layers.2.norm2,14.0,0.8482499147012846,14832
TCFTransformer.encoder_level1.mhca_blks.0.transformer_layers.2.norm2,15.0,0.8605702022249292,14832
TCFTransformer.encoder_level1.mhca_blks.0.transformer_layers.2.norm2,16.0,0.8724269811023819,14832
TCFTransformer.encoder_level1.mhca_blks.0.transformer_layers.2.norm2,17.0,0.8837640933318721,14832
TCFTransformer.encoder_level1.mhca_blks.0.transformer_layers.2.norm2,18.0,0.8945386133537484,14832
TCFTransformer.encoder_level1.mhca_blks.0.transformer_layers.2.norm2,19.0,0.9047167238848685,14832
TCFTransformer.encoder_level1.mhca_blks.0.transformer_layers.2.norm2,20.0,0.9142728161143125,14832
TCFTransformer.encoder_level1.mhca_blks.0.transformer_layers.2.norm2,21.0,0.9231904615862084,14832
TCFTransformer.encoder_level1.mhca_blks.0.transformer_layers.2.norm2,22.0,0.9314650672547189,14832
TCFTransformer.encoder_level1.mhca_blks.0.transformer_layers.2.norm2,23.0,0.9390998836546459,14832
TCFTransformer.encoder_level1.mhca_blks.0.transformer_layers.2.norm2,24.0,0.9461021697452089,14832
TCFTransformer.encoder_level1.mhca_blks.0.transformer_layers.2.norm2,25.0,0.9524902675136073,14832
TCFTransformer.encoder_level1.mhca_blks.0.transformer_layers.2.norm2,26.0,0.9582888066463229,14832
TCFTransformer.encoder_level1.mhca_blks.0.transformer_layers.2.norm2,27.0,0.963526269085424,14832
TCFTransformer.encoder_level1.mhca_blks.0.transformer_layers.2.norm2,28.0,0.9682361162202322,14832
TCFTransformer.encoder_level1.mhca_blks.0.transformer_layers.2.norm2,29.0,0.9724513870275138,14832
TCFTransformer.encoder_level1.mhca_blks.0.transformer_layers.2.norm2,30.0,0.9762072863686176,14832
TCFTransformer.encoder_level1.mhca_blks.0.transformer_layers.2.ffn.project_out,-10.0,0.593833876976657,14832
TCFTransformer.encoder_level1.mhca_blks.0.transformer_layers.2.ffn.project_out,-9.0,0.6058683351532204,14832
TCFTransformer.encoder_level1.mhca_blks.0.transformer_layers.2.ffn.project_out,-8.0,0.6178682743950457,14832
TCFTransformer.encoder_level1.mhca_blks.0.transformer_layers.2.ffn.project_out,-7.0,0.6302279308167043,14832
TCFTransformer.encoder_level1.mhca_blks.0.transformer_layers.2.ffn.project_out,-6.0,0.6428949569483583,14832
TCFTransformer.encoder_level1.mhca_blks.0.transformer_layers.2.ffn.project_out,-5.0,0.6558037249536174,14832
TCFTransformer.encoder_level1.mhca_blks.0.transformer_layers.2.ffn.project_out,-4.0,0.6688616802562288,14832
TCFTransformer.encoder_level1.mhca_blks.0.transformer_layers.2.ffn.project_out,-3.0,0.6819689893208951,14832
TCFTransformer.encoder_level1.mhca_blks.0.transformer_layers.2.ffn.project_out,-2.0,0.6950167993660272,14832
TCFTransformer.encoder_level1.mhca_blks.0.transformer_layers.2.ffn.project_out,-1.0,0.7079301586750385,14832
TCFTransformer.encoder_level1.mhca_blks.0.transformer_layers.2.ffn.project_out,0.0,0.7206542971699692,14832
TCFTransformer.encoder_level1.mhca_blks.0.transformer_layers.2.ffn.project_out,1.0,0.7331715576278353,14832
TCFTransformer.encoder_level1.mhca_blks.0.transformer_layers.2.ffn.project_out,2.0,0.745478591796296,14832
TCFTransformer.encoder_level1.mhca_blks.0.transformer_layers.2.ffn.project_out,3.0,0.7575909990873568,14832
TCFTransformer.encoder_level1.mhca_blks.0.transformer_layers.2.ffn.project_out,4.0,0.7695110352105082,14832
TCFTransformer.encoder_level1.mhca_blks.0.transformer_layers.2.ffn.project_out,5.0,0.7812521944089744,14832
TCFTransformer.encoder_level1.mhca_blks.0.transformer_layers.2.ffn.project_out,6.0,0.7928213387759887,14832
TCFTransformer.encoder_level1.mhca_blks.0.transformer_layers.2.ffn.project_out,7.0,0.8042035113051614,14832
TCFTransformer.encoder_level1.mhca_blks.0.transformer_layers.2.ffn.project_out,8.0,0.8153895909627729,14832
TCFTransformer.encoder_level1.mhca_blks.0.transformer_layers.2.ffn.project_out,9.0,0.8263541445891576,14832
TCFTransformer.encoder_level1.mhca_blks.0.transformer_layers.2.ffn.project_out,10.0,0.8370772545238979,14832
TCFTransformer.encoder_level1.mhca_blks.0.transformer_layers.2.ffn.project_out,11.0,0.8475255707144222,14832
TCFTransformer.encoder_level1.mhca_blks.0.transformer_layers.2.ffn.project_out,12.0,0.8576673646723728,14832
TCFTransformer.encoder_level1.mhca_blks.0.transformer_layers.2.ffn.project_out,13.0,0.8674713019723678,14832
TCFTransformer.encoder_level1.mhca_blks.0.transformer_layers.2.ffn.project_out,14.0,0.87691602983513,14832
TCFTransformer.encoder_level1.mhca_blks.0.transformer_layers.2.ffn.project_out,15.0,0.8859775689527987,14832
TCFTransformer.encoder_level1.mhca_blks.0.transformer_layers.2.ffn.project_out,16.0,0.8946414183596192,14832
TCFTransformer.encoder_level1.mhca_blks.0.transformer_layers.2.ffn.project_out,17.0,0.9028895354258074,14832
TCFTransformer.encoder_level1.mhca_blks.0.transformer_layers.2.ffn.project_out,18.0,0.9107138521511193,14832
TCFTransformer.encoder_level1.mhca_blks.0.transformer_layers.2.ffn.project_out,19.0,0.9181108387808004,14832
TCFTransformer.encoder_level1.mhca_blks.0.transformer_layers.2.ffn.project_out,20.0,0.9250765091256352,14832
TCFTransformer.encoder_level1.mhca_blks.0.transformer_layers.2.ffn.project_out,21.0,0.931613351655431,14832
TCFTransformer.encoder_level1.mhca_blks.0.transformer_layers.2.ffn.project_out,22.0,0.9377288741080698,14832
TCFTransformer.encoder_level1.mhca_blks.0.transformer_layers.2.ffn.project_out,23.0,0.9434318852680208,14832
TCFTransformer.encoder_level1.mhca_blks.0.transformer_layers.2.ffn.project_out,24.0,0.9487351149907328,14832
TCFTransformer.encoder_level1.mhca_blks.0.transformer_layers.2.ffn.project_out,25.0,0.9536549788261759,14832
TCFTransformer.encoder_level1.mhca_blks.0.transformer_layers.2.ffn.project_out,26.0,0.9582048719015448,14832
TCFTransformer.encoder_level1.mhca_blks.0.transformer_layers.2.ffn.project_out,27.0,0.9624039937964086,14832
TCFTransformer.encoder_level1.mhca_blks.0.transformer_layers.2.ffn.project_out,28.0,0.9662711656940728,14832
TCFTransformer.encoder_level1.mhca_blks.0.transformer_layers.2.ffn.project_out,29.0,0.96982446972767,14832
TCFTransformer.encoder_level1.mhca_blks.0.transformer_layers.2.ffn.project_out,30.0,0.9730796399239967,14832
TCFTransformer.encoder_level1.mhca_blks.0.transformer_layers.3.norm1,-10.0,0.5465165917875151,14832
TCFTransformer.encoder_level1.mhca_blks.0.transformer_layers.3.norm1,-9.0,0.5532967627471456,14832
TCFTransformer.encoder_level1.mhca_blks.0.transformer_layers.3.norm1,-8.0,0.5596232718442484,14832
TCFTransformer.encoder_level1.mhca_blks.0.transformer_layers.3.norm1,-7.0,0.5665103645192533,14832
TCFTransformer.encoder_level1.mhca_blks.0.transformer_layers.3.norm1,-6.0,0.5739768807014738,14832
TCFTransformer.encoder_level1.mhca_blks.0.transformer_layers.3.norm1,-5.0,0.5820314165540321,14832
TCFTransformer.encoder_level1.mhca_blks.0.transformer_layers.3.norm1,-4.0,0.5906825901733505,14832
TCFTransformer.encoder_level1.mhca_blks.0.transformer_layers.3.norm1,-3.0,0.5999365021236555,14832
TCFTransformer.encoder_level1.mhca_blks.0.transformer_layers.3.norm1,-2.0,0.6097866538630751,14832
TCFTransformer.encoder_level1.mhca_blks.0.transformer_layers.3.norm1,-1.0,0.6202297846062315,14832
TCFTransformer.encoder_level1.mhca_blks.0.transformer_layers.3.norm1,0.0,0.631251035690179,14832
TCFTransformer.encoder_level1.mhca_blks.0.transformer_layers.3.norm1,1.0,0.6428312686208673,14832
TCFTransformer.encoder_level1.mhca_blks.0.transformer_layers.3.norm1,2.0,0.654944317309867,14832
TCFTransformer.encoder_level1.mhca_blks.0.transformer_layers.3.norm1,3.0,0.6675607519819047,14832
TCFTransformer.encoder_level1.mhca_blks.0.transformer_layers.3.norm1,4.0,0.6806395316904384,14832
TCFTransformer.encoder_level1.mhca_blks.0.transformer_layers.3.norm1,5.0,0.6941305945337044,14832
TCFTransformer.encoder_level1.mhca_blks.0.transformer_layers.3.norm1,6.0,0.7079756375102823,14832
TCFTransformer.encoder_level1.mhca_blks.0.transformer_layers.3.norm1,7.0,0.7221066597919457,14832
TCFTransformer.encoder_level1.mhca_blks.0.transformer_layers.3.norm1,8.0,0.7364540246225885,14832
TCFTransformer.encoder_level1.mhca_blks.0.transformer_layers.3.norm1,9.0,0.7509401112055444,14832
TCFTransformer.encoder_level1.mhca_blks.0.transformer_layers.3.norm1,10.0,0.7654807074166263,14832
TCFTransformer.encoder_level1.mhca_blks.0.transformer_layers.3.norm1,11.0,0.7799887904051405,14832
TCFTransformer.encoder_level1.mhca_blks.0.transformer_layers.3.norm1,12.0,0.7943786173263222,14832
TCFTransformer.encoder_level1.mhca_blks.0.transformer_layers.3.norm1,13.0,0.8085640862708692,14832
TCFTransformer.encoder_level1.mhca_blks.0.transformer_layers.3.norm1,14.0,0.8224632134530473,14832
TCFTransformer.encoder_level1.mhca_blks.0.transformer_layers.3.norm1,15.0,0.8359992402066209,14832
TCFTransformer.encoder_level1.mhca_blks.0.transformer_layers.3.norm1,16.0,0.849106508440779,14832
TCFTransformer.encoder_level1.mhca_blks.0.transformer_layers.3.norm1,17.0,0.8617200382262823,14832
TCFTransformer.encoder_level1.mhca_blks.0.transformer_layers.3.norm1,18.0,0.8737864725657426,14832
TCFTransformer.encoder_level1.mhca_blks.0.transformer_layers.3.norm1,19.0,0.8852621388562353,14832
TCFTransformer.encoder_level1.mhca_blks.0.transformer_layers.3.norm1,20.0,0.896112218575538,14832
TCFTransformer.encoder_level1.mhca_blks.0.transformer_layers.3.norm1,21.0,0.9063100113644956,14832
TCFTransformer.encoder_level1.mhca_blks.0.transformer_layers.3.norm1,22.0,0.9158431024862274,14832
TCFTransformer.encoder_level1.mhca_blks.0.transformer_layers.3.norm1,23.0,0.9247062255697729,14832
TCFTransformer.encoder_level1.mhca_blks.0.transformer_layers.3.norm1,24.0,0.9328993527417624,14832
TCFTransformer.encoder_level1.mhca_blks.0.transformer_layers.3.norm1,25.0,0.9404340198237404,14832
TCFTransformer.encoder_level1.mhca_blks.0.transformer_layers.3.norm1,26.0,0.9473288261412998,14832
TCFTransformer.encoder_level1.mhca_blks.0.transformer_layers.3.norm1,27.0,0.9536082102658937,14832
TCFTransformer.encoder_level1.mhca_blks.0.transformer_layers.3.norm1,28.0,0.959302471253414,14832
TCFTransformer.encoder_level1.mhca_blks.0.transformer_layers.3.norm1,29.0,0.9644411869684661,14832
TCFTransformer.encoder_level1.mhca_blks.0.transformer_layers.3.norm1,30.0,0.9690584345221391,14832
TCFTransformer.encoder_level1.mhca_blks.0.transformer_layers.3.norm2,-10.0,0.5245929827929717,14832
TCFTransformer.encoder_level1.mhca_blks.0.transformer_layers.3.norm2,-9.0,0.531613243338898,14832
TCFTransformer.encoder_level1.mhca_blks.0.transformer_layers.3.norm2,-8.0,0.5376289723267198,14832
TCFTransformer.encoder_level1.mhca_blks.0.transformer_layers.3.norm2,-7.0,0.5441994267639411,14832
TCFTransformer.encoder_level1.mhca_blks.0.transformer_layers.3.norm2,-6.0,0.5513504664835589,14832
TCFTransformer.encoder_level1.mhca_blks.0.transformer_layers.3.norm2,-5.0,0.5590991841603026,14832
TCFTransformer.encoder_level1.mhca_blks.0.transformer_layers.3.norm2,-4.0,0.567460416822203,14832
TCFTransformer.encoder_level1.mhca_blks.0.transformer_layers.3.norm2,-3.0,0.5764465973568836,14832
TCFTransformer.encoder_level1.mhca_blks.0.transformer_layers.3.norm2,-2.0,0.5860556261312566,14832
TCFTransformer.encoder_level1.mhca_blks.0.transformer_layers.3.norm2,-1.0,0.5962875925412375,14832
TCFTransformer.encoder_level1.mhca_blks.0.transformer_layers.3.norm2,0.0,0.6071314094728815,14832
TCFTransformer.encoder_level1.mhca_blks.0.transformer_layers.3.norm2,1.0,0.61857155878137,14832
TCFTransformer.encoder_level1.mhca_blks.0.transformer_layers.3.norm2,2.0,0.6305850489645747,14832
TCFTransformer.encoder_level1.mhca_blks.0.transformer_layers.3.norm2,3.0,0.6431466900093528,14832
TCFTransformer.encoder_level1.mhca_blks.0.transformer_layers.3.norm2,4.0,0.6562196602020111,14832
TCFTransformer.encoder_level1.mhca_blks.0.transformer_layers.3.norm2,5.0,0.6697581493202295,14832
TCFTransformer.encoder_level1.mhca_blks.0.transformer_layers.3.norm2,6.0,0.6837086492944449,14832
TCFTransformer.encoder_level1.mhca_blks.0.transformer_layers.3.norm2,7.0,0.6980075966687359,14832
TCFTransformer.encoder_level1.mhca_blks.0.transformer_layers.3.norm2,8.0,0.7125893904482936,14832
TCFTransformer.encoder_level1.mhca_blks.0.transformer_layers.3.norm2,9.0,0.7273810154355524,14832
TCFTransformer.encoder_level1.mhca_blks.0.transformer_layers.3.norm2,10.0,0.7422995877099557,14832
TCFTransformer.encoder_level1.mhca_blks.0.transformer_layers.3.norm2,11.0,0.7572606077504133,14832
TCFTransformer.encoder_level1.mhca_blks.0.transformer_layers.3.norm2,12.0,0.7721770973544579,14832
TCFTransformer.encoder_level1.mhca_blks.0.transformer_layers.3.norm2,13.0,0.7869619146801186,14832
TCFTransformer.encoder_level1.mhca_blks.0.transformer_layers.3.norm2,14.0,0.801529381414142,14832
TCFTransformer.encoder_level1.mhca_blks.0.transformer_layers.3.norm2,15.0,0.81579924973397,14832
TCFTransformer.encoder_level1.mhca_blks.0.transformer_layers.3.norm2,16.0,0.8297006474323612,14832
TCFTransformer.encoder_level1.mhca_blks.0.transformer_layers.3.norm2,17.0,0.8431621250568888,14832
TCFTransformer.encoder_level1.mhca_blks.0.transformer_layers.3.norm2,18.0,0.8561226438807307,14832
TCFTransformer.encoder_level1.mhca_blks.0.transformer_layers.3.norm2,19.0,0.8685311812067558,14832
TCFTransformer.encoder_level1.mhca_blks.0.transformer_layers.3.norm2,20.0,0.8803423467517187,14832
TCFTransformer.encoder_level1.mhca_blks.0.transformer_layers.3.norm2,21.0,0.8915213103272512,14832
TCFTransformer.encoder_level1.mhca_blks.0.transformer_layers.3.norm2,22.0,0.9020467613860885,14832
TCFTransformer.encoder_level1.mhca_blks.0.transformer_layers.3.norm2,23.0,0.9119020749522451,14832
TCFTransformer.encoder_level1.mhca_blks.0.transformer_layers.3.norm2,24.0,0.9210778138969,14832
TCFTransformer.encoder_level1.mhca_blks.0.transformer_layers.3.norm2,25.0,0.9295774419965803,14832
TCFTransformer.encoder_level1.mhca_blks.0.transformer_layers.3.norm2,26.0,0.9374106187120224,14832
TCFTransformer.encoder_level1.mhca_blks.0.transformer_layers.3.norm2,27.0,0.94459506807027,14832
TCFTransformer.encoder_level1.mhca_blks.0.transformer_layers.3.norm2,28.0,0.9511555691753004,14832
TCFTransformer.encoder_level1.mhca_blks.0.transformer_layers.3.norm2,29.0,0.9571159491807771,14832
TCFTransformer.encoder_level1.mhca_blks.0.transformer_layers.3.norm2,30.0,0.9625068385085691,14832
TCFTransformer.encoder_level1.mhca_blks.0.transformer_layers.3.ffn.project_out,-10.0,0.6752356792877489,14832
TCFTransformer.encoder_level1.mhca_blks.0.transformer_layers.3.ffn.project_out,-9.0,0.6920379300540496,14832
TCFTransformer.encoder_level1.mhca_blks.0.transformer_layers.3.ffn.project_out,-8.0,0.7042606166998948,14832
TCFTransformer.encoder_level1.mhca_blks.0.transformer_layers.3.ffn.project_out,-7.0,0.7166760771323353,14832
TCFTransformer.encoder_level1.mhca_blks.0.transformer_layers.3.ffn.project_out,-6.0,0.7292405466479777,14832
TCFTransformer.encoder_level1.mhca_blks.0.transformer_layers.3.ffn.project_out,-5.0,0.7419029937086559,14832
TCFTransformer.encoder_level1.mhca_blks.0.transformer_layers.3.ffn.project_out,-4.0,0.7546216514275009,14832
TCFTransformer.encoder_level1.mhca_blks.0.transformer_layers.3.ffn.project_out,-3.0,0.7673524586863598,14832
TCFTransformer.encoder_level1.mhca_blks.0.transformer_layers.3.ffn.project_out,-2.0,0.7800310575991002,14832
TCFTransformer.encoder_level1.mhca_blks.0.transformer_layers.3.ffn.project_out,-1.0,0.7925748826057811,14832
TCFTransformer.encoder_level1.mhca_blks.0.transformer_layers.3.ffn.project_out,0.0,0.8048854439128531,14832
TCFTransformer.encoder_level1.mhca_blks.0.transformer_layers.3.ffn.project_out,1.0,0.8168760815850322,14832
TCFTransformer.encoder_level1.mhca_blks.0.transformer_layers.3.ffn.project_out,2.0,0.8284661811681017,14832
TCFTransformer.encoder_level1.mhca_blks.0.transformer_layers.3.ffn.project_out,3.0,0.8395902861588851,14832
TCFTransformer.encoder_level1.mhca_blks.0.transformer_layers.3.ffn.project_out,4.0,0.8501978222172238,14832
TCFTransformer.encoder_level1.mhca_blks.0.transformer_layers.3.ffn.project_out,5.0,0.860263285507421,14832
TCFTransformer.encoder_level1.mhca_blks.0.transformer_layers.3.ffn.project_out,6.0,0.86977648673561,14832
TCFTransformer.encoder_level1.mhca_blks.0.transformer_layers.3.ffn.project_out,7.0,0.8787375900154969,14832
TCFTransformer.encoder_level1.mhca_blks.0.transformer_layers.3.ffn.project_out,8.0,0.8871707212372795,14832
TCFTransformer.encoder_level1.mhca_blks.0.transformer_layers.3.ffn.project_out,9.0,0.8951003177246197,14832
TCFTransformer.encoder_level1.mhca_blks.0.transformer_layers.3.ffn.project_out,10.0,0.9025527892861326,14832
TCFTransformer.encoder_level1.mhca_blks.0.transformer_layers.3.ffn.project_out,11.0,0.9095581444291783,14832
TCFTransformer.encoder_level1.mhca_blks.0.transformer_layers.3.ffn.project_out,12.0,0.9161482241503021,14832
TCFTransformer.encoder_level1.mhca_blks.0.transformer_layers.3.ffn.project_out,13.0,0.9223472013981147,14832
TCFTransformer.encoder_level1.mhca_blks.0.transformer_layers.3.ffn.project_out,14.0,0.9281800456280784,14832
TCFTransformer.encoder_level1.mhca_blks.0.transformer_layers.3.ffn.project_out,15.0,0.9336672687909073,14832
TCFTransformer.encoder_level1.mhca_blks.0.transformer_layers.3.ffn.project_out,16.0,0.9388288174371086,14832
TCFTransformer.encoder_level1.mhca_blks.0.transformer_layers.3.ffn.project_out,17.0,0.9436797308067449,14832
TCFTransformer.encoder_level1.mhca_blks.0.transformer_layers.3.ffn.project_out,18.0,0.9482371378991401,14832
TCFTransformer.encoder_level1.mhca_blks.0.transformer_layers.3.ffn.project_out,19.0,0.9525164213783017,14832
TCFTransformer.encoder_level1.mhca_blks.0.transformer_layers.3.ffn.project_out,20.0,0.9565306108047084,14832
TCFTransformer.encoder_level1.mhca_blks.0.transformer_layers.3.ffn.project_out,21.0,0.9602895075135824,14832
TCFTransformer.encoder_level1.mhca_blks.0.transformer_layers.3.ffn.project_out,22.0,0.963807960777285,14832
TCFTransformer.encoder_level1.mhca_blks.0.transformer_layers.3.ffn.project_out,23.0,0.967093028933887,14832
TCFTransformer.encoder_level1.mhca_blks.0.transformer_layers.3.ffn.project_out,24.0,0.9701543499724666,14832
TCFTransformer.encoder_level1.mhca_blks.0.transformer_layers.3.ffn.project_out,25.0,0.9729996942236875,14832
TCFTransformer.encoder_level1.mhca_blks.0.transformer_layers.3.ffn.project_out,26.0,0.9756391824573727,14832
TCFTransformer.encoder_level1.mhca_blks.0.transformer_layers.3.ffn.project_out,27.0,0.9780834494048113,14832
TCFTransformer.encoder_level1.mhca_blks.0.transformer_layers.3.ffn.project_out,28.0,0.9803417133490888,14832
TCFTransformer.encoder_level1.mhca_blks.0.transformer_layers.3.ffn.project_out,29.0,0.9824208368576398,14832
TCFTransformer.encoder_level1.mhca_blks.0.transformer_layers.3.ffn.project_out,30.0,0.9843296352593067,14832
TCFTransformer.encoder_level2.mhca_blks.0.transformer_layers.0.norm1,-10.0,0.6836164053489315,14832
TCFTransformer.encoder_level2.mhca_blks.0.transformer_layers.0.norm1,-9.0,0.6896285077259587,14832
TCFTransformer.encoder_level2.mhca_blks.0.transformer_layers.0.norm1,-8.0,0.6971987121715386,14832
TCFTransformer.encoder_level2.mhca_blks.0.transformer_layers.0.norm1,-7.0,0.705149154161719,14832
TCFTransformer.encoder_level2.mhca_blks.0.transformer_layers.0.norm1,-6.0,0.7134560195281057,14832
TCFTransformer.encoder_level2.mhca_blks.0.transformer_layers.0.norm1,-5.0,0.7220986309012213,14832
TCFTransformer.encoder_level2.mhca_blks.0.transformer_layers.0.norm1,-4.0,0.7310543901908906,14832
TCFTransformer.encoder_level2.mhca_blks.0.transformer_layers.0.norm1,-3.0,0.7402957937295397,14832
TCFTransformer.encoder_level2.mhca_blks.0.transformer_layers.0.norm1,-2.0,0.7497948335981984,14832
TCFTransformer.encoder_level2.mhca_blks.0.transformer_layers.0.norm1,-1.0,0.7595231052480051,14832
TCFTransformer.encoder_level2.mhca_blks.0.transformer_layers.0.norm1,0.0,0.7694546888093137,14832
TCFTransformer.encoder_level2.mhca_blks.0.transformer_layers.0.norm1,1.0,0.7795560126461114,14832
TCFTransformer.encoder_level2.mhca_blks.0.transformer_layers.0.norm1,2.0,0.7897984835900922,14832
TCFTransformer.encoder_level2.mhca_blks.0.transformer_layers.0.norm1,3.0,0.800151758801148,14832
TCFTransformer.encoder_level2.mhca_blks.0.transformer_layers.0.norm1,4.0,0.810573939401797,14832
TCFTransformer.encoder_level2.mhca_blks.0.transformer_layers.0.norm1,5.0,0.8210255962564432,14832
TCFTransformer.encoder_level2.mhca_blks.0.transformer_layers.0.norm1,6.0,0.8314665997362704,14832
TCFTransformer.encoder_level2.mhca_blks.0.transformer_layers.0.norm1,7.0,0.8418467268568768,14832
TCFTransformer.encoder_level2.mhca_blks.0.transformer_layers.0.norm1,8.0,0.8521211929478659,14832
TCFTransformer.encoder_level2.mhca_blks.0.transformer_layers.0.norm1,9.0,0.8622442453360224,14832
TCFTransformer.encoder_level2.mhca_blks.0.transformer_layers.0.norm1,10.0,0.8721641993095864,14832
TCFTransformer.encoder_level2.mhca_blks.0.transformer_layers.0.norm1,11.0,0.8818319944791426,14832
TCFTransformer.encoder_level2.mhca_blks.0.transformer_layers.0.norm1,12.0,0.8912015024194857,14832
TCFTransformer.encoder_level2.mhca_blks.0.transformer_layers.0.norm1,13.0,0.9002244324556992,14832
TCFTransformer.encoder_level2.mhca_blks.0.transformer_layers.0.norm1,14.0,0.9088623229566932,14832
TCFTransformer.encoder_level2.mhca_blks.0.transformer_layers.0.norm1,15.0,0.917078748313226,14832
TCFTransformer.encoder_level2.mhca_blks.0.transformer_layers.0.norm1,16.0,0.9248510457941018,14832
TCFTransformer.encoder_level2.mhca_blks.0.transformer_layers.0.norm1,17.0,0.9321578566222064,14832
TCFTransformer.encoder_level2.mhca_blks.0.transformer_layers.0.norm1,18.0,0.9389874198290138,14832
TCFTransformer.encoder_level2.mhca_blks.0.transformer_layers.0.norm1,19.0,0.9453327707994524,14832
TCFTransformer.encoder_level2.mhca_blks.0.transformer_layers.0.norm1,20.0,0.9511961055861258,14832
TCFTransformer.encoder_level2.mhca_blks.0.transformer_layers.0.norm1,21.0,0.956584167032791,14832
TCFTransformer.encoder_level2.mhca_blks.0.transformer_layers.0.norm1,22.0,0.9615117130196273,14832
TCFTransformer.encoder_level2.mhca_blks.0.transformer_layers.0.norm1,23.0,0.9659945446527699,14832
TCFTransformer.encoder_level2.mhca_blks.0.transformer_layers.0.norm1,24.0,0.9700534704514049,14832
TCFTransformer.encoder_level2.mhca_blks.0.transformer_layers.0.norm1,25.0,0.9737120104597996,14832
TCFTransformer.encoder_level2.mhca_blks.0.transformer_layers.0.norm1,26.0,0.9769964348826208,14832
TCFTransformer.encoder_level2.mhca_blks.0.transformer_layers.0.norm1,27.0,0.9799339289032525,14832
TCFTransformer.encoder_level2.mhca_blks.0.transformer_layers.0.norm1,28.0,0.9825522414415657,14832
TCFTransformer.encoder_level2.mhca_blks.0.transformer_layers.0.norm1,29.0,0.984876975059477,14832
TCFTransformer.encoder_level2.mhca_blks.0.transformer_layers.0.norm1,30.0,0.9869349597678987,14832
TCFTransformer.encoder_level2.mhca_blks.0.transformer_layers.0.norm2,-10.0,0.6586974385348194,14832
TCFTransformer.encoder_level2.mhca_blks.0.transformer_layers.0.norm2,-9.0,0.6655932727501905,14832
TCFTransformer.encoder_level2.mhca_blks.0.transformer_layers.0.norm2,-8.0,0.673144103994366,14832
TCFTransformer.encoder_level2.mhca_blks.0.transformer_layers.0.norm2,-7.0,0.6810775479932738,14832
TCFTransformer.encoder_level2.mhca_blks.0.transformer_layers.0.norm2,-6.0,0.6893774607111303,14832
TCFTransformer.encoder_level2.mhca_blks.0.transformer_layers.0.norm2,-5.0,0.6980315378626974,14832
TCFTransformer.encoder_level2.mhca_blks.0.transformer_layers.0.norm2,-4.0,0.7070237826214383,14832
TCFTransformer.encoder_level2.mhca_blks.0.transformer_layers.0.norm2,-3.0,0.7163321514409979,14832
TCFTransformer.encoder_level2.mhca_blks.0.transformer_layers.0.norm2,-2.0,0.7259355351417259,14832
TCFTransformer.encoder_level2.mhca_blks.0.transformer_layers.0.norm2,-1.0,0.7358079758636502,14832
TCFTransformer.encoder_level2.mhca_blks.0.transformer_layers.0.norm2,0.0,0.7459246145949138,14832
TCFTransformer.encoder_level2.mhca_blks.0.transformer_layers.0.norm2,1.0,0.7562517638437796,14832
TCFTransformer.encoder_level2.mhca_blks.0.transformer_layers.0.norm2,2.0,0.766759376771981,14832
TCFTransformer.encoder_level2.mhca_blks.0.transformer_layers.0.norm2,3.0,0.7774142941164643,14832
TCFTransformer.encoder_level2.mhca_blks.0.transformer_layers.0.norm2,4.0,0.7881721984012355,14832
TCFTransformer.encoder_level2.mhca_blks.0.transformer_layers.0.norm2,5.0,0.7989906716906942,14832
TCFTransformer.encoder_level2.mhca_blks.0.transformer_layers.0.norm2,6.0,0.8098272905135455,14832
TCFTransformer.encoder_level2.mhca_blks.0.transformer_layers.0.norm2,7.0,0.820630114700368,14832
TCFTransformer.encoder_level2.mhca_blks.0.transformer_layers.0.norm2,8.0,0.8313527682448507,14832
TCFTransformer.encoder_level2.mhca_blks.0.transformer_layers.0.norm2,9.0,0.841948249595322,14832
TCFTransformer.encoder_level2.mhca_blks.0.transformer_layers.0.norm2,10.0,0.852363481163223,14832
TCFTransformer.encoder_level2.mhca_blks.0.transformer_layers.0.norm2,11.0,0.8625497217043961,14832
TCFTransformer.encoder_level2.mhca_blks.0.transformer_layers.0.norm2,12.0,0.8724612336658029,14832
TCFTransformer.encoder_level2.mhca_blks.0.transformer_layers.0.norm2,13.0,0.8820494657468771,14832
TCFTransformer.encoder_level2.mhca_blks.0.transformer_layers.0.norm2,14.0,0.8912747383013193,14832
TCFTransformer.encoder_level2.mhca_blks.0.transformer_layers.0.norm2,15.0,0.900100580925984,14832
TCFTransformer.encoder_level2.mhca_blks.0.transformer_layers.0.norm2,16.0,0.9085011576074292,14832
TCFTransformer.encoder_level2.mhca_blks.0.transformer_layers.0.norm2,17.0,0.9164534934033853,14832
TCFTransformer.encoder_level2.mhca_blks.0.transformer_layers.0.norm2,18.0,0.9239418050987565,14832
TCFTransformer.encoder_level2.mhca_blks.0.transformer_layers.0.norm2,19.0,0.9309562501952678,14832
TCFTransformer.encoder_level2.mhca_blks.0.transformer_layers.0.norm2,20.0,0.9374959867331073,14832
TCFTransformer.encoder_level2.mhca_blks.0.transformer_layers.0.norm2,21.0,0.9435641859912243,14832
TCFTransformer.encoder_level2.mhca_blks.0.transformer_layers.0.norm2,22.0,0.9491725692318546,14832
TCFTransformer.encoder_level2.mhca_blks.0.transformer_layers.0.norm2,23.0,0.9543336996006926,14832
TCFTransformer.encoder_level2.mhca_blks.0.transformer_layers.0.norm2,24.0,0.9590640144167464,14832
TCFTransformer.encoder_level2.mhca_blks.0.transformer_layers.0.norm2,25.0,0.9633848883870672,14832
TCFTransformer.encoder_level2.mhca_blks.0.transformer_layers.0.norm2,26.0,0.9673198477647387,14832
TCFTransformer.encoder_level2.mhca_blks.0.transformer_layers.0.norm2,27.0,0.9708936135078646,14832
TCFTransformer.encoder_level2.mhca_blks.0.transformer_layers.0.norm2,28.0,0.974131321661102,14832
TCFTransformer.encoder_level2.mhca_blks.0.transformer_layers.0.norm2,29.0,0.9770563755349175,14832
TCFTransformer.encoder_level2.mhca_blks.0.transformer_layers.0.norm2,30.0,0.9796954184216011,14832
TCFTransformer.encoder_level2.mhca_blks.0.transformer_layers.0.ffn.project_out,-10.0,0.3760801471906443,14832
TCFTransformer.encoder_level2.mhca_blks.0.transformer_layers.0.ffn.project_out,-9.0,0.38413592731628365,14832
TCFTransformer.encoder_level2.mhca_blks.0.transformer_layers.0.ffn.project_out,-8.0,0.3895754708824106,14832
TCFTransformer.encoder_level2.mhca_blks.0.transformer_layers.0.ffn.project_out,-7.0,0.3955589306551838,14832
TCFTransformer.encoder_level2.mhca_blks.0.transformer_layers.0.ffn.project_out,-6.0,0.4021560068889255,14832
TCFTransformer.encoder_level2.mhca_blks.0.transformer_layers.0.ffn.project_out,-5.0,0.4094393870420553,14832
TCFTransformer.encoder_level2.mhca_blks.0.transformer_layers.0.ffn.project_out,-4.0,0.41747913388796587,14832
TCFTransformer.encoder_level2.mhca_blks.0.transformer_layers.0.ffn.project_out,-3.0,0.4263280766097851,14832
TCFTransformer.encoder_level2.mhca_blks.0.transformer_layers.0.ffn.project_out,-2.0,0.4360385161559293,14832
TCFTransformer.encoder_level2.mhca_blks.0.transformer_layers.0.ffn.project_out,-1.0,0.4466522296291837,14832
TCFTransformer.encoder_level2.mhca_blks.0.transformer_layers.0.ffn.project_out,0.0,0.45819707366536416,14832
TCFTransformer.encoder_level2.mhca_blks.0.transformer_layers.0.ffn.project_out,1.0,0.4706937817403567,14832
TCFTransformer.encoder_level2.mhca_blks.0.transformer_layers.0.ffn.project_out,2.0,0.4841433211532144,14832
TCFTransformer.encoder_level2.mhca_blks.0.transformer_layers.0.ffn.project_out,3.0,0.4985385651538448,14832
TCFTransformer.encoder_level2.mhca_blks.0.transformer_layers.0.ffn.project_out,4.0,0.5138460687244112,14832
TCFTransformer.encoder_level2.mhca_blks.0.transformer_layers.0.ffn.project_out,5.0,0.5300201347666395,14832
TCFTransformer.encoder_level2.mhca_blks.0.transformer_layers.0.ffn.project_out,6.0,0.546995029218109,14832
TCFTransformer.encoder_level2.mhca_blks.0.transformer_layers.0.ffn.project_out,7.0,0.5646819873515038,14832
TCFTransformer.encoder_level2.mhca_blks.0.transformer_layers.0.ffn.project_out,8.0,0.5829862754273569,14832
TCFTransformer.encoder_level2.mhca_blks.0.transformer_layers.0.ffn.project_out,9.0,0.6018100732509468,14832
TCFTransformer.encoder_level2.mhca_blks.0.transformer_layers.0.ffn.project_out,10.0,0.6210290730811311,14832
TCFTransformer.encoder_level2.mhca_blks.0.transformer_layers.0.ffn.project_out,11.0,0.6405186445784816,14832
TCFTransformer.encoder_level2.mhca_blks.0.transformer_layers.0.ffn.project_out,12.0,0.6601555987573686,14832
TCFTransformer.encoder_level2.mhca_blks.0.transformer_layers.0.ffn.project_out,13.0,0.6798032773196488,14832
TCFTransformer.encoder_level2.mhca_blks.0.transformer_layers.0.ffn.project_out,14.0,0.6993373081453764,14832
TCFTransformer.encoder_level2.mhca_blks.0.transformer_layers.0.ffn.project_out,15.0,0.718635085261876,14832
TCFTransformer.encoder_level2.mhca_blks.0.transformer_layers.0.ffn.project_out,16.0,0.7375852063633781,14832
TCFTransformer.encoder_level2.mhca_blks.0.transformer_layers.0.ffn.project_out,17.0,0.7560775461862872,14832
TCFTransformer.encoder_level2.mhca_blks.0.transformer_layers.0.ffn.project_out,18.0,0.7740156343186669,14832
TCFTransformer.encoder_level2.mhca_blks.0.transformer_layers.0.ffn.project_out,19.0,0.7913141024360251,14832
TCFTransformer.encoder_level2.mhca_blks.0.transformer_layers.0.ffn.project_out,20.0,0.8078974811882665,14832
TCFTransformer.encoder_level2.mhca_blks.0.transformer_layers.0.ffn.project_out,21.0,0.823709344737505,14832
TCFTransformer.encoder_level2.mhca_blks.0.transformer_layers.0.ffn.project_out,22.0,0.8387070408064827,14832
TCFTransformer.encoder_level2.mhca_blks.0.transformer_layers.0.ffn.project_out,23.0,0.8528589300978066,14832
TCFTransformer.encoder_level2.mhca_blks.0.transformer_layers.0.ffn.project_out,24.0,0.8661441386083569,14832
TCFTransformer.encoder_level2.mhca_blks.0.transformer_layers.0.ffn.project_out,25.0,0.8785602850447675,14832
TCFTransformer.encoder_level2.mhca_blks.0.transformer_layers.0.ffn.project_out,26.0,0.8901089808472634,14832
TCFTransformer.encoder_level2.mhca_blks.0.transformer_layers.0.ffn.project_out,27.0,0.9008115374833794,14832
TCFTransformer.encoder_level2.mhca_blks.0.transformer_layers.0.ffn.project_out,28.0,0.9106908924274845,14832
TCFTransformer.encoder_level2.mhca_blks.0.transformer_layers.0.ffn.project_out,29.0,0.9197765541681869,14832
TCFTransformer.encoder_level2.mhca_blks.0.transformer_layers.0.ffn.project_out,30.0,0.9281044871824616,14832
TCFTransformer.encoder_level2.mhca_blks.0.transformer_layers.1.norm1,-10.0,0.39420184910452116,14832
TCFTransformer.encoder_level2.mhca_blks.0.transformer_layers.1.norm1,-9.0,0.40368278893544673,14832
TCFTransformer.encoder_level2.mhca_blks.0.transformer_layers.1.norm1,-8.0,0.41300906511596297,14832
TCFTransformer.encoder_level2.mhca_blks.0.transformer_layers.1.norm1,-7.0,0.4229438741020296,14832
TCFTransformer.encoder_level2.mhca_blks.0.transformer_layers.1.norm1,-6.0,0.43349296624491956,14832
TCFTransformer.encoder_level2.mhca_blks.0.transformer_layers.1.norm1,-5.0,0.44466624922041714,14832
TCFTransformer.encoder_level2.mhca_blks.0.transformer_layers.1.norm1,-4.0,0.45646623676259007,14832
TCFTransformer.encoder_level2.mhca_blks.0.transformer_layers.1.norm1,-3.0,0.4688902018815802,14832
TCFTransformer.encoder_level2.mhca_blks.0.transformer_layers.1.norm1,-2.0,0.48192549259336537,14832
TCFTransformer.encoder_level2.mhca_blks.0.transformer_layers.1.norm1,-1.0,0.4955598460922285,14832
TCFTransformer.encoder_level2.mhca_blks.0.transformer_layers.1.norm1,0.0,0.509769375523916,14832
TCFTransformer.encoder_level2.mhca_blks.0.transformer_layers.1.norm1,1.0,0.5245295039319333,14832
TCFTransformer.encoder_level2.mhca_blks.0.transformer_layers.1.norm1,2.0,0.5398095801230038,14832
TCFTransformer.encoder_level2.mhca_blks.0.transformer_layers.1.norm1,3.0,0.555575435197015,14832
TCFTransformer.encoder_level2.mhca_blks.0.transformer_layers.1.norm1,4.0,0.5717790599358836,14832
TCFTransformer.encoder_level2.mhca_blks.0.transformer_layers.1.norm1,5.0,0.5883695710145999,14832
TCFTransformer.encoder_level2.mhca_blks.0.transformer_layers.1.norm1,6.0,0.6052929129383195,14832
TCFTransformer.encoder_level2.mhca_blks.0.transformer_layers.1.norm1,7.0,0.622477751843603,14832
TCFTransformer.encoder_level2.mhca_blks.0.transformer_layers.1.norm1,8.0,0.6398650205436945,14832
TCFTransformer.encoder_level2.mhca_blks.0.transformer_layers.1.norm1,9.0,0.6573920643304707,14832
TCFTransformer.encoder_level2.mhca_blks.0.transformer_layers.1.norm1,10.0,0.6749801811050852,14832
TCFTransformer.encoder_level2.mhca_blks.0.transformer_layers.1.norm1,11.0,0.6925521521530683,14832
TCFTransformer.encoder_level2.mhca_blks.0.transformer_layers.1.norm1,12.0,0.710031096434709,14832
TCFTransformer.encoder_level2.mhca_blks.0.transformer_layers.1.norm1,13.0,0.7273327584228726,14832
TCFTransformer.encoder_level2.mhca_blks.0.transformer_layers.1.norm1,14.0,0.744371907463038,14832
TCFTransformer.encoder_level2.mhca_blks.0.transformer_layers.1.norm1,15.0,0.7610659900261039,14832
TCFTransformer.encoder_level2.mhca_blks.0.transformer_layers.1.norm1,16.0,0.7773418616857118,14832
TCFTransformer.encoder_level2.mhca_blks.0.transformer_layers.1.norm1,17.0,0.7931222933492229,14832
TCFTransformer.encoder_level2.mhca_blks.0.transformer_layers.1.norm1,18.0,0.8083439066296818,14832
TCFTransformer.encoder_level2.mhca_blks.0.transformer_layers.1.norm1,19.0,0.8229456383568169,14832
TCFTransformer.encoder_level2.mhca_blks.0.transformer_layers.1.norm1,20.0,0.8368849687443034,14832
TCFTransformer.encoder_level2.mhca_blks.0.transformer_layers.1.norm1,21.0,0.8501257053269987,14832
TCFTransformer.encoder_level2.mhca_blks.0.transformer_layers.1.norm1,22.0,0.8626471790520247,14832
TCFTransformer.encoder_level2.mhca_blks.0.transformer_layers.1.norm1,23.0,0.8744363602905855,14832
TCFTransformer.encoder_level2.mhca_blks.0.transformer_layers.1.norm1,24.0,0.8854874889321117,14832
TCFTransformer.encoder_level2.mhca_blks.0.transformer_layers.1.norm1,25.0,0.8958101297779955,14832
TCFTransformer.encoder_level2.mhca_blks.0.transformer_layers.1.norm1,26.0,0.9054182275924771,14832
TCFTransformer.encoder_level2.mhca_blks.0.transformer_layers.1.norm1,27.0,0.9143361987319031,14832
TCFTransformer.encoder_level2.mhca_blks.0.transformer_layers.1.norm1,28.0,0.9225896992665407,14832
TCFTransformer.encoder_level2.mhca_blks.0.transformer_layers.1.norm1,29.0,0.9302041029282309,14832
TCFTransformer.encoder_level2.mhca_blks.0.transformer_layers.1.norm1,30.0,0.9372171311586003,14832
TCFTransformer.encoder_level2.mhca_blks.0.transformer_layers.1.norm2,-10.0,0.39452873165653907,14832
TCFTransformer.encoder_level2.mhca_blks.0.transformer_layers.1.norm2,-9.0,0.4024284142591943,14832
TCFTransformer.encoder_level2.mhca_blks.0.transformer_layers.1.norm2,-8.0,0.41130877687558615,14832
TCFTransformer.encoder_level2.mhca_blks.0.transformer_layers.1.norm2,-7.0,0.42074298697343937,14832
TCFTransformer.encoder_level2.mhca_blks.0.transformer_layers.1.norm2,-6.0,0.43073499439426866,14832
TCFTransformer.encoder_level2.mhca_blks.0.transformer_layers.1.norm2,-5.0,0.44129394588915644,14832
TCFTransformer.encoder_level2.mhca_blks.0.transformer_layers.1.norm2,-4.0,0.4524247376630013,14832
TCFTransformer.encoder_level2.mhca_blks.0.transformer_layers.1.norm2,-3.0,0.46412770119681546,14832
TCFTransformer.encoder_level2.mhca_blks.0.transformer_layers.1.norm2,-2.0,0.476400023884368,14832
TCFTransformer.encoder_level2.mhca_blks.0.transformer_layers.1.norm2,-1.0,0.48923831324855577,14832
TCFTransformer.encoder_level2.mhca_blks.0.transformer_layers.1.norm2,0.0,0.5026317849245923,14832
TCFTransformer.encoder_level2.mhca_blks.0.transformer_layers.1.norm2,1.0,0.5165647843022787,14832
TCFTransformer.encoder_level2.mhca_blks.0.transformer_layers.1.norm2,2.0,0.5310196308188035,14832
TCFTransformer.encoder_level2.mhca_blks.0.transformer_layers.1.norm2,3.0,0.5459738662943621,14832
TCFTransformer.encoder_level2.mhca_blks.0.transformer_layers.1.norm2,4.0,0.5613866763600343,14832
TCFTransformer.encoder_level2.mhca_blks.0.transformer_layers.1.norm2,5.0,0.5772164994097257,14832
TCFTransformer.encoder_level2.mhca_blks.0.transformer_layers.1.norm2,6.0,0.5934154497953824,14832
TCFTransformer.encoder_level2.mhca_blks.0.transformer_layers.1.norm2,7.0,0.6099180352855013,14832
TCFTransformer.encoder_level2.mhca_blks.0.transformer_layers.1.norm2,8.0,0.6266678998522066,14832
TCFTransformer.encoder_level2.mhca_blks.0.transformer_layers.1.norm2,9.0,0.6436037110383778,14832
TCFTransformer.encoder_level2.mhca_blks.0.transformer_layers.1.norm2,10.0,0.6606513951124449,14832
TCFTransformer.encoder_level2.mhca_blks.0.transformer_layers.1.norm2,11.0,0.6777349092576658,14832
TCFTransformer.encoder_level2.mhca_blks.0.transformer_layers.1.norm2,12.0,0.6947834610340247,14832
TCFTransformer.encoder_level2.mhca_blks.0.transformer_layers.1.norm2,13.0,0.7117157724646787,14832
TCFTransformer.encoder_level2.mhca_blks.0.transformer_layers.1.norm2,14.0,0.7284547153723697,14832
TCFTransformer.encoder_level2.mhca_blks.0.transformer_layers.1.norm2,15.0,0.744925141083368,14832
TCFTransformer.encoder_level2.mhca_blks.0.transformer_layers.1.norm2,16.0,0.7610625577035653,14832
TCFTransformer.encoder_level2.mhca_blks.0.transformer_layers.1.norm2,17.0,0.7767941861854467,14832
TCFTransformer.encoder_level2.mhca_blks.0.transformer_layers.1.norm2,18.0,0.7920635262767443,14832
TCFTransformer.encoder_level2.mhca_blks.0.transformer_layers.1.norm2,19.0,0.8068138056785319,14832
TCFTransformer.encoder_level2.mhca_blks.0.transformer_layers.1.norm2,20.0,0.8210019991706008,14832
TCFTransformer.encoder_level2.mhca_blks.0.transformer_layers.1.norm2,21.0,0.8345908722714666,14832
TCFTransformer.encoder_level2.mhca_blks.0.transformer_layers.1.norm2,22.0,0.8475540716928442,14832
TCFTransformer.encoder_level2.mhca_blks.0.transformer_layers.1.norm2,23.0,0.8598723469187526,14832
TCFTransformer.encoder_level2.mhca_blks.0.transformer_layers.1.norm2,24.0,0.8715303184056681,14832
TCFTransformer.encoder_level2.mhca_blks.0.transformer_layers.1.norm2,25.0,0.8825236051418733,14832
TCFTransformer.encoder_level2.mhca_blks.0.transformer_layers.1.norm2,26.0,0.8928539983771476,14832
TCFTransformer.encoder_level2.mhca_blks.0.transformer_layers.1.norm2,27.0,0.9025341262186939,14832
TCFTransformer.encoder_level2.mhca_blks.0.transformer_layers.1.norm2,28.0,0.9115724245562523,14832
TCFTransformer.encoder_level2.mhca_blks.0.transformer_layers.1.norm2,29.0,0.9199835340861138,14832
TCFTransformer.encoder_level2.mhca_blks.0.transformer_layers.1.norm2,30.0,0.9277929996161399,14832
TCFTransformer.encoder_level2.mhca_blks.0.transformer_layers.1.ffn.project_out,-10.0,0.43108258826985657,14832
TCFTransformer.encoder_level2.mhca_blks.0.transformer_layers.1.ffn.project_out,-9.0,0.4462808368013249,14832
TCFTransformer.encoder_level2.mhca_blks.0.transformer_layers.1.ffn.project_out,-8.0,0.46070837105113,14832
TCFTransformer.encoder_level2.mhca_blks.0.transformer_layers.1.ffn.project_out,-7.0,0.47582557907543016,14832
TCFTransformer.encoder_level2.mhca_blks.0.transformer_layers.1.ffn.project_out,-6.0,0.49160874120794656,14832
TCFTransformer.encoder_level2.mhca_blks.0.transformer_layers.1.ffn.project_out,-5.0,0.5080363430427398,14832
TCFTransformer.encoder_level2.mhca_blks.0.transformer_layers.1.ffn.project_out,-4.0,0.5250742041341109,14832
TCFTransformer.encoder_level2.mhca_blks.0.transformer_layers.1.ffn.project_out,-3.0,0.5426675877584086,14832
TCFTransformer.encoder_level2.mhca_blks.0.transformer_layers.1.ffn.project_out,-2.0,0.5607356562458999,14832
TCFTransformer.encoder_level2.mhca_blks.0.transformer_layers.1.ffn.project_out,-1.0,0.5792004465016997,14832
TCFTransformer.encoder_level2.mhca_blks.0.transformer_layers.1.ffn.project_out,0.0,0.5979412776546629,14832
TCFTransformer.encoder_level2.mhca_blks.0.transformer_layers.1.ffn.project_out,1.0,0.6168528851407993,14832
TCFTransformer.encoder_level2.mhca_blks.0.transformer_layers.1.ffn.project_out,2.0,0.6358337112166944,14832
TCFTransformer.encoder_level2.mhca_blks.0.transformer_layers.1.ffn.project_out,3.0,0.6547742867771991,14832
TCFTransformer.encoder_level2.mhca_blks.0.transformer_layers.1.ffn.project_out,4.0,0.673583021759183,14832
TCFTransformer.encoder_level2.mhca_blks.0.transformer_layers.1.ffn.project_out,5.0,0.6921666120726537,14832
TCFTransformer.encoder_level2.mhca_blks.0.transformer_layers.1.ffn.project_out,6.0,0.7104376111633699,14832
TCFTransformer.encoder_level2.mhca_blks.0.transformer_layers.1.ffn.project_out,7.0,0.7283082915532293,14832
TCFTransformer.encoder_level2.mhca_blks.0.transformer_layers.1.ffn.project_out,8.0,0.7457111225962767,14832
TCFTransformer.encoder_level2.mhca_blks.0.transformer_layers.1.ffn.project_out,9.0,0.7625832338320111,14832
TCFTransformer.encoder_level2.mhca_blks.0.transformer_layers.1.ffn.project_out,10.0,0.7788566171222777,14832
TCFTransformer.encoder_level2.mhca_blks.0.transformer_layers.1.ffn.project_out,11.0,0.7944847242434497,14832
TCFTransformer.encoder_level2.mhca_blks.0.transformer_layers.1.ffn.project_out,12.0,0.80942662903173,14832
TCFTransformer.encoder_level2.mhca_blks.0.transformer_layers.1.ffn.project_out,13.0,0.8236495407525262,14832
TCFTransformer.encoder_level2.mhca_blks.0.transformer_layers.1.ffn.project_out,14.0,0.8371229627668986,14832
TCFTransformer.encoder_level2.mhca_blks.0.transformer_layers.1.ffn.project_out,15.0,0.8498499383537065,14832
TCFTransformer.encoder_level2.mhca_blks.0.transformer_layers.1.ffn.project_out,16.0,0.8618279278816849,14832
TCFTransformer.encoder_level2.mhca_blks.0.transformer_layers.1.ffn.project_out,17.0,0.8730634529416841,14832
TCFTransformer.encoder_level2.mhca_blks.0.transformer_layers.1.ffn.project_out,18.0,0.8835701144661076,14832
TCFTransformer.encoder_level2.mhca_blks.0.transformer_layers.1.ffn.project_out,19.0,0.8933650086902105,14832
TCFTransformer.encoder_level2.mhca_blks.0.transformer_layers.1.ffn.project_out,20.0,0.90247905349807,14832
TCFTransformer.encoder_level2.mhca_blks.0.transformer_layers.1.ffn.project_out,21.0,0.9109430507251424,14832
TCFTransformer.encoder_level2.mhca_blks.0.transformer_layers.1.ffn.project_out,22.0,0.9187871746059826,14832
TCFTransformer.encoder_level2.mhca_blks.0.transformer_layers.1.ffn.project_out,23.0,0.9260501564071468,14832
TCFTransformer.encoder_level2.mhca_blks.0.transformer_layers.1.ffn.project_out,24.0,0.9327641045122116,14832
TCFTransformer.encoder_level2.mhca_blks.0.transformer_layers.1.ffn.project_out,25.0,0.9389620626680834,14832
TCFTransformer.encoder_level2.mhca_blks.0.transformer_layers.1.ffn.project_out,26.0,0.9446785549262484,14832
TCFTransformer.encoder_level2.mhca_blks.0.transformer_layers.1.ffn.project_out,27.0,0.9499511510985698,14832
TCFTransformer.encoder_level2.mhca_blks.0.transformer_layers.1.ffn.project_out,28.0,0.9548028668041108,14832
TCFTransformer.encoder_level2.mhca_blks.0.transformer_layers.1.ffn.project_out,29.0,0.9592640479281143,14832
TCFTransformer.encoder_level2.mhca_blks.0.transformer_layers.1.ffn.project_out,30.0,0.963362547523767,14832
TCFTransformer.encoder_level2.mhca_blks.0.transformer_layers.2.norm1,-10.0,0.34485148146277356,14832
TCFTransformer.encoder_level2.mhca_blks.0.transformer_layers.2.norm1,-9.0,0.3544938227693232,14832
TCFTransformer.encoder_level2.mhca_blks.0.transformer_layers.2.norm1,-8.0,0.36422759500465796,14832
TCFTransformer.encoder_level2.mhca_blks.0.transformer_layers.2.norm1,-7.0,0.3746267021221772,14832
TCFTransformer.encoder_level2.mhca_blks.0.transformer_layers.2.norm1,-6.0,0.3857164903852321,14832
TCFTransformer.encoder_level2.mhca_blks.0.transformer_layers.2.norm1,-5.0,0.3975250955275235,14832
TCFTransformer.encoder_level2.mhca_blks.0.transformer_layers.2.norm1,-4.0,0.4100695778874474,14832
TCFTransformer.encoder_level2.mhca_blks.0.transformer_layers.2.norm1,-3.0,0.42336155245424184,14832
TCFTransformer.encoder_level2.mhca_blks.0.transformer_layers.2.norm1,-2.0,0.43739841150912584,14832
TCFTransformer.encoder_level2.mhca_blks.0.transformer_layers.2.norm1,-1.0,0.45217664302236327,14832
TCFTransformer.encoder_level2.mhca_blks.0.transformer_layers.2.norm1,0.0,0.46767548621861227,14832
TCFTransformer.encoder_level2.mhca_blks.0.transformer_layers.2.norm1,1.0,0.4838673565099709,14832
TCFTransformer.encoder_level2.mhca_blks.0.transformer_layers.2.norm1,2.0,0.500717494754822,14832
TCFTransformer.encoder_level2.mhca_blks.0.transformer_layers.2.norm1,3.0,0.5181807675604841,14832
TCFTransformer.encoder_level2.mhca_blks.0.transformer_layers.2.norm1,4.0,0.5361903011191038,14832
TCFTransformer.encoder_level2.mhca_blks.0.transformer_layers.2.norm1,5.0,0.5546781745891989,14832
TCFTransformer.encoder_level2.mhca_blks.0.transformer_layers.2.norm1,6.0,0.5735660555567531,14832
TCFTransformer.encoder_level2.mhca_blks.0.transformer_layers.2.norm1,7.0,0.5927590070922277,14832
TCFTransformer.encoder_level2.mhca_blks.0.transformer_layers.2.norm1,8.0,0.6121686343595932,14832
TCFTransformer.encoder_level2.mhca_blks.0.transformer_layers.2.norm1,9.0,0.6317051638815926,14832
TCFTransformer.encoder_level2.mhca_blks.0.transformer_layers.2.norm1,10.0,0.6512608710172091,14832
TCFTransformer.encoder_level2.mhca_blks.0.transformer_layers.2.norm1,11.0,0.670734273975046,14832
TCFTransformer.encoder_level2.mhca_blks.0.transformer_layers.2.norm1,12.0,0.6900266865519514,14832
TCFTransformer.encoder_level2.mhca_blks.0.transformer_layers.2.norm1,13.0,0.7090368840407416,14832
TCFTransformer.encoder_level2.mhca_blks.0.transformer_layers.2.norm1,14.0,0.7276689285973031,14832
TCFTransformer.encoder_level2.mhca_blks.0.transformer_layers.2.norm1,15.0,0.7458357824617443,14832
TCFTransformer.encoder_level2.mhca_blks.0.transformer_layers.2.norm1,16.0,0.7634610013459621,14832
TCFTransformer.encoder_level2.mhca_blks.0.transformer_layers.2.norm1,17.0,0.7804695698548159,14832
TCFTransformer.encoder_level2.mhca_blks.0.transformer_layers.2.norm1,18.0,0.7968028881471553,14832
TCFTransformer.encoder_level2.mhca_blks.0.transformer_layers.2.norm1,19.0,0.8124072733008681,14832
TCFTransformer.encoder_level2.mhca_blks.0.transformer_layers.2.norm1,20.0,0.8272516783668449,14832
TCFTransformer.encoder_level2.mhca_blks.0.transformer_layers.2.norm1,21.0,0.8413111345105059,14832
TCFTransformer.encoder_level2.mhca_blks.0.transformer_layers.2.norm1,22.0,0.8545725394799871,14832
TCFTransformer.encoder_level2.mhca_blks.0.transformer_layers.2.norm1,23.0,0.8670373009628302,14832
TCFTransformer.encoder_level2.mhca_blks.0.transformer_layers.2.norm1,24.0,0.8787073299144079,14832
TCFTransformer.encoder_level2.mhca_blks.0.transformer_layers.2.norm1,25.0,0.8895978772231129,14832
TCFTransformer.encoder_level2.mhca_blks.0.transformer_layers.2.norm1,26.0,0.8997272376610044,14832
TCFTransformer.encoder_level2.mhca_blks.0.transformer_layers.2.norm1,27.0,0.9091312072270958,14832
TCFTransformer.encoder_level2.mhca_blks.0.transformer_layers.2.norm1,28.0,0.9178332300231808,14832
TCFTransformer.encoder_level2.mhca_blks.0.transformer_layers.2.norm1,29.0,0.9258631836028193,14832
TCFTransformer.encoder_level2.mhca_blks.0.transformer_layers.2.norm1,30.0,0.9332634758630198,14832
TCFTransformer.encoder_level2.mhca_blks.0.transformer_layers.2.norm2,-10.0,0.30028596039152655,14832
TCFTransformer.encoder_level2.mhca_blks.0.transformer_layers.2.norm2,-9.0,0.30872905553326596,14832
TCFTransformer.encoder_level2.mhca_blks.0.transformer_layers.2.norm2,-8.0,0.31837532042848204,14832
TCFTransformer.encoder_level2.mhca_blks.0.transformer_layers.2.norm2,-7.0,0.32871380539514533,14832
TCFTransformer.encoder_level2.mhca_blks.0.transformer_layers.2.norm2,-6.0,0.33975983352526945,14832
TCFTransformer.encoder_level2.mhca_blks.0.transformer_layers.2.norm2,-5.0,0.3515354010007498,14832
TCFTransformer.encoder_level2.mhca_blks.0.transformer_layers.2.norm2,-4.0,0.3640502063168701,14832
TCFTransformer.encoder_level2.mhca_blks.0.transformer_layers.2.norm2,-3.0,0.37731697757581717,14832
TCFTransformer.encoder_level2.mhca_blks.0.transformer_layers.2.norm2,-2.0,0.3913327695985456,14832
TCFTransformer.encoder_level2.mhca_blks.0.transformer_layers.2.norm2,-1.0,0.40609521003256166,14832
TCFTransformer.encoder_level2.mhca_blks.0.transformer_layers.2.norm2,0.0,0.42158791178421995,14832
TCFTransformer.encoder_level2.mhca_blks.0.transformer_layers.2.norm2,1.0,0.43779405393020343,14832
TCFTransformer.encoder_level2.mhca_blks.0.transformer_layers.2.norm2,2.0,0.4546829817782457,14832
TCFTransformer.encoder_level2.mhca_blks.0.transformer_layers.2.norm2,3.0,0.47221722053976767,14832
TCFTransformer.encoder_level2.mhca_blks.0.transformer_layers.2.norm2,4.0,0.490348109519089,14832
TCFTransformer.encoder_level2.mhca_blks.0.transformer_layers.2.norm2,5.0,0.5090150033609043,14832
TCFTransformer.encoder_level2.mhca_blks.0.transformer_layers.2.norm2,6.0,0.5281488771330336,14832
TCFTransformer.encoder_level2.mhca_blks.0.transformer_layers.2.norm2,7.0,0.5476731630725367,14832
TCFTransformer.encoder_level2.mhca_blks.0.transformer_layers.2.norm2,8.0,0.5675051182718444,14832
TCFTransformer.encoder_level2.mhca_blks.0.transformer_layers.2.norm2,9.0,0.5875652344066532,14832
TCFTransformer.encoder_level2.mhca_blks.0.transformer_layers.2.norm2,10.0,0.6077554277300095,14832
TCFTransformer.encoder_level2.mhca_blks.0.transformer_layers.2.norm2,11.0,0.6279940385725089,14832
TCFTransformer.encoder_level2.mhca_blks.0.transformer_layers.2.norm2,12.0,0.6481841996205646,14832
TCFTransformer.encoder_level2.mhca_blks.0.transformer_layers.2.norm2,13.0,0.6682419961734305,14832
TCFTransformer.encoder_level2.mhca_blks.0.transformer_layers.2.norm2,14.0,0.6880779526846437,14832
TCFTransformer.encoder_level2.mhca_blks.0.transformer_layers.2.norm2,15.0,0.7076109805000702,14832
TCFTransformer.encoder_level2.mhca_blks.0.transformer_layers.2.norm2,16.0,0.7267620936669048,14832
TCFTransformer.encoder_level2.mhca_blks.0.transformer_layers.2.norm2,17.0,0.7454535486859782,14832
TCFTransformer.encoder_level2.mhca_blks.0.transformer_layers.2.norm2,18.0,0.7636120870062417,14832
TCFTransformer.encoder_level2.mhca_blks.0.transformer_layers.2.norm2,19.0,0.7811657686264706,14832
TCFTransformer.encoder_level2.mhca_blks.0.transformer_layers.2.norm2,20.0,0.7980585118138834,14832
TCFTransformer.encoder_level2.mhca_blks.0.transformer_layers.2.norm2,21.0,0.8142354388388745,14832
TCFTransformer.encoder_level2.mhca_blks.0.transformer_layers.2.norm2,22.0,0.8296520163695917,14832
TCFTransformer.encoder_level2.mhca_blks.0.transformer_layers.2.norm2,23.0,0.8442817170639092,14832
TCFTransformer.encoder_level2.mhca_blks.0.transformer_layers.2.norm2,24.0,0.8581024725813954,14832
TCFTransformer.encoder_level2.mhca_blks.0.transformer_layers.2.norm2,25.0,0.8711001301644432,14832
TCFTransformer.encoder_level2.mhca_blks.0.transformer_layers.2.norm2,26.0,0.8832641551321313,14832
TCFTransformer.encoder_level2.mhca_blks.0.transformer_layers.2.norm2,27.0,0.8946125355168388,14832
TCFTransformer.encoder_level2.mhca_blks.0.transformer_layers.2.norm2,28.0,0.9051548754404565,14832
TCFTransformer.encoder_level2.mhca_blks.0.transformer_layers.2.norm2,29.0,0.9149084355191859,14832
TCFTransformer.encoder_level2.mhca_blks.0.transformer_layers.2.norm2,30.0,0.9239071144460185,14832
TCFTransformer.encoder_level2.mhca_blks.0.transformer_layers.2.ffn.project_out,-10.0,0.31015085959716615,14832
TCFTransformer.encoder_level2.mhca_blks.0.transformer_layers.2.ffn.project_out,-9.0,0.31893241802479627,14832
TCFTransformer.encoder_level2.mhca_blks.0.transformer_layers.2.ffn.project_out,-8.0,0.3288789582011785,14832
TCFTransformer.encoder_level2.mhca_blks.0.transformer_layers.2.ffn.project_out,-7.0,0.33966652712279366,14832
TCFTransformer.encoder_level2.mhca_blks.0.transformer_layers.2.ffn.project_out,-6.0,0.35130380931839805,14832
TCFTransformer.encoder_level2.mhca_blks.0.transformer_layers.2.ffn.project_out,-5.0,0.3637813581796735,14832
TCFTransformer.encoder_level2.mhca_blks.0.transformer_layers.2.ffn.project_out,-4.0,0.37706518542833284,14832
TCFTransformer.encoder_level2.mhca_blks.0.transformer_layers.2.ffn.project_out,-3.0,0.3911183149148957,14832
TCFTransformer.encoder_level2.mhca_blks.0.transformer_layers.2.ffn.project_out,-2.0,0.4058950989499101,14832
TCFTransformer.encoder_level2.mhca_blks.0.transformer_layers.2.ffn.project_out,-1.0,0.42134738764087665,14832
TCFTransformer.encoder_level2.mhca_blks.0.transformer_layers.2.ffn.project_out,0.0,0.4374246309906197,14832
TCFTransformer.encoder_level2.mhca_blks.0.transformer_layers.2.ffn.project_out,1.0,0.45408325121027715,14832
TCFTransformer.encoder_level2.mhca_blks.0.transformer_layers.2.ffn.project_out,2.0,0.4712898573725652,14832
TCFTransformer.encoder_level2.mhca_blks.0.transformer_layers.2.ffn.project_out,3.0,0.48899682869324956,14832
TCFTransformer.encoder_level2.mhca_blks.0.transformer_layers.2.ffn.project_out,4.0,0.5071638394920748,14832
TCFTransformer.encoder_level2.mhca_blks.0.transformer_layers.2.ffn.project_out,5.0,0.5257457555668528,14832
TCFTransformer.encoder_level2.mhca_blks.0.transformer_layers.2.ffn.project_out,6.0,0.5447008871697413,14832
TCFTransformer.encoder_level2.mhca_blks.0.transformer_layers.2.ffn.project_out,7.0,0.5639820791190207,14832
TCFTransformer.encoder_level2.mhca_blks.0.transformer_layers.2.ffn.project_out,8.0,0.5835157296687622,14832
TCFTransformer.encoder_level2.mhca_blks.0.transformer_layers.2.ffn.project_out,9.0,0.6032347142467318,14832
TCFTransformer.encoder_level2.mhca_blks.0.transformer_layers.2.ffn.project_out,10.0,0.6230557254126784,14832
TCFTransformer.encoder_level2.mhca_blks.0.transformer_layers.2.ffn.project_out,11.0,0.6428931939336265,14832
TCFTransformer.encoder_level2.mhca_blks.0.transformer_layers.2.ffn.project_out,12.0,0.6626588592984932,14832
TCFTransformer.encoder_level2.mhca_blks.0.transformer_layers.2.ffn.project_out,13.0,0.6822806439325293,14832
TCFTransformer.encoder_level2.mhca_blks.0.transformer_layers.2.ffn.project_out,14.0,0.7016719139704508,14832
TCFTransformer.encoder_level2.mhca_blks.0.transformer_layers.2.ffn.project_out,15.0,0.720753623297219,14832
TCFTransformer.encoder_level2.mhca_blks.0.transformer_layers.2.ffn.project_out,16.0,0.7394534503858228,14832
TCFTransformer.encoder_level2.mhca_blks.0.transformer_layers.2.ffn.project_out,17.0,0.7576930282784157,14832
TCFTransformer.encoder_level2.mhca_blks.0.transformer_layers.2.ffn.project_out,18.0,0.7754108584782322,14832
TCFTransformer.encoder_level2.mhca_blks.0.transformer_layers.2.ffn.project_out,19.0,0.7925312548389551,14832
TCFTransformer.encoder_level2.mhca_blks.0.transformer_layers.2.ffn.project_out,20.0,0.8089962802333064,14832
TCFTransformer.encoder_level2.mhca_blks.0.transformer_layers.2.ffn.project_out,21.0,0.824761978150652,14832
TCFTransformer.encoder_level2.mhca_blks.0.transformer_layers.2.ffn.project_out,22.0,0.8397727496017819,14832
TCFTransformer.encoder_level2.mhca_blks.0.transformer_layers.2.ffn.project_out,23.0,0.8540073116154218,14832
TCFTransformer.encoder_level2.mhca_blks.0.transformer_layers.2.ffn.project_out,24.0,0.8674395171023238,14832
TCFTransformer.encoder_level2.mhca_blks.0.transformer_layers.2.ffn.project_out,25.0,0.8800581224511871,14832
TCFTransformer.encoder_level2.mhca_blks.0.transformer_layers.2.ffn.project_out,26.0,0.8918530502574602,14832
TCFTransformer.encoder_level2.mhca_blks.0.transformer_layers.2.ffn.project_out,27.0,0.9028322678019153,14832
TCFTransformer.encoder_level2.mhca_blks.0.transformer_layers.2.ffn.project_out,28.0,0.9130045314557537,14832
TCFTransformer.encoder_level2.mhca_blks.0.transformer_layers.2.ffn.project_out,29.0,0.9223816286503241,14832
TCFTransformer.encoder_level2.mhca_blks.0.transformer_layers.2.ffn.project_out,30.0,0.9309936610975793,14832
TCFTransformer.encoder_level2.mhca_blks.0.transformer_layers.3.norm1,-10.0,0.21934210163269374,14832
TCFTransformer.encoder_level2.mhca_blks.0.transformer_layers.3.norm1,-9.0,0.22765895524029567,14832
TCFTransformer.encoder_level2.mhca_blks.0.transformer_layers.3.norm1,-8.0,0.2370908178876083,14832
TCFTransformer.encoder_level2.mhca_blks.0.transformer_layers.3.norm1,-7.0,0.24723558783196634,14832
TCFTransformer.encoder_level2.mhca_blks.0.transformer_layers.3.norm1,-6.0,0.2581273917747488,14832
TCFTransformer.encoder_level2.mhca_blks.0.transformer_layers.3.norm1,-5.0,0.2698112869588256,14832
TCFTransformer.encoder_level2.mhca_blks.0.transformer_layers.3.norm1,-4.0,0.28231725214373726,14832
TCFTransformer.encoder_level2.mhca_blks.0.transformer_layers.3.norm1,-3.0,0.29568115235776005,14832
TCFTransformer.encoder_level2.mhca_blks.0.transformer_layers.3.norm1,-2.0,0.3099267598727071,14832
TCFTransformer.encoder_level2.mhca_blks.0.transformer_layers.3.norm1,-1.0,0.32507368497248584,14832
TCFTransformer.encoder_level2.mhca_blks.0.transformer_layers.3.norm1,0.0,0.3411307572512741,14832
TCFTransformer.encoder_level2.mhca_blks.0.transformer_layers.3.norm1,1.0,0.35810350169824023,14832
TCFTransformer.encoder_level2.mhca_blks.0.transformer_layers.3.norm1,2.0,0.3759867496300737,14832
TCFTransformer.encoder_level2.mhca_blks.0.transformer_layers.3.norm1,3.0,0.39476027706800737,14832
TCFTransformer.encoder_level2.mhca_blks.0.transformer_layers.3.norm1,4.0,0.4143853372655118,14832
TCFTransformer.encoder_level2.mhca_blks.0.transformer_layers.3.norm1,5.0,0.43481516158544814,14832
TCFTransformer.encoder_level2.mhca_blks.0.transformer_layers.3.norm1,6.0,0.4559850048772616,14832
TCFTransformer.encoder_level2.mhca_blks.0.transformer_layers.3.norm1,7.0,0.4778147697998281,14832
TCFTransformer.encoder_level2.mhca_blks.0.transformer_layers.3.norm1,8.0,0.5002100223749715,14832
TCFTransformer.encoder_level2.mhca_blks.0.transformer_layers.3.norm1,9.0,0.5230728078655146,14832
TCFTransformer.encoder_level2.mhca_blks.0.transformer_layers.3.norm1,10.0,0.5462779352163138,14832
TCFTransformer.encoder_level2.mhca_blks.0.transformer_layers.3.norm1,11.0,0.5697119486500121,14832
TCFTransformer.encoder_level2.mhca_blks.0.transformer_layers.3.norm1,12.0,0.5932407662264416,14832
TCFTransformer.encoder_level2.mhca_blks.0.transformer_layers.3.norm1,13.0,0.6167448826798287,14832
TCFTransformer.encoder_level2.mhca_blks.0.transformer_layers.3.norm1,14.0,0.6400928258807463,14832
TCFTransformer.encoder_level2.mhca_blks.0.transformer_layers.3.norm1,15.0,0.6631671392490451,14832
TCFTransformer.encoder_level2.mhca_blks.0.transformer_layers.3.norm1,16.0,0.6858490914731269,14832
TCFTransformer.encoder_level2.mhca_blks.0.transformer_layers.3.norm1,17.0,0.7080278504688087,14832
TCFTransformer.encoder_level2.mhca_blks.0.transformer_layers.3.norm1,18.0,0.729600367003684,14832
TCFTransformer.encoder_level2.mhca_blks.0.transformer_layers.3.norm1,19.0,0.7504647059231482,14832
TCFTransformer.encoder_level2.mhca_blks.0.transformer_layers.3.norm1,20.0,0.7705375347437164,14832
TCFTransformer.encoder_level2.mhca_blks.0.transformer_layers.3.norm1,21.0,0.789742463911324,14832
TCFTransformer.encoder_level2.mhca_blks.0.transformer_layers.3.norm1,22.0,0.8080124912488134,14832
TCFTransformer.encoder_level2.mhca_blks.0.transformer_layers.3.norm1,23.0,0.8253128938839048,14832
TCFTransformer.encoder_level2.mhca_blks.0.transformer_layers.3.norm1,24.0,0.8416076347276069,14832
TCFTransformer.encoder_level2.mhca_blks.0.transformer_layers.3.norm1,25.0,0.8568799072854469,14832
TCFTransformer.encoder_level2.mhca_blks.0.transformer_layers.3.norm1,26.0,0.8711183835182663,14832
TCFTransformer.encoder_level2.mhca_blks.0.transformer_layers.3.norm1,27.0,0.8843423291164759,14832
TCFTransformer.encoder_level2.mhca_blks.0.transformer_layers.3.norm1,28.0,0.8965639437788931,14832
TCFTransformer.encoder_level2.mhca_blks.0.transformer_layers.3.norm1,29.0,0.9078092205960065,14832
TCFTransformer.encoder_level2.mhca_blks.0.transformer_layers.3.norm1,30.0,0.9181174359745481,14832
TCFTransformer.encoder_level2.mhca_blks.0.transformer_layers.3.norm2,-10.0,0.1879273211521206,14832
TCFTransformer.encoder_level2.mhca_blks.0.transformer_layers.3.norm2,-9.0,0.19738097337571633,14832
TCFTransformer.encoder_level2.mhca_blks.0.transformer_layers.3.norm2,-8.0,0.20783043090940254,14832
TCFTransformer.encoder_level2.mhca_blks.0.transformer_layers.3.norm2,-7.0,0.21910338787494593,14832
TCFTransformer.encoder_level2.mhca_blks.0.transformer_layers.3.norm2,-6.0,0.23125127003348092,14832
TCFTransformer.encoder_level2.mhca_blks.0.transformer_layers.3.norm2,-5.0,0.24432769366581455,14832
TCFTransformer.encoder_level2.mhca_blks.0.transformer_layers.3.norm2,-4.0,0.2583668439379294,14832
TCFTransformer.encoder_level2.mhca_blks.0.transformer_layers.3.norm2,-3.0,0.27339957194899367,14832
TCFTransformer.encoder_level2.mhca_blks.0.transformer_layers.3.norm2,-2.0,0.2894373170147623,14832
TCFTransformer.encoder_level2.mhca_blks.0.transformer_layers.3.norm2,-1.0,0.306480412317142,14832
TCFTransformer.encoder_level2.mhca_blks.0.transformer_layers.3.norm2,0.0,0.3245206469405712,14832
TCFTransformer.encoder_level2.mhca_blks.0.transformer_layers.3.norm2,1.0,0.34353184757604516,14832
TCFTransformer.encoder_level2.mhca_blks.0.transformer_layers.3.norm2,2.0,0.36348022255461815,14832
TCFTransformer.encoder_level2.mhca_blks.0.transformer_layers.3.norm2,3.0,0.3843103960170757,14832
TCFTransformer.encoder_level2.mhca_blks.0.transformer_layers.3.norm2,4.0,0.4059440183024773,14832
TCFTransformer.encoder_level2.mhca_blks.0.transformer_layers.3.norm2,5.0,0.4283012036466971,14832
TCFTransformer.encoder_level2.mhca_blks.0.transformer_layers.3.norm2,6.0,0.4512859438568606,14832
TCFTransformer.encoder_level2.mhca_blks.0.transformer_layers.3.norm2,7.0,0.47479004480880044,14832
TCFTransformer.encoder_level2.mhca_blks.0.transformer_layers.3.norm2,8.0,0.49869754840544517,14832
TCFTransformer.encoder_level2.mhca_blks.0.transformer_layers.3.norm2,9.0,0.5228983160513206,14832
TCFTransformer.encoder_level2.mhca_blks.0.transformer_layers.3.norm2,10.0,0.5472579029940788,14832
TCFTransformer.encoder_level2.mhca_blks.0.transformer_layers.3.norm2,11.0,0.571658044901778,14832
TCFTransformer.encoder_level2.mhca_blks.0.transformer_layers.3.norm2,12.0,0.595969616744402,14832
TCFTransformer.encoder_level2.mhca_blks.0.transformer_layers.3.norm2,13.0,0.6200797832872369,14832
TCFTransformer.encoder_level2.mhca_blks.0.transformer_layers.3.norm2,14.0,0.6438676617999924,14832
TCFTransformer.encoder_level2.mhca_blks.0.transformer_layers.3.norm2,15.0,0.6672271316189886,14832
TCFTransformer.encoder_level2.mhca_blks.0.transformer_layers.3.norm2,16.0,0.6900544918444663,14832
TCFTransformer.encoder_level2.mhca_blks.0.transformer_layers.3.norm2,17.0,0.712251511791735,14832
TCFTransformer.encoder_level2.mhca_blks.0.transformer_layers.3.norm2,18.0,0.7337315160753014,14832
TCFTransformer.encoder_level2.mhca_blks.0.transformer_layers.3.norm2,19.0,0.7544062964114869,14832
TCFTransformer.encoder_level2.mhca_blks.0.transformer_layers.3.norm2,20.0,0.7742138098254236,14832
TCFTransformer.encoder_level2.mhca_blks.0.transformer_layers.3.norm2,21.0,0.7930955837320983,14832
TCFTransformer.encoder_level2.mhca_blks.0.transformer_layers.3.norm2,22.0,0.8110051195829415,14832
TCFTransformer.encoder_level2.mhca_blks.0.transformer_layers.3.norm2,23.0,0.8279244020810308,14832
TCFTransformer.encoder_level2.mhca_blks.0.transformer_layers.3.norm2,24.0,0.8438350519089043,14832
TCFTransformer.encoder_level2.mhca_blks.0.transformer_layers.3.norm2,25.0,0.8587342822218985,14832
TCFTransformer.encoder_level2.mhca_blks.0.transformer_layers.3.norm2,26.0,0.8726242162335457,14832
TCFTransformer.encoder_level2.mhca_blks.0.transformer_layers.3.norm2,27.0,0.8855371244307988,14832
TCFTransformer.encoder_level2.mhca_blks.0.transformer_layers.3.norm2,28.0,0.8974902912885949,14832
TCFTransformer.encoder_level2.mhca_blks.0.transformer_layers.3.norm2,29.0,0.908515967137332,14832
TCFTransformer.encoder_level2.mhca_blks.0.transformer_layers.3.norm2,30.0,0.918650877695157,14832
TCFTransformer.encoder_level2.mhca_blks.0.transformer_layers.3.ffn.project_out,-10.0,0.5665189334951912,14832
TCFTransformer.encoder_level2.mhca_blks.0.transformer_layers.3.ffn.project_out,-9.0,0.5813687987155417,14832
TCFTransformer.encoder_level2.mhca_blks.0.transformer_layers.3.ffn.project_out,-8.0,0.5943487522201342,14832
TCFTransformer.encoder_level2.mhca_blks.0.transformer_layers.3.ffn.project_out,-7.0,0.6077605499730254,14832
TCFTransformer.encoder_level2.mhca_blks.0.transformer_layers.3.ffn.project_out,-6.0,0.6214743554873439,14832
TCFTransformer.encoder_level2.mhca_blks.0.transformer_layers.3.ffn.project_out,-5.0,0.6353325964923157,14832
TCFTransformer.encoder_level2.mhca_blks.0.transformer_layers.3.ffn.project_out,-4.0,0.6491660585791723,14832
TCFTransformer.encoder_level2.mhca_blks.0.transformer_layers.3.ffn.project_out,-3.0,0.6628325349764804,14832
TCFTransformer.encoder_level2.mhca_blks.0.transformer_layers.3.ffn.project_out,-2.0,0.6762384602793983,14832
TCFTransformer.encoder_level2.mhca_blks.0.transformer_layers.3.ffn.project_out,-1.0,0.6893388385590097,14832
TCFTransformer.encoder_level2.mhca_blks.0.transformer_layers.3.ffn.project_out,0.0,0.702135266261949,14832
TCFTransformer.encoder_level2.mhca_blks.0.transformer_layers.3.ffn.project_out,1.0,0.7146589989013399,14832
TCFTransformer.encoder_level2.mhca_blks.0.transformer_layers.3.ffn.project_out,2.0,0.7269338160721102,14832
TCFTransformer.encoder_level2.mhca_blks.0.transformer_layers.3.ffn.project_out,3.0,0.7390004208004012,14832
TCFTransformer.encoder_level2.mhca_blks.0.transformer_layers.3.ffn.project_out,4.0,0.7508876544765992,14832
TCFTransformer.encoder_level2.mhca_blks.0.transformer_layers.3.ffn.project_out,5.0,0.7626159658420433,14832
TCFTransformer.encoder_level2.mhca_blks.0.transformer_layers.3.ffn.project_out,6.0,0.774199404821057,14832
TCFTransformer.encoder_level2.mhca_blks.0.transformer_layers.3.ffn.project_out,7.0,0.7856312990891864,14832
TCFTransformer.encoder_level2.mhca_blks.0.transformer_layers.3.ffn.project_out,8.0,0.7969073220171206,14832
TCFTransformer.encoder_level2.mhca_blks.0.transformer_layers.3.ffn.project_out,9.0,0.8080195729031019,14832
TCFTransformer.encoder_level2.mhca_blks.0.transformer_layers.3.ffn.project_out,10.0,0.8189447207965093,14832
TCFTransformer.encoder_level2.mhca_blks.0.transformer_layers.3.ffn.project_out,11.0,0.8296588721314392,14832
TCFTransformer.encoder_level2.mhca_blks.0.transformer_layers.3.ffn.project_out,12.0,0.8401365988579416,14832
TCFTransformer.encoder_level2.mhca_blks.0.transformer_layers.3.ffn.project_out,13.0,0.8503579512246541,14832
TCFTransformer.encoder_level2.mhca_blks.0.transformer_layers.3.ffn.project_out,14.0,0.8602891294215328,14832
TCFTransformer.encoder_level2.mhca_blks.0.transformer_layers.3.ffn.project_out,15.0,0.8699108418901055,14832
TCFTransformer.encoder_level2.mhca_blks.0.transformer_layers.3.ffn.project_out,16.0,0.8792024001201862,14832
TCFTransformer.encoder_level2.mhca_blks.0.transformer_layers.3.ffn.project_out,17.0,0.8881480050270226,14832
TCFTransformer.encoder_level2.mhca_blks.0.transformer_layers.3.ffn.project_out,18.0,0.8967354574583334,14832
TCFTransformer.encoder_level2.mhca_blks.0.transformer_layers.3.ffn.project_out,19.0,0.9049488661997623,14832
TCFTransformer.encoder_level2.mhca_blks.0.transformer_layers.3.ffn.project_out,20.0,0.9127719750368674,14832
TCFTransformer.encoder_level2.mhca_blks.0.transformer_layers.3.ffn.project_out,21.0,0.92019979088309,14832
TCFTransformer.encoder_level2.mhca_blks.0.transformer_layers.3.ffn.project_out,22.0,0.9272294895142765,14832
TCFTransformer.encoder_level2.mhca_blks.0.transformer_layers.3.ffn.project_out,23.0,0.9338621141282518,14832
TCFTransformer.encoder_level2.mhca_blks.0.transformer_layers.3.ffn.project_out,24.0,0.9400936649447185,14832
TCFTransformer.encoder_level2.mhca_blks.0.transformer_layers.3.ffn.project_out,25.0,0.9459259513154739,14832
TCFTransformer.encoder_level2.mhca_blks.0.transformer_layers.3.ffn.project_out,26.0,0.9513623177896715,14832
TCFTransformer.encoder_level2.mhca_blks.0.transformer_layers.3.ffn.project_out,27.0,0.9564113141577028,14832
TCFTransformer.encoder_level2.mhca_blks.0.transformer_layers.3.ffn.project_out,28.0,0.9610817032105649,14832
TCFTransformer.encoder_level2.mhca_blks.0.transformer_layers.3.ffn.project_out,29.0,0.9653808303607353,14832
TCFTransformer.encoder_level2.mhca_blks.0.transformer_layers.3.ffn.project_out,30.0,0.9693245265247078,14832
TCFTransformer.latent.mhca_blks.0.transformer_layers.0.norm1,-10.0,0.5318291925974873,14832
TCFTransformer.latent.mhca_blks.0.transformer_layers.0.norm1,-9.0,0.5399660019228132,14832
TCFTransformer.latent.mhca_blks.0.transformer_layers.0.norm1,-8.0,0.5493512255247147,14832
TCFTransformer.latent.mhca_blks.0.transformer_layers.0.norm1,-7.0,0.5593562729771229,14832
TCFTransformer.latent.mhca_blks.0.transformer_layers.0.norm1,-6.0,0.5699797724790574,14832
TCFTransformer.latent.mhca_blks.0.transformer_layers.0.norm1,-5.0,0.5812233031617865,14832
TCFTransformer.latent.mhca_blks.0.transformer_layers.0.norm1,-4.0,0.5930658630391797,14832
TCFTransformer.latent.mhca_blks.0.transformer_layers.0.norm1,-3.0,0.605480612493738,14832
TCFTransformer.latent.mhca_blks.0.transformer_layers.0.norm1,-2.0,0.6184221977436315,14832
TCFTransformer.latent.mhca_blks.0.transformer_layers.0.norm1,-1.0,0.6318377588514917,14832
TCFTransformer.latent.mhca_blks.0.transformer_layers.0.norm1,0.0,0.6456670918438621,14832
TCFTransformer.latent.mhca_blks.0.transformer_layers.0.norm1,1.0,0.6598469542948271,14832
TCFTransformer.latent.mhca_blks.0.transformer_layers.0.norm1,2.0,0.6743114134708686,14832
TCFTransformer.latent.mhca_blks.0.transformer_layers.0.norm1,3.0,0.6889941351460103,14832
TCFTransformer.latent.mhca_blks.0.transformer_layers.0.norm1,4.0,0.70382215814241,14832
TCFTransformer.latent.mhca_blks.0.transformer_layers.0.norm1,5.0,0.718723949643722,14832
TCFTransformer.latent.mhca_blks.0.transformer_layers.0.norm1,6.0,0.7336289785750122,14832
TCFTransformer.latent.mhca_blks.0.transformer_layers.0.norm1,7.0,0.7484667870882162,14832
TCFTransformer.latent.mhca_blks.0.transformer_layers.0.norm1,8.0,0.7631715190754611,14832
TCFTransformer.latent.mhca_blks.0.transformer_layers.0.norm1,9.0,0.7776831968103766,14832
TCFTransformer.latent.mhca_blks.0.transformer_layers.0.norm1,10.0,0.7919357585064672,14832
TCFTransformer.latent.mhca_blks.0.transformer_layers.0.norm1,11.0,0.8058709075941655,14832
TCFTransformer.latent.mhca_blks.0.transformer_layers.0.norm1,12.0,0.8194331286199785,14832
TCFTransformer.latent.mhca_blks.0.transformer_layers.0.norm1,13.0,0.8325720256598347,14832
TCFTransformer.latent.mhca_blks.0.transformer_layers.0.norm1,14.0,0.8452425086820556,14832
TCFTransformer.latent.mhca_blks.0.transformer_layers.0.norm1,15.0,0.8574120522091948,14832
TCFTransformer.latent.mhca_blks.0.transformer_layers.0.norm1,16.0,0.8690471904575342,14832
TCFTransformer.latent.mhca_blks.0.transformer_layers.0.norm1,17.0,0.8801232953982866,14832
TCFTransformer.latent.mhca_blks.0.transformer_layers.0.norm1,18.0,0.8906207437613958,14832
TCFTransformer.latent.mhca_blks.0.transformer_layers.0.norm1,19.0,0.900523400916733,14832
TCFTransformer.latent.mhca_blks.0.transformer_layers.0.norm1,20.0,0.9098230254833369,14832
TCFTransformer.latent.mhca_blks.0.transformer_layers.0.norm1,21.0,0.9185237565159219,14832
TCFTransformer.latent.mhca_blks.0.transformer_layers.0.norm1,22.0,0.9266269249919934,14832
TCFTransformer.latent.mhca_blks.0.transformer_layers.0.norm1,23.0,0.9341459487079611,14832
TCFTransformer.latent.mhca_blks.0.transformer_layers.0.norm1,24.0,0.9410942229638207,14832
TCFTransformer.latent.mhca_blks.0.transformer_layers.0.norm1,25.0,0.9474887575395604,14832
TCFTransformer.latent.mhca_blks.0.transformer_layers.0.norm1,26.0,0.9533495633122475,14832
TCFTransformer.latent.mhca_blks.0.transformer_layers.0.norm1,27.0,0.9587037781737704,14832
TCFTransformer.latent.mhca_blks.0.transformer_layers.0.norm1,28.0,0.9635766453783812,14832
TCFTransformer.latent.mhca_blks.0.transformer_layers.0.norm1,29.0,0.9679900398347306,14832
TCFTransformer.latent.mhca_blks.0.transformer_layers.0.norm1,30.0,0.9719728861393926,14832
TCFTransformer.latent.mhca_blks.0.transformer_layers.0.norm2,-10.0,0.42319023773172604,14832
TCFTransformer.latent.mhca_blks.0.transformer_layers.0.norm2,-9.0,0.43327796400726615,14832
TCFTransformer.latent.mhca_blks.0.transformer_layers.0.norm2,-8.0,0.4447021287651943,14832
TCFTransformer.latent.mhca_blks.0.transformer_layers.0.norm2,-7.0,0.45660706151763086,14832
TCFTransformer.latent.mhca_blks.0.transformer_layers.0.norm2,-6.0,0.46897418295187,14832
TCFTransformer.latent.mhca_blks.0.transformer_layers.0.norm2,-5.0,0.48181446209477563,14832
TCFTransformer.latent.mhca_blks.0.transformer_layers.0.norm2,-4.0,0.4951228035137684,14832
TCFTransformer.latent.mhca_blks.0.transformer_layers.0.norm2,-3.0,0.5088969299493371,14832
TCFTransformer.latent.mhca_blks.0.transformer_layers.0.norm2,-2.0,0.5231217688648784,14832
TCFTransformer.latent.mhca_blks.0.transformer_layers.0.norm2,-1.0,0.5377711843952392,14832
TCFTransformer.latent.mhca_blks.0.transformer_layers.0.norm2,0.0,0.5528095659077521,14832
TCFTransformer.latent.mhca_blks.0.transformer_layers.0.norm2,1.0,0.568205656052769,14832
TCFTransformer.latent.mhca_blks.0.transformer_layers.0.norm2,2.0,0.5839224779443914,14832
TCFTransformer.latent.mhca_blks.0.transformer_layers.0.norm2,3.0,0.5999268597773524,14832
TCFTransformer.latent.mhca_blks.0.transformer_layers.0.norm2,4.0,0.6161829058046753,14832
TCFTransformer.latent.mhca_blks.0.transformer_layers.0.norm2,5.0,0.6326398238240306,14832
TCFTransformer.latent.mhca_blks.0.transformer_layers.0.norm2,6.0,0.6492570796730289,14832
TCFTransformer.latent.mhca_blks.0.transformer_layers.0.norm2,7.0,0.6659811494084319,14832
TCFTransformer.latent.mhca_blks.0.transformer_layers.0.norm2,8.0,0.6827605689093148,14832
TCFTransformer.latent.mhca_blks.0.transformer_layers.0.norm2,9.0,0.6995364194082853,14832
TCFTransformer.latent.mhca_blks.0.transformer_layers.0.norm2,10.0,0.7162292689032765,14832
TCFTransformer.latent.mhca_blks.0.transformer_layers.0.norm2,11.0,0.732779704643154,14832
TCFTransformer.latent.mhca_blks.0.transformer_layers.0.norm2,12.0,0.7491109572399202,14832
TCFTransformer.latent.mhca_blks.0.transformer_layers.0.norm2,13.0,0.7651598837202516,14832
TCFTransformer.latent.mhca_blks.0.transformer_layers.0.norm2,14.0,0.7808610717961897,14832
TCFTransformer.latent.mhca_blks.0.transformer_layers.0.norm2,15.0,0.7961652358529734,14832
TCFTransformer.latent.mhca_blks.0.transformer_layers.0.norm2,16.0,0.8110154189265854,14832
TCFTransformer.latent.mhca_blks.0.transformer_layers.0.norm2,17.0,0.8253607248290648,14832
TCFTransformer.latent.mhca_blks.0.transformer_layers.0.norm2,18.0,0.8391575244332723,14832
TCFTransformer.latent.mhca_blks.0.transformer_layers.0.norm2,19.0,0.8523697483533152,14832
TCFTransformer.latent.mhca_blks.0.transformer_layers.0.norm2,20.0,0.8649607205697152,14832
TCFTransformer.latent.mhca_blks.0.transformer_layers.0.norm2,21.0,0.8769055160431607,14832
TCFTransformer.latent.mhca_blks.0.transformer_layers.0.norm2,22.0,0.8881844116421065,14832
TCFTransformer.latent.mhca_blks.0.transformer_layers.0.norm2,23.0,0.8987805832141232,14832
TCFTransformer.latent.mhca_blks.0.transformer_layers.0.norm2,24.0,0.9086810391368153,14832
TCFTransformer.latent.mhca_blks.0.transformer_layers.0.norm2,25.0,0.9178840849616895,14832
TCFTransformer.latent.mhca_blks.0.transformer_layers.0.norm2,26.0,0.9263980413557,14832
TCFTransformer.latent.mhca_blks.0.transformer_layers.0.norm2,27.0,0.9342433620031277,14832
TCFTransformer.latent.mhca_blks.0.transformer_layers.0.norm2,28.0,0.94144077368378,14832
TCFTransformer.latent.mhca_blks.0.transformer_layers.0.norm2,29.0,0.9480128703315409,14832
TCFTransformer.latent.mhca_blks.0.transformer_layers.0.norm2,30.0,0.9539950611120032,14832
TCFTransformer.latent.mhca_blks.0.transformer_layers.0.ffn.project_out,-10.0,0.7186626201071561,14832
TCFTransformer.latent.mhca_blks.0.transformer_layers.0.ffn.project_out,-9.0,0.7227016223098244,14832
TCFTransformer.latent.mhca_blks.0.transformer_layers.0.ffn.project_out,-8.0,0.7262983113193752,14832
TCFTransformer.latent.mhca_blks.0.transformer_layers.0.ffn.project_out,-7.0,0.7300843893718114,14832
TCFTransformer.latent.mhca_blks.0.transformer_layers.0.ffn.project_out,-6.0,0.7340913281797109,14832
TCFTransformer.latent.mhca_blks.0.transformer_layers.0.ffn.project_out,-5.0,0.7383674654723853,14832
TCFTransformer.latent.mhca_blks.0.transformer_layers.0.ffn.project_out,-4.0,0.7429427299065818,14832
TCFTransformer.latent.mhca_blks.0.transformer_layers.0.ffn.project_out,-3.0,0.747850152188681,14832
TCFTransformer.latent.mhca_blks.0.transformer_layers.0.ffn.project_out,-2.0,0.7530979093489716,14832
TCFTransformer.latent.mhca_blks.0.transformer_layers.0.ffn.project_out,-1.0,0.7586839599544917,14832
TCFTransformer.latent.mhca_blks.0.transformer_layers.0.ffn.project_out,0.0,0.764594023538896,14832
TCFTransformer.latent.mhca_blks.0.transformer_layers.0.ffn.project_out,1.0,0.7708066281899728,14832
TCFTransformer.latent.mhca_blks.0.transformer_layers.0.ffn.project_out,2.0,0.7772915623619943,14832
TCFTransformer.latent.mhca_blks.0.transformer_layers.0.ffn.project_out,3.0,0.7840218302083504,14832
TCFTransformer.latent.mhca_blks.0.transformer_layers.0.ffn.project_out,4.0,0.7909658390912102,14832
TCFTransformer.latent.mhca_blks.0.transformer_layers.0.ffn.project_out,5.0,0.7980881595126119,14832
TCFTransformer.latent.mhca_blks.0.transformer_layers.0.ffn.project_out,6.0,0.8053547680988795,14832
TCFTransformer.latent.mhca_blks.0.transformer_layers.0.ffn.project_out,7.0,0.8127306057431585,14832
TCFTransformer.latent.mhca_blks.0.transformer_layers.0.ffn.project_out,8.0,0.8201880520581395,14832
TCFTransformer.latent.mhca_blks.0.transformer_layers.0.ffn.project_out,9.0,0.8276957009236822,14832
TCFTransformer.latent.mhca_blks.0.transformer_layers.0.ffn.project_out,10.0,0.8352226645534029,14832
TCFTransformer.latent.mhca_blks.0.transformer_layers.0.ffn.project_out,11.0,0.842739760813413,14832
TCFTransformer.latent.mhca_blks.0.transformer_layers.0.ffn.project_out,12.0,0.8502213814393279,14832
TCFTransformer.latent.mhca_blks.0.transformer_layers.0.ffn.project_out,13.0,0.8576436901511272,14832
TCFTransformer.latent.mhca_blks.0.transformer_layers.0.ffn.project_out,14.0,0.8649767442107072,14832
TCFTransformer.latent.mhca_blks.0.transformer_layers.0.ffn.project_out,15.0,0.8722010538817867,14832
TCFTransformer.latent.mhca_blks.0.transformer_layers.0.ffn.project_out,16.0,0.8792958877410062,14832
TCFTransformer.latent.mhca_blks.0.transformer_layers.0.ffn.project_out,17.0,0.8862486565857323,14832
TCFTransformer.latent.mhca_blks.0.transformer_layers.0.ffn.project_out,18.0,0.8930414399913761,14832
TCFTransformer.latent.mhca_blks.0.transformer_layers.0.ffn.project_out,19.0,0.8996609627955393,14832
TCFTransformer.latent.mhca_blks.0.transformer_layers.0.ffn.project_out,20.0,0.9060906904358759,14832
TCFTransformer.latent.mhca_blks.0.transformer_layers.0.ffn.project_out,21.0,0.9123207035091703,14832
TCFTransformer.latent.mhca_blks.0.transformer_layers.0.ffn.project_out,22.0,0.9183406974746572,14832
TCFTransformer.latent.mhca_blks.0.transformer_layers.0.ffn.project_out,23.0,0.9241343926831261,14832
TCFTransformer.latent.mhca_blks.0.transformer_layers.0.ffn.project_out,24.0,0.9297014056145342,14832
TCFTransformer.latent.mhca_blks.0.transformer_layers.0.ffn.project_out,25.0,0.9350346035736954,14832
TCFTransformer.latent.mhca_blks.0.transformer_layers.0.ffn.project_out,26.0,0.9401293098323747,14832
TCFTransformer.latent.mhca_blks.0.transformer_layers.0.ffn.project_out,27.0,0.9449832372873731,14832
TCFTransformer.latent.mhca_blks.0.transformer_layers.0.ffn.project_out,28.0,0.9495923148253141,14832
TCFTransformer.latent.mhca_blks.0.transformer_layers.0.ffn.project_out,29.0,0.9539546896588007,14832
TCFTransformer.latent.mhca_blks.0.transformer_layers.0.ffn.project_out,30.0,0.9580706202112614,14832
TCFTransformer.latent.mhca_blks.0.transformer_layers.1.norm1,-10.0,0.6026294872580658,14832
TCFTransformer.latent.mhca_blks.0.transformer_layers.1.norm1,-9.0,0.6108420763291345,14832
TCFTransformer.latent.mhca_blks.0.transformer_layers.1.norm1,-8.0,0.6203862971725685,14832
TCFTransformer.latent.mhca_blks.0.transformer_layers.1.norm1,-7.0,0.6302657243720344,14832
TCFTransformer.latent.mhca_blks.0.transformer_layers.1.norm1,-6.0,0.6404182587076126,14832
TCFTransformer.latent.mhca_blks.0.transformer_layers.1.norm1,-5.0,0.6508111029083739,14832
TCFTransformer.latent.mhca_blks.0.transformer_layers.1.norm1,-4.0,0.6614104508348972,14832
TCFTransformer.latent.mhca_blks.0.transformer_layers.1.norm1,-3.0,0.6721998640610368,14832
TCFTransformer.latent.mhca_blks.0.transformer_layers.1.norm1,-2.0,0.6831632214231658,14832
TCFTransformer.latent.mhca_blks.0.transformer_layers.1.norm1,-1.0,0.6942848372147564,14832
TCFTransformer.latent.mhca_blks.0.transformer_layers.1.norm1,0.0,0.70554209522051,14832
TCFTransformer.latent.mhca_blks.0.transformer_layers.1.norm1,1.0,0.716914993904716,14832
TCFTransformer.latent.mhca_blks.0.transformer_layers.1.norm1,2.0,0.728378052163182,14832
TCFTransformer.latent.mhca_blks.0.transformer_layers.1.norm1,3.0,0.7399063145514766,14832
TCFTransformer.latent.mhca_blks.0.transformer_layers.1.norm1,4.0,0.7514700966323561,14832
TCFTransformer.latent.mhca_blks.0.transformer_layers.1.norm1,5.0,0.7630348892374107,14832
TCFTransformer.latent.mhca_blks.0.transformer_layers.1.norm1,6.0,0.7745684393598198,14832
TCFTransformer.latent.mhca_blks.0.transformer_layers.1.norm1,7.0,0.7860361566523968,14832
TCFTransformer.latent.mhca_blks.0.transformer_layers.1.norm1,8.0,0.7974059378915137,14832
TCFTransformer.latent.mhca_blks.0.transformer_layers.1.norm1,9.0,0.8086433782068432,14832
TCFTransformer.latent.mhca_blks.0.transformer_layers.1.norm1,10.0,0.8197041365489798,14832
TCFTransformer.latent.mhca_blks.0.transformer_layers.1.norm1,11.0,0.8305560309146534,14832
TCFTransformer.latent.mhca_blks.0.transformer_layers.1.norm1,12.0,0.8411632676396876,14832
TCFTransformer.latent.mhca_blks.0.transformer_layers.1.norm1,13.0,0.8514958640425884,14832
TCFTransformer.latent.mhca_blks.0.transformer_layers.1.norm1,14.0,0.861523313928062,14832
TCFTransformer.latent.mhca_blks.0.transformer_layers.1.norm1,15.0,0.8712250856439531,14832
TCFTransformer.latent.mhca_blks.0.transformer_layers.1.norm1,16.0,0.8805786090608618,14832
TCFTransformer.latent.mhca_blks.0.transformer_layers.1.norm1,17.0,0.8895661093238361,14832
TCFTransformer.latent.mhca_blks.0.transformer_layers.1.norm1,18.0,0.8981705316962292,14832
TCFTransformer.latent.mhca_blks.0.transformer_layers.1.norm1,19.0,0.9063815288406423,14832
TCFTransformer.latent.mhca_blks.0.transformer_layers.1.norm1,20.0,0.9141860907533663,14832
TCFTransformer.latent.mhca_blks.0.transformer_layers.1.norm1,21.0,0.9215778096979876,14832
TCFTransformer.latent.mhca_blks.0.transformer_layers.1.norm1,22.0,0.9285542061502172,14832
TCFTransformer.latent.mhca_blks.0.transformer_layers.1.norm1,23.0,0.935112937778524,14832
TCFTransformer.latent.mhca_blks.0.transformer_layers.1.norm1,24.0,0.9412522370913974,14832
TCFTransformer.latent.mhca_blks.0.transformer_layers.1.norm1,25.0,0.9469749928485229,14832
TCFTransformer.latent.mhca_blks.0.transformer_layers.1.norm1,26.0,0.952288015925415,14832
TCFTransformer.latent.mhca_blks.0.transformer_layers.1.norm1,27.0,0.9572043247167282,14832
TCFTransformer.latent.mhca_blks.0.transformer_layers.1.norm1,28.0,0.9617361159193477,14832
TCFTransformer.latent.mhca_blks.0.transformer_layers.1.norm1,29.0,0.9658954070103403,14832
TCFTransformer.latent.mhca_blks.0.transformer_layers.1.norm1,30.0,0.9697010495459829,14832
TCFTransformer.latent.mhca_blks.0.transformer_layers.1.norm2,-10.0,0.4320849738844309,14832
TCFTransformer.latent.mhca_blks.0.transformer_layers.1.norm2,-9.0,0.44272955407025827,14832
TCFTransformer.latent.mhca_blks.0.transformer_layers.1.norm2,-8.0,0.45417756555871214,14832
TCFTransformer.latent.mhca_blks.0.transformer_layers.1.norm2,-7.0,0.4661006170471661,14832
TCFTransformer.latent.mhca_blks.0.transformer_layers.1.norm2,-6.0,0.4784438637971372,14832
TCFTransformer.latent.mhca_blks.0.transformer_layers.1.norm2,-5.0,0.4911836668052294,14832
TCFTransformer.latent.mhca_blks.0.transformer_layers.1.norm2,-4.0,0.5042938708911421,14832
TCFTransformer.latent.mhca_blks.0.transformer_layers.1.norm2,-3.0,0.5177599546246375,14832
TCFTransformer.latent.mhca_blks.0.transformer_layers.1.norm2,-2.0,0.5315627092847193,14832
TCFTransformer.latent.mhca_blks.0.transformer_layers.1.norm2,-1.0,0.5456910446856849,14832
TCFTransformer.latent.mhca_blks.0.transformer_layers.1.norm2,0.0,0.5601299851992144,14832
TCFTransformer.latent.mhca_blks.0.transformer_layers.1.norm2,1.0,0.5748674228170558,14832
TCFTransformer.latent.mhca_blks.0.transformer_layers.1.norm2,2.0,0.5898855742501112,14832
TCFTransformer.latent.mhca_blks.0.transformer_layers.1.norm2,3.0,0.605162949529361,14832
TCFTransformer.latent.mhca_blks.0.transformer_layers.1.norm2,4.0,0.6206689849415513,14832
TCFTransformer.latent.mhca_blks.0.transformer_layers.1.norm2,5.0,0.6363683868693881,14832
TCFTransformer.latent.mhca_blks.0.transformer_layers.1.norm2,6.0,0.6522220051661535,14832
TCFTransformer.latent.mhca_blks.0.transformer_layers.1.norm2,7.0,0.6681845638400673,14832
TCFTransformer.latent.mhca_blks.0.transformer_layers.1.norm2,8.0,0.6842105823248512,14832
TCFTransformer.latent.mhca_blks.0.transformer_layers.1.norm2,9.0,0.7002477137604978,14832
TCFTransformer.latent.mhca_blks.0.transformer_layers.1.norm2,10.0,0.7162290394091184,14832
TCFTransformer.latent.mhca_blks.0.transformer_layers.1.norm2,11.0,0.7320982026410445,14832
TCFTransformer.latent.mhca_blks.0.transformer_layers.1.norm2,12.0,0.7477889622299415,14832
TCFTransformer.latent.mhca_blks.0.transformer_layers.1.norm2,13.0,0.76324135442832,14832
TCFTransformer.latent.mhca_blks.0.transformer_layers.1.norm2,14.0,0.7783924494091392,14832
TCFTransformer.latent.mhca_blks.0.transformer_layers.1.norm2,15.0,0.7931928473676453,14832
TCFTransformer.latent.mhca_blks.0.transformer_layers.1.norm2,16.0,0.8075867343951164,14832
TCFTransformer.latent.mhca_blks.0.transformer_layers.1.norm2,17.0,0.8215283617325038,14832
TCFTransformer.latent.mhca_blks.0.transformer_layers.1.norm2,18.0,0.8349748625587814,14832
TCFTransformer.latent.mhca_blks.0.transformer_layers.1.norm2,19.0,0.8478973718518803,14832
TCFTransformer.latent.mhca_blks.0.transformer_layers.1.norm2,20.0,0.8602617937135144,14832
TCFTransformer.latent.mhca_blks.0.transformer_layers.1.norm2,21.0,0.8720488398081695,14832
TCFTransformer.latent.mhca_blks.0.transformer_layers.1.norm2,22.0,0.8832411265448781,14832
TCFTransformer.latent.mhca_blks.0.transformer_layers.1.norm2,23.0,0.8938246456345595,14832
TCFTransformer.latent.mhca_blks.0.transformer_layers.1.norm2,24.0,0.9037868981917732,14832
TCFTransformer.latent.mhca_blks.0.transformer_layers.1.norm2,25.0,0.9131218614950856,14832
TCFTransformer.latent.mhca_blks.0.transformer_layers.1.norm2,26.0,0.9218302116364625,14832
TCFTransformer.latent.mhca_blks.0.transformer_layers.1.norm2,27.0,0.9299205778048102,14832
TCFTransformer.latent.mhca_blks.0.transformer_layers.1.norm2,28.0,0.9374029582533121,14832
TCFTransformer.latent.mhca_blks.0.transformer_layers.1.norm2,29.0,0.9442885053758996,14832
TCFTransformer.latent.mhca_blks.0.transformer_layers.1.norm2,30.0,0.9505996325665111,14832
TCFTransformer.latent.mhca_blks.0.transformer_layers.1.ffn.project_out,-10.0,0.5358213400568697,14832
TCFTransformer.latent.mhca_blks.0.transformer_layers.1.ffn.project_out,-9.0,0.5453721217604146,14832
TCFTransformer.latent.mhca_blks.0.transformer_layers.1.ffn.project_out,-8.0,0.5532171582509767,14832
TCFTransformer.latent.mhca_blks.0.transformer_layers.1.ffn.project_out,-7.0,0.5612792933948474,14832
TCFTransformer.latent.mhca_blks.0.transformer_layers.1.ffn.project_out,-6.0,0.5695910445829409,14832
TCFTransformer.latent.mhca_blks.0.transformer_layers.1.ffn.project_out,-5.0,0.5782161296396531,14832
TCFTransformer.latent.mhca_blks.0.transformer_layers.1.ffn.project_out,-4.0,0.5871811474873377,14832
TCFTransformer.latent.mhca_blks.0.transformer_layers.1.ffn.project_out,-3.0,0.5965361298969118,14832
TCFTransformer.latent.mhca_blks.0.transformer_layers.1.ffn.project_out,-2.0,0.6063069219519147,14832
TCFTransformer.latent.mhca_blks.0.transformer_layers.1.ffn.project_out,-1.0,0.6164902077943586,14832
TCFTransformer.latent.mhca_blks.0.transformer_layers.1.ffn.project_out,0.0,0.6270705712878798,14832
TCFTransformer.latent.mhca_blks.0.transformer_layers.1.ffn.project_out,1.0,0.6380259954333385,14832
TCFTransformer.latent.mhca_blks.0.transformer_layers.1.ffn.project_out,2.0,0.649318065103485,14832
TCFTransformer.latent.mhca_blks.0.transformer_layers.1.ffn.project_out,3.0,0.660899551923888,14832
TCFTransformer.latent.mhca_blks.0.transformer_layers.1.ffn.project_out,4.0,0.6727166274962333,14832
TCFTransformer.latent.mhca_blks.0.transformer_layers.1.ffn.project_out,5.0,0.6847175845781899,14832
TCFTransformer.latent.mhca_blks.0.transformer_layers.1.ffn.project_out,6.0,0.6968560676786651,14832
TCFTransformer.latent.mhca_blks.0.transformer_layers.1.ffn.project_out,7.0,0.7090839928351624,14832
TCFTransformer.latent.mhca_blks.0.transformer_layers.1.ffn.project_out,8.0,0.7213665342004618,14832
TCFTransformer.latent.mhca_blks.0.transformer_layers.1.ffn.project_out,9.0,0.7336620755971859,14832
TCFTransformer.latent.mhca_blks.0.transformer_layers.1.ffn.project_out,10.0,0.7459253186084724,14832
TCFTransformer.latent.mhca_blks.0.transformer_layers.1.ffn.project_out,11.0,0.7581175664236857,14832
TCFTransformer.latent.mhca_blks.0.transformer_layers.1.ffn.project_out,12.0,0.7701962489469987,14832
TCFTransformer.latent.mhca_blks.0.transformer_layers.1.ffn.project_out,13.0,0.782142713004894,14832
TCFTransformer.latent.mhca_blks.0.transformer_layers.1.ffn.project_out,14.0,0.7939146247721542,14832
TCFTransformer.latent.mhca_blks.0.transformer_layers.1.ffn.project_out,15.0,0.8054826827770041,14832
TCFTransformer.latent.mhca_blks.0.transformer_layers.1.ffn.project_out,16.0,0.816814997258567,14832
TCFTransformer.latent.mhca_blks.0.transformer_layers.1.ffn.project_out,17.0,0.8278823560716618,14832
TCFTransformer.latent.mhca_blks.0.transformer_layers.1.ffn.project_out,18.0,0.8386653651339692,14832
TCFTransformer.latent.mhca_blks.0.transformer_layers.1.ffn.project_out,19.0,0.8491460375805278,14832
TCFTransformer.latent.mhca_blks.0.transformer_layers.1.ffn.project_out,20.0,0.8593060693079696,14832
TCFTransformer.latent.mhca_blks.0.transformer_layers.1.ffn.project_out,21.0,0.8691312828379509,14832
TCFTransformer.latent.mhca_blks.0.transformer_layers.1.ffn.project_out,22.0,0.8786064395711164,14832
TCFTransformer.latent.mhca_blks.0.transformer_layers.1.ffn.project_out,23.0,0.8877099607071507,14832
TCFTransformer.latent.mhca_blks.0.transformer_layers.1.ffn.project_out,24.0,0.8964338320374746,14832
TCFTransformer.latent.mhca_blks.0.transformer_layers.1.ffn.project_out,25.0,0.9047647685961882,14832
TCFTransformer.latent.mhca_blks.0.transformer_layers.1.ffn.project_out,26.0,0.9126909649061861,14832
TCFTransformer.latent.mhca_blks.0.transformer_layers.1.ffn.project_out,27.0,0.9202058560977476,14832
TCFTransformer.latent.mhca_blks.0.transformer_layers.1.ffn.project_out,28.0,0.9273050116111866,14832
TCFTransformer.latent.mhca_blks.0.transformer_layers.1.ffn.project_out,29.0,0.9339844084926503,14832
TCFTransformer.latent.mhca_blks.0.transformer_layers.1.ffn.project_out,30.0,0.9402477864533696,14832
TCFTransformer.latent.mhca_blks.0.transformer_layers.2.norm1,-10.0,0.5071285571661872,14832
TCFTransformer.latent.mhca_blks.0.transformer_layers.2.norm1,-9.0,0.5155574646522215,14832
TCFTransformer.latent.mhca_blks.0.transformer_layers.2.norm1,-8.0,0.5247978843123668,14832
TCFTransformer.latent.mhca_blks.0.transformer_layers.2.norm1,-7.0,0.534451523422994,14832
TCFTransformer.latent.mhca_blks.0.transformer_layers.2.norm1,-6.0,0.5445213213496658,14832
TCFTransformer.latent.mhca_blks.0.transformer_layers.2.norm1,-5.0,0.5550332996510009,14832
TCFTransformer.latent.mhca_blks.0.transformer_layers.2.norm1,-4.0,0.5659878439427691,14832
TCFTransformer.latent.mhca_blks.0.transformer_layers.2.norm1,-3.0,0.5773818640072529,14832
TCFTransformer.latent.mhca_blks.0.transformer_layers.2.norm1,-2.0,0.5891996964846437,14832
TCFTransformer.latent.mhca_blks.0.transformer_layers.2.norm1,-1.0,0.6014185467988108,14832
TCFTransformer.latent.mhca_blks.0.transformer_layers.2.norm1,0.0,0.6140089944706266,14832
TCFTransformer.latent.mhca_blks.0.transformer_layers.2.norm1,1.0,0.6269427022154261,14832
TCFTransformer.latent.mhca_blks.0.transformer_layers.2.norm1,2.0,0.6401848192824035,14832
TCFTransformer.latent.mhca_blks.0.transformer_layers.2.norm1,3.0,0.6536970098755105,14832
TCFTransformer.latent.mhca_blks.0.transformer_layers.2.norm1,4.0,0.6674294206971845,14832
TCFTransformer.latent.mhca_blks.0.transformer_layers.2.norm1,5.0,0.6813331678943727,14832
TCFTransformer.latent.mhca_blks.0.transformer_layers.2.norm1,6.0,0.6953587421088476,14832
TCFTransformer.latent.mhca_blks.0.transformer_layers.2.norm1,7.0,0.709454432561865,14832
TCFTransformer.latent.mhca_blks.0.transformer_layers.2.norm1,8.0,0.723572014287484,14832
TCFTransformer.latent.mhca_blks.0.transformer_layers.2.norm1,9.0,0.7376562675828879,14832
TCFTransformer.latent.mhca_blks.0.transformer_layers.2.norm1,10.0,0.7516448533256912,14832
TCFTransformer.latent.mhca_blks.0.transformer_layers.2.norm1,11.0,0.7654845945500921,14832
TCFTransformer.latent.mhca_blks.0.transformer_layers.2.norm1,12.0,0.7791204516190189,14832
TCFTransformer.latent.mhca_blks.0.transformer_layers.2.norm1,13.0,0.7925070918304795,14832
TCFTransformer.latent.mhca_blks.0.transformer_layers.2.norm1,14.0,0.8055952978285258,14832
TCFTransformer.latent.mhca_blks.0.transformer_layers.2.norm1,15.0,0.8183491310725608,14832
TCFTransformer.latent.mhca_blks.0.transformer_layers.2.norm1,16.0,0.8307279023565876,14832
TCFTransformer.latent.mhca_blks.0.transformer_layers.2.norm1,17.0,0.8426999915752885,14832
TCFTransformer.latent.mhca_blks.0.transformer_layers.2.norm1,18.0,0.8542369135877493,14832
TCFTransformer.latent.mhca_blks.0.transformer_layers.2.norm1,19.0,0.8653194724974961,14832
TCFTransformer.latent.mhca_blks.0.transformer_layers.2.norm1,20.0,0.875928648678182,14832
TCFTransformer.latent.mhca_blks.0.transformer_layers.2.norm1,21.0,0.8860546641389339,14832
TCFTransformer.latent.mhca_blks.0.transformer_layers.2.norm1,22.0,0.8956864304004684,14832
TCFTransformer.latent.mhca_blks.0.transformer_layers.2.norm1,23.0,0.9048144698259547,14832
TCFTransformer.latent.mhca_blks.0.transformer_layers.2.norm1,24.0,0.9134303692109407,14832
TCFTransformer.latent.mhca_blks.0.transformer_layers.2.norm1,25.0,0.9215278848764581,14832
TCFTransformer.latent.mhca_blks.0.transformer_layers.2.norm1,26.0,0.9291071799636982,14832
TCFTransformer.latent.mhca_blks.0.transformer_layers.2.norm1,27.0,0.9361735730157701,14832
TCFTransformer.latent.mhca_blks.0.transformer_layers.2.norm1,28.0,0.9427343637169115,14832
TCFTransformer.latent.mhca_blks.0.transformer_layers.2.norm1,29.0,0.9487984859723169,14832
TCFTransformer.latent.mhca_blks.0.transformer_layers.2.norm1,30.0,0.9543830350386993,14832
TCFTransformer.latent.mhca_blks.0.transformer_layers.2.norm2,-10.0,0.32964860198455703,14832
TCFTransformer.latent.mhca_blks.0.transformer_layers.2.norm2,-9.0,0.34050793415578456,14832
TCFTransformer.latent.mhca_blks.0.transformer_layers.2.norm2,-8.0,0.35187775034888447,14832
TCFTransformer.latent.mhca_blks.0.transformer_layers.2.norm2,-7.0,0.3640858139174648,14832
TCFTransformer.latent.mhca_blks.0.transformer_layers.2.norm2,-6.0,0.3771212556135179,14832
TCFTransformer.latent.mhca_blks.0.transformer_layers.2.norm2,-5.0,0.3909443459054606,14832
TCFTransformer.latent.mhca_blks.0.transformer_layers.2.norm2,-4.0,0.40549073710901007,14832
TCFTransformer.latent.mhca_blks.0.transformer_layers.2.norm2,-3.0,0.4207026436276927,14832
TCFTransformer.latent.mhca_blks.0.transformer_layers.2.norm2,-2.0,0.4365007577226884,14832
TCFTransformer.latent.mhca_blks.0.transformer_layers.2.norm2,-1.0,0.45283035548080364,14832
TCFTransformer.latent.mhca_blks.0.transformer_layers.2.norm2,0.0,0.46961987419144324,14832
TCFTransformer.latent.mhca_blks.0.transformer_layers.2.norm2,1.0,0.48680722748432737,14832
TCFTransformer.latent.mhca_blks.0.transformer_layers.2.norm2,2.0,0.5043188107994655,14832
TCFTransformer.latent.mhca_blks.0.transformer_layers.2.norm2,3.0,0.5220897342063319,14832
TCFTransformer.latent.mhca_blks.0.transformer_layers.2.norm2,4.0,0.5400628452817181,14832
TCFTransformer.latent.mhca_blks.0.transformer_layers.2.norm2,5.0,0.5581782611092992,14832
TCFTransformer.latent.mhca_blks.0.transformer_layers.2.norm2,6.0,0.5763856791795714,14832
TCFTransformer.latent.mhca_blks.0.transformer_layers.2.norm2,7.0,0.5946257258268092,14832
TCFTransformer.latent.mhca_blks.0.transformer_layers.2.norm2,8.0,0.6128641043195928,14832
TCFTransformer.latent.mhca_blks.0.transformer_layers.2.norm2,9.0,0.6310534395343806,14832
TCFTransformer.latent.mhca_blks.0.transformer_layers.2.norm2,10.0,0.6491365043231423,14832
TCFTransformer.latent.mhca_blks.0.transformer_layers.2.norm2,11.0,0.667060901243099,14832
TCFTransformer.latent.mhca_blks.0.transformer_layers.2.norm2,12.0,0.6847763462976715,14832
TCFTransformer.latent.mhca_blks.0.transformer_layers.2.norm2,13.0,0.70223561958877,14832
TCFTransformer.latent.mhca_blks.0.transformer_layers.2.norm2,14.0,0.7193819764979432,14832
TCFTransformer.latent.mhca_blks.0.transformer_layers.2.norm2,15.0,0.7361684635094696,14832
TCFTransformer.latent.mhca_blks.0.transformer_layers.2.norm2,16.0,0.7525460582724829,14832
TCFTransformer.latent.mhca_blks.0.transformer_layers.2.norm2,17.0,0.7684705731697067,14832
TCFTransformer.latent.mhca_blks.0.transformer_layers.2.norm2,18.0,0.7838967429592547,14832
TCFTransformer.latent.mhca_blks.0.transformer_layers.2.norm2,19.0,0.7987941745889676,14832
TCFTransformer.latent.mhca_blks.0.transformer_layers.2.norm2,20.0,0.8131354695754658,14832
TCFTransformer.latent.mhca_blks.0.transformer_layers.2.norm2,21.0,0.826913159656084,14832
TCFTransformer.latent.mhca_blks.0.transformer_layers.2.norm2,22.0,0.8401104700676254,14832
TCFTransformer.latent.mhca_blks.0.transformer_layers.2.norm2,23.0,0.8527201852201611,14832
TCFTransformer.latent.mhca_blks.0.transformer_layers.2.norm2,24.0,0.864739707101462,14832
TCFTransformer.latent.mhca_blks.0.transformer_layers.2.norm2,25.0,0.8761621585322751,14832
TCFTransformer.latent.mhca_blks.0.transformer_layers.2.norm2,26.0,0.8869885190188114,14832
TCFTransformer.latent.mhca_blks.0.transformer_layers.2.norm2,27.0,0.8972305890871964,14832
TCFTransformer.latent.mhca_blks.0.transformer_layers.2.norm2,28.0,0.9068938451633257,14832
TCFTransformer.latent.mhca_blks.0.transformer_layers.2.norm2,29.0,0.9159823296774486,14832
TCFTransformer.latent.mhca_blks.0.transformer_layers.2.norm2,30.0,0.9245035500298813,14832
TCFTransformer.latent.mhca_blks.0.transformer_layers.2.ffn.project_out,-10.0,0.2837916288159168,14832
TCFTransformer.latent.mhca_blks.0.transformer_layers.2.ffn.project_out,-9.0,0.2940990489348971,14832
TCFTransformer.latent.mhca_blks.0.transformer_layers.2.ffn.project_out,-8.0,0.3041471931063635,14832
TCFTransformer.latent.mhca_blks.0.transformer_layers.2.ffn.project_out,-7.0,0.31475451528451365,14832
TCFTransformer.latent.mhca_blks.0.transformer_layers.2.ffn.project_out,-6.0,0.32580623972383377,14832
TCFTransformer.latent.mhca_blks.0.transformer_layers.2.ffn.project_out,-5.0,0.3372169522314404,14832
TCFTransformer.latent.mhca_blks.0.transformer_layers.2.ffn.project_out,-4.0,0.34893356768129047,14832
TCFTransformer.latent.mhca_blks.0.transformer_layers.2.ffn.project_out,-3.0,0.36098584280416623,14832
TCFTransformer.latent.mhca_blks.0.transformer_layers.2.ffn.project_out,-2.0,0.3734249416110835,14832
TCFTransformer.latent.mhca_blks.0.transformer_layers.2.ffn.project_out,-1.0,0.3863309386152143,14832
TCFTransformer.latent.mhca_blks.0.transformer_layers.2.ffn.project_out,0.0,0.3997665482694775,14832
TCFTransformer.latent.mhca_blks.0.transformer_layers.2.ffn.project_out,1.0,0.41379404683399473,14832
TCFTransformer.latent.mhca_blks.0.transformer_layers.2.ffn.project_out,2.0,0.428482173359325,14832
TCFTransformer.latent.mhca_blks.0.transformer_layers.2.ffn.project_out,3.0,0.4438779868513041,14832
TCFTransformer.latent.mhca_blks.0.transformer_layers.2.ffn.project_out,4.0,0.4600247142016647,14832
TCFTransformer.latent.mhca_blks.0.transformer_layers.2.ffn.project_out,5.0,0.4769448257707454,14832
TCFTransformer.latent.mhca_blks.0.transformer_layers.2.ffn.project_out,6.0,0.4946410931313276,14832
TCFTransformer.latent.mhca_blks.0.transformer_layers.2.ffn.project_out,7.0,0.513103356050426,14832
TCFTransformer.latent.mhca_blks.0.transformer_layers.2.ffn.project_out,8.0,0.5323152728519426,14832
TCFTransformer.latent.mhca_blks.0.transformer_layers.2.ffn.project_out,9.0,0.5522423342318388,14832
TCFTransformer.latent.mhca_blks.0.transformer_layers.2.ffn.project_out,10.0,0.5728196632930811,14832
TCFTransformer.latent.mhca_blks.0.transformer_layers.2.ffn.project_out,11.0,0.593964409825574,14832
TCFTransformer.latent.mhca_blks.0.transformer_layers.2.ffn.project_out,12.0,0.6155674260626062,14832
TCFTransformer.latent.mhca_blks.0.transformer_layers.2.ffn.project_out,13.0,0.6375116493960815,14832
TCFTransformer.latent.mhca_blks.0.transformer_layers.2.ffn.project_out,14.0,0.6596477918825168,14832
TCFTransformer.latent.mhca_blks.0.transformer_layers.2.ffn.project_out,15.0,0.6818201493074014,14832
TCFTransformer.latent.mhca_blks.0.transformer_layers.2.ffn.project_out,16.0,0.7038655489976513,14832
TCFTransformer.latent.mhca_blks.0.transformer_layers.2.ffn.project_out,17.0,0.7256193775764015,14832
TCFTransformer.latent.mhca_blks.0.transformer_layers.2.ffn.project_out,18.0,0.7469019631844138,14832
TCFTransformer.latent.mhca_blks.0.transformer_layers.2.ffn.project_out,19.0,0.7675654321935074,14832
TCFTransformer.latent.mhca_blks.0.transformer_layers.2.ffn.project_out,20.0,0.78747581324953,14832
TCFTransformer.latent.mhca_blks.0.transformer_layers.2.ffn.project_out,21.0,0.806527840429686,14832
TCFTransformer.latent.mhca_blks.0.transformer_layers.2.ffn.project_out,22.0,0.8246317472200372,14832
TCFTransformer.latent.mhca_blks.0.transformer_layers.2.ffn.project_out,23.0,0.8417248052887483,14832
TCFTransformer.latent.mhca_blks.0.transformer_layers.2.ffn.project_out,24.0,0.8577620533436634,14832
TCFTransformer.latent.mhca_blks.0.transformer_layers.2.ffn.project_out,25.0,0.8727126044543718,14832
TCFTransformer.latent.mhca_blks.0.transformer_layers.2.ffn.project_out,26.0,0.886577346718829,14832
TCFTransformer.latent.mhca_blks.0.transformer_layers.2.ffn.project_out,27.0,0.899372535913443,14832
TCFTransformer.latent.mhca_blks.0.transformer_layers.2.ffn.project_out,28.0,0.9111246936778742,14832
TCFTransformer.latent.mhca_blks.0.transformer_layers.2.ffn.project_out,29.0,0.921861438337862,14832
TCFTransformer.latent.mhca_blks.0.transformer_layers.2.ffn.project_out,30.0,0.9316238545086297,14832
TCFTransformer.latent.mhca_blks.0.transformer_layers.3.norm1,-10.0,0.3899944895886472,14832
TCFTransformer.latent.mhca_blks.0.transformer_layers.3.norm1,-9.0,0.39994144800773135,14832
TCFTransformer.latent.mhca_blks.0.transformer_layers.3.norm1,-8.0,0.41117455803476743,14832
TCFTransformer.latent.mhca_blks.0.transformer_layers.3.norm1,-7.0,0.4231638472121382,14832
TCFTransformer.latent.mhca_blks.0.transformer_layers.3.norm1,-6.0,0.43583171924188363,14832
TCFTransformer.latent.mhca_blks.0.transformer_layers.3.norm1,-5.0,0.44907425015766933,14832
TCFTransformer.latent.mhca_blks.0.transformer_layers.3.norm1,-4.0,0.46278603098374316,14832
TCFTransformer.latent.mhca_blks.0.transformer_layers.3.norm1,-3.0,0.47690062781448245,14832
TCFTransformer.latent.mhca_blks.0.transformer_layers.3.norm1,-2.0,0.4913480254342255,14832
TCFTransformer.latent.mhca_blks.0.transformer_layers.3.norm1,-1.0,0.5060950519000668,14832
TCFTransformer.latent.mhca_blks.0.transformer_layers.3.norm1,0.0,0.5211038945047857,14832
TCFTransformer.latent.mhca_blks.0.transformer_layers.3.norm1,1.0,0.5363515472871442,14832
TCFTransformer.latent.mhca_blks.0.transformer_layers.3.norm1,2.0,0.5518114746567324,14832
TCFTransformer.latent.mhca_blks.0.transformer_layers.3.norm1,3.0,0.5674660857485561,14832
TCFTransformer.latent.mhca_blks.0.transformer_layers.3.norm1,4.0,0.5833041573007627,14832
TCFTransformer.latent.mhca_blks.0.transformer_layers.3.norm1,5.0,0.5993047452229353,14832
TCFTransformer.latent.mhca_blks.0.transformer_layers.3.norm1,6.0,0.6154486453080269,14832
TCFTransformer.latent.mhca_blks.0.transformer_layers.3.norm1,7.0,0.6317009933236606,14832
TCFTransformer.latent.mhca_blks.0.transformer_layers.3.norm1,8.0,0.648043674166679,14832
TCFTransformer.latent.mhca_blks.0.transformer_layers.3.norm1,9.0,0.6644491544987969,14832
TCFTransformer.latent.mhca_blks.0.transformer_layers.3.norm1,10.0,0.6808730994191465,14832
TCFTransformer.latent.mhca_blks.0.transformer_layers.3.norm1,11.0,0.6972715614048087,14832
TCFTransformer.latent.mhca_blks.0.transformer_layers.3.norm1,12.0,0.7135954889696907,14832
TCFTransformer.latent.mhca_blks.0.transformer_layers.3.norm1,13.0,0.7297950825094373,14832
TCFTransformer.latent.mhca_blks.0.transformer_layers.3.norm1,14.0,0.7458049896803103,14832
TCFTransformer.latent.mhca_blks.0.transformer_layers.3.norm1,15.0,0.7615654526525525,14832
TCFTransformer.latent.mhca_blks.0.transformer_layers.3.norm1,16.0,0.7770145738250229,14832
TCFTransformer.latent.mhca_blks.0.transformer_layers.3.norm1,17.0,0.7920919695312505,14832
TCFTransformer.latent.mhca_blks.0.transformer_layers.3.norm1,18.0,0.8067311194766524,14832
TCFTransformer.latent.mhca_blks.0.transformer_layers.3.norm1,19.0,0.8208840209729528,14832
TCFTransformer.latent.mhca_blks.0.transformer_layers.3.norm1,20.0,0.8345054893411833,14832
TCFTransformer.latent.mhca_blks.0.transformer_layers.3.norm1,21.0,0.8475698449959358,14832
TCFTransformer.latent.mhca_blks.0.transformer_layers.3.norm1,22.0,0.8600472981047926,14832
TCFTransformer.latent.mhca_blks.0.transformer_layers.3.norm1,23.0,0.871921282852352,14832
TCFTransformer.latent.mhca_blks.0.transformer_layers.3.norm1,24.0,0.8831793530497545,14832
TCFTransformer.latent.mhca_blks.0.transformer_layers.3.norm1,25.0,0.8938087522903176,14832
TCFTransformer.latent.mhca_blks.0.transformer_layers.3.norm1,26.0,0.903809027563471,14832
TCFTransformer.latent.mhca_blks.0.transformer_layers.3.norm1,27.0,0.9131906873666098,14832
TCFTransformer.latent.mhca_blks.0.transformer_layers.3.norm1,28.0,0.9219624295653909,14832
TCFTransformer.latent.mhca_blks.0.transformer_layers.3.norm1,29.0,0.9301328062528932,14832
TCFTransformer.latent.mhca_blks.0.transformer_layers.3.norm1,30.0,0.9377177763557485,14832
TCFTransformer.latent.mhca_blks.0.transformer_layers.3.norm2,-10.0,0.23504102044297281,14832
TCFTransformer.latent.mhca_blks.0.transformer_layers.3.norm2,-9.0,0.2467368298659539,14832
TCFTransformer.latent.mhca_blks.0.transformer_layers.3.norm2,-8.0,0.25900104295117266,14832
TCFTransformer.latent.mhca_blks.0.transformer_layers.3.norm2,-7.0,0.2722957894327109,14832
TCFTransformer.latent.mhca_blks.0.transformer_layers.3.norm2,-6.0,0.28670566292851857,14832
TCFTransformer.latent.mhca_blks.0.transformer_layers.3.norm2,-5.0,0.3022900694581111,14832
TCFTransformer.latent.mhca_blks.0.transformer_layers.3.norm2,-4.0,0.3189776697945294,14832
TCFTransformer.latent.mhca_blks.0.transformer_layers.3.norm2,-3.0,0.33666714958149835,14832
TCFTransformer.latent.mhca_blks.0.transformer_layers.3.norm2,-2.0,0.3552132342665023,14832
TCFTransformer.latent.mhca_blks.0.transformer_layers.3.norm2,-1.0,0.37452041921446944,14832
TCFTransformer.latent.mhca_blks.0.transformer_layers.3.norm2,0.0,0.39459132532284724,14832
TCFTransformer.latent.mhca_blks.0.transformer_layers.3.norm2,1.0,0.41541670247165935,14832
TCFTransformer.latent.mhca_blks.0.transformer_layers.3.norm2,2.0,0.43691618757738354,14832
TCFTransformer.latent.mhca_blks.0.transformer_layers.3.norm2,3.0,0.4590199158334564,14832
TCFTransformer.latent.mhca_blks.0.transformer_layers.3.norm2,4.0,0.48164478483375767,14832
TCFTransformer.latent.mhca_blks.0.transformer_layers.3.norm2,5.0,0.5046451507347708,14832
TCFTransformer.latent.mhca_blks.0.transformer_layers.3.norm2,6.0,0.5279487909338746,14832
TCFTransformer.latent.mhca_blks.0.transformer_layers.3.norm2,7.0,0.5514837095901739,14832
TCFTransformer.latent.mhca_blks.0.transformer_layers.3.norm2,8.0,0.5751761460537141,14832
TCFTransformer.latent.mhca_blks.0.transformer_layers.3.norm2,9.0,0.5988991017832132,14832
TCFTransformer.latent.mhca_blks.0.transformer_layers.3.norm2,10.0,0.6225136096670645,14832
TCFTransformer.latent.mhca_blks.0.transformer_layers.3.norm2,11.0,0.6459042064859628,14832
TCFTransformer.latent.mhca_blks.0.transformer_layers.3.norm2,12.0,0.6689482376536007,14832
TCFTransformer.latent.mhca_blks.0.transformer_layers.3.norm2,13.0,0.6915412713907169,14832
TCFTransformer.latent.mhca_blks.0.transformer_layers.3.norm2,14.0,0.713564991722428,14832
TCFTransformer.latent.mhca_blks.0.transformer_layers.3.norm2,15.0,0.7349438199124417,14832
TCFTransformer.latent.mhca_blks.0.transformer_layers.3.norm2,16.0,0.7555676805113665,14832
TCFTransformer.latent.mhca_blks.0.transformer_layers.3.norm2,17.0,0.7753510097355181,14832
TCFTransformer.latent.mhca_blks.0.transformer_layers.3.norm2,18.0,0.7941682318083845,14832
TCFTransformer.latent.mhca_blks.0.transformer_layers.3.norm2,19.0,0.8119609858966287,14832
TCFTransformer.latent.mhca_blks.0.transformer_layers.3.norm2,20.0,0.8287020713520892,14832
TCFTransformer.latent.mhca_blks.0.transformer_layers.3.norm2,21.0,0.8443785976315122,14832
TCFTransformer.latent.mhca_blks.0.transformer_layers.3.norm2,22.0,0.8589567485222234,14832
TCFTransformer.latent.mhca_blks.0.transformer_layers.3.norm2,23.0,0.8724595474927188,14832
TCFTransformer.latent.mhca_blks.0.transformer_layers.3.norm2,24.0,0.8849260116120581,14832
TCFTransformer.latent.mhca_blks.0.transformer_layers.3.norm2,25.0,0.8963938664088372,14832
TCFTransformer.latent.mhca_blks.0.transformer_layers.3.norm2,26.0,0.9069209944099157,14832
TCFTransformer.latent.mhca_blks.0.transformer_layers.3.norm2,27.0,0.9165651611963681,14832
TCFTransformer.latent.mhca_blks.0.transformer_layers.3.norm2,28.0,0.9254054948978906,14832
TCFTransformer.latent.mhca_blks.0.transformer_layers.3.norm2,29.0,0.9335133178489124,14832
TCFTransformer.latent.mhca_blks.0.transformer_layers.3.norm2,30.0,0.9409461441573393,14832
TCFTransformer.latent.mhca_blks.0.transformer_layers.3.ffn.project_out,-10.0,0.3034297225503562,14832
TCFTransformer.latent.mhca_blks.0.transformer_layers.3.ffn.project_out,-9.0,0.3088784543561277,14832
TCFTransformer.latent.mhca_blks.0.transformer_layers.3.ffn.project_out,-8.0,0.31412610029168786,14832
TCFTransformer.latent.mhca_blks.0.transformer_layers.3.ffn.project_out,-7.0,0.31978557624441234,14832
TCFTransformer.latent.mhca_blks.0.transformer_layers.3.ffn.project_out,-6.0,0.32576152233722366,14832
TCFTransformer.latent.mhca_blks.0.transformer_layers.3.ffn.project_out,-5.0,0.3320194368397349,14832
TCFTransformer.latent.mhca_blks.0.transformer_layers.3.ffn.project_out,-4.0,0.33855997863805326,14832
TCFTransformer.latent.mhca_blks.0.transformer_layers.3.ffn.project_out,-3.0,0.34545774245936073,14832
TCFTransformer.latent.mhca_blks.0.transformer_layers.3.ffn.project_out,-2.0,0.3527732212995625,14832
TCFTransformer.latent.mhca_blks.0.transformer_layers.3.ffn.project_out,-1.0,0.3605957794261387,14832
TCFTransformer.latent.mhca_blks.0.transformer_layers.3.ffn.project_out,0.0,0.36901958788289985,14832
TCFTransformer.latent.mhca_blks.0.transformer_layers.3.ffn.project_out,1.0,0.3781212522957711,14832
TCFTransformer.latent.mhca_blks.0.transformer_layers.3.ffn.project_out,2.0,0.387972511583688,14832
TCFTransformer.latent.mhca_blks.0.transformer_layers.3.ffn.project_out,3.0,0.3986352567732768,14832
TCFTransformer.latent.mhca_blks.0.transformer_layers.3.ffn.project_out,4.0,0.4101664190634708,14832
TCFTransformer.latent.mhca_blks.0.transformer_layers.3.ffn.project_out,5.0,0.42261745511105103,14832
TCFTransformer.latent.mhca_blks.0.transformer_layers.3.ffn.project_out,6.0,0.43604420357863016,14832
TCFTransformer.latent.mhca_blks.0.transformer_layers.3.ffn.project_out,7.0,0.4504948238889408,14832
TCFTransformer.latent.mhca_blks.0.transformer_layers.3.ffn.project_out,8.0,0.4659890631432801,14832
TCFTransformer.latent.mhca_blks.0.transformer_layers.3.ffn.project_out,9.0,0.48253381225966635,14832
TCFTransformer.latent.mhca_blks.0.transformer_layers.3.ffn.project_out,10.0,0.500097091417225,14832
TCFTransformer.latent.mhca_blks.0.transformer_layers.3.ffn.project_out,11.0,0.5186489293906343,14832
TCFTransformer.latent.mhca_blks.0.transformer_layers.3.ffn.project_out,12.0,0.5381248266855104,14832
TCFTransformer.latent.mhca_blks.0.transformer_layers.3.ffn.project_out,13.0,0.558463447107386,14832
TCFTransformer.latent.mhca_blks.0.transformer_layers.3.ffn.project_out,14.0,0.5795586101244632,14832
TCFTransformer.latent.mhca_blks.0.transformer_layers.3.ffn.project_out,15.0,0.6012854373781763,14832
TCFTransformer.latent.mhca_blks.0.transformer_layers.3.ffn.project_out,16.0,0.6234658346888172,14832
TCFTransformer.latent.mhca_blks.0.transformer_layers.3.ffn.project_out,17.0,0.6459240493853903,14832
TCFTransformer.latent.mhca_blks.0.transformer_layers.3.ffn.project_out,18.0,0.668409659277081,14832
TCFTransformer.latent.mhca_blks.0.transformer_layers.3.ffn.project_out,19.0,0.6907177175914602,14832
TCFTransformer.latent.mhca_blks.0.transformer_layers.3.ffn.project_out,20.0,0.7126539118393066,14832
TCFTransformer.latent.mhca_blks.0.transformer_layers.3.ffn.project_out,21.0,0.7340392736937075,14832
TCFTransformer.latent.mhca_blks.0.transformer_layers.3.ffn.project_out,22.0,0.754701217716839,14832
TCFTransformer.latent.mhca_blks.0.transformer_layers.3.ffn.project_out,23.0,0.7745275510045047,14832
TCFTransformer.latent.mhca_blks.0.transformer_layers.3.ffn.project_out,24.0,0.7934289134048256,14832
TCFTransformer.latent.mhca_blks.0.transformer_layers.3.ffn.project_out,25.0,0.8113237979883143,14832
TCFTransformer.latent.mhca_blks.0.transformer_layers.3.ffn.project_out,26.0,0.8281761536740386,14832
TCFTransformer.latent.mhca_blks.0.transformer_layers.3.ffn.project_out,27.0,0.8439708394897618,14832
TCFTransformer.latent.mhca_blks.0.transformer_layers.3.ffn.project_out,28.0,0.8587397193674806,14832
TCFTransformer.latent.mhca_blks.0.transformer_layers.3.ffn.project_out,29.0,0.8725136836645109,14832
TCFTransformer.latent.mhca_blks.0.transformer_layers.3.ffn.project_out,30.0,0.8853350620427469,14832
TCFTransformer.decoder_level2.mhca_blks.0.transformer_layers.0.norm1,-10.0,0.20766497245337204,14832
TCFTransformer.decoder_level2.mhca_blks.0.transformer_layers.0.norm1,-9.0,0.21725723695322896,14832
TCFTransformer.decoder_level2.mhca_blks.0.transformer_layers.0.norm1,-8.0,0.22725723686019217,14832
TCFTransformer.decoder_level2.mhca_blks.0.transformer_layers.0.norm1,-7.0,0.2382542641226608,14832
TCFTransformer.decoder_level2.mhca_blks.0.transformer_layers.0.norm1,-6.0,0.2503065120382586,14832
TCFTransformer.decoder_level2.mhca_blks.0.transformer_layers.0.norm1,-5.0,0.26345773330289857,14832
TCFTransformer.decoder_level2.mhca_blks.0.transformer_layers.0.norm1,-4.0,0.27773619739830036,14832
TCFTransformer.decoder_level2.mhca_blks.0.transformer_layers.0.norm1,-3.0,0.29316761644713846,14832
TCFTransformer.decoder_level2.mhca_blks.0.transformer_layers.0.norm1,-2.0,0.30975055632604925,14832
TCFTransformer.decoder_level2.mhca_blks.0.transformer_layers.0.norm1,-1.0,0.3274350300160746,14832
TCFTransformer.decoder_level2.mhca_blks.0.transformer_layers.0.norm1,0.0,0.34622111861712573,14832
TCFTransformer.decoder_level2.mhca_blks.0.transformer_layers.0.norm1,1.0,0.3660945577978708,14832
TCFTransformer.decoder_level2.mhca_blks.0.transformer_layers.0.norm1,2.0,0.38701550478350266,14832
TCFTransformer.decoder_level2.mhca_blks.0.transformer_layers.0.norm1,3.0,0.4089441015672676,14832
TCFTransformer.decoder_level2.mhca_blks.0.transformer_layers.0.norm1,4.0,0.43182961505957296,14832
TCFTransformer.decoder_level2.mhca_blks.0.transformer_layers.0.norm1,5.0,0.45557468534726553,14832
TCFTransformer.decoder_level2.mhca_blks.0.transformer_layers.0.norm1,6.0,0.4800854100659389,14832
TCFTransformer.decoder_level2.mhca_blks.0.transformer_layers.0.norm1,7.0,0.5052514891107511,14832
TCFTransformer.decoder_level2.mhca_blks.0.transformer_layers.0.norm1,8.0,0.5309510609715726,14832
TCFTransformer.decoder_level2.mhca_blks.0.transformer_layers.0.norm1,9.0,0.5570504626265738,14832
TCFTransformer.decoder_level2.mhca_blks.0.transformer_layers.0.norm1,10.0,0.5833765229495582,14832
TCFTransformer.decoder_level2.mhca_blks.0.transformer_layers.0.norm1,11.0,0.6097497537653259,14832
TCFTransformer.decoder_level2.mhca_blks.0.transformer_layers.0.norm1,12.0,0.6359925193758831,14832
TCFTransformer.decoder_level2.mhca_blks.0.transformer_layers.0.norm1,13.0,0.6619331457917383,14832
TCFTransformer.decoder_level2.mhca_blks.0.transformer_layers.0.norm1,14.0,0.6873992959212235,14832
TCFTransformer.decoder_level2.mhca_blks.0.transformer_layers.0.norm1,15.0,0.7122295321339085,14832
TCFTransformer.decoder_level2.mhca_blks.0.transformer_layers.0.norm1,16.0,0.7362653289408199,14832
TCFTransformer.decoder_level2.mhca_blks.0.transformer_layers.0.norm1,17.0,0.7593715204500633,14832
TCFTransformer.decoder_level2.mhca_blks.0.transformer_layers.0.norm1,18.0,0.7813820118263378,14832
TCFTransformer.decoder_level2.mhca_blks.0.transformer_layers.0.norm1,19.0,0.8021933461510313,14832
TCFTransformer.decoder_level2.mhca_blks.0.transformer_layers.0.norm1,20.0,0.8217449047579605,14832
TCFTransformer.decoder_level2.mhca_blks.0.transformer_layers.0.norm1,21.0,0.8399909084628635,14832
TCFTransformer.decoder_level2.mhca_blks.0.transformer_layers.0.norm1,22.0,0.8568875796735254,14832
TCFTransformer.decoder_level2.mhca_blks.0.transformer_layers.0.norm1,23.0,0.8724466716989218,14832
TCFTransformer.decoder_level2.mhca_blks.0.transformer_layers.0.norm1,24.0,0.8866924905753671,14832
TCFTransformer.decoder_level2.mhca_blks.0.transformer_layers.0.norm1,25.0,0.8996669912957932,14832
TCFTransformer.decoder_level2.mhca_blks.0.transformer_layers.0.norm1,26.0,0.9114288142977729,14832
TCFTransformer.decoder_level2.mhca_blks.0.transformer_layers.0.norm1,27.0,0.9220421408798379,14832
TCFTransformer.decoder_level2.mhca_blks.0.transformer_layers.0.norm1,28.0,0.9316002528596078,14832
TCFTransformer.decoder_level2.mhca_blks.0.transformer_layers.0.norm1,29.0,0.940187712843975,14832
TCFTransformer.decoder_level2.mhca_blks.0.transformer_layers.0.norm1,30.0,0.9478883217304881,14832
TCFTransformer.decoder_level2.mhca_blks.0.transformer_layers.0.norm2,-10.0,0.20249555525098684,14832
TCFTransformer.decoder_level2.mhca_blks.0.transformer_layers.0.norm2,-9.0,0.21271233687299365,14832
TCFTransformer.decoder_level2.mhca_blks.0.transformer_layers.0.norm2,-8.0,0.2231334064994962,14832
TCFTransformer.decoder_level2.mhca_blks.0.transformer_layers.0.norm2,-7.0,0.2343867675815945,14832
TCFTransformer.decoder_level2.mhca_blks.0.transformer_layers.0.norm2,-6.0,0.24654589763625515,14832
TCFTransformer.decoder_level2.mhca_blks.0.transformer_layers.0.norm2,-5.0,0.2596872991245811,14832
TCFTransformer.decoder_level2.mhca_blks.0.transformer_layers.0.norm2,-4.0,0.2738561791064169,14832
TCFTransformer.decoder_level2.mhca_blks.0.transformer_layers.0.norm2,-3.0,0.28908803516422715,14832
TCFTransformer.decoder_level2.mhca_blks.0.transformer_layers.0.norm2,-2.0,0.3054066850490338,14832
TCFTransformer.decoder_level2.mhca_blks.0.transformer_layers.0.norm2,-1.0,0.32278087968446273,14832
TCFTransformer.decoder_level2.mhca_blks.0.transformer_layers.0.norm2,0.0,0.3412053504805035,14832
TCFTransformer.decoder_level2.mhca_blks.0.transformer_layers.0.norm2,1.0,0.3606673314703524,14832
TCFTransformer.decoder_level2.mhca_blks.0.transformer_layers.0.norm2,2.0,0.3811329044337599,14832
TCFTransformer.decoder_level2.mhca_blks.0.transformer_layers.0.norm2,3.0,0.4025682363088495,14832
TCFTransformer.decoder_level2.mhca_blks.0.transformer_layers.0.norm2,4.0,0.42493003757809666,14832
TCFTransformer.decoder_level2.mhca_blks.0.transformer_layers.0.norm2,5.0,0.4481263724076608,14832
TCFTransformer.decoder_level2.mhca_blks.0.transformer_layers.0.norm2,6.0,0.4720711290135331,14832
TCFTransformer.decoder_level2.mhca_blks.0.transformer_layers.0.norm2,7.0,0.49667442265492107,14832
TCFTransformer.decoder_level2.mhca_blks.0.transformer_layers.0.norm2,8.0,0.5218293697947732,14832
TCFTransformer.decoder_level2.mhca_blks.0.transformer_layers.0.norm2,9.0,0.5474158642781414,14832
TCFTransformer.decoder_level2.mhca_blks.0.transformer_layers.0.norm2,10.0,0.5732774578935054,14832
TCFTransformer.decoder_level2.mhca_blks.0.transformer_layers.0.norm2,11.0,0.5992490840729672,14832
TCFTransformer.decoder_level2.mhca_blks.0.transformer_layers.0.norm2,12.0,0.6251660675551851,14832
TCFTransformer.decoder_level2.mhca_blks.0.transformer_layers.0.norm2,13.0,0.6508721357343081,14832
TCFTransformer.decoder_level2.mhca_blks.0.transformer_layers.0.norm2,14.0,0.6762024866137755,14832
TCFTransformer.decoder_level2.mhca_blks.0.transformer_layers.0.norm2,15.0,0.7009986102673453,14832
TCFTransformer.decoder_level2.mhca_blks.0.transformer_layers.0.norm2,16.0,0.7250989837689524,14832
TCFTransformer.decoder_level2.mhca_blks.0.transformer_layers.0.norm2,17.0,0.7483655450234699,14832
TCFTransformer.decoder_level2.mhca_blks.0.transformer_layers.0.norm2,18.0,0.7706230998334618,14832
TCFTransformer.decoder_level2.mhca_blks.0.transformer_layers.0.norm2,19.0,0.7917598509425628,14832
TCFTransformer.decoder_level2.mhca_blks.0.transformer_layers.0.norm2,20.0,0.8117043722236075,14832
TCFTransformer.decoder_level2.mhca_blks.0.transformer_layers.0.norm2,21.0,0.8304012210611676,14832
TCFTransformer.decoder_level2.mhca_blks.0.transformer_layers.0.norm2,22.0,0.847793697977304,14832
TCFTransformer.decoder_level2.mhca_blks.0.transformer_layers.0.norm2,23.0,0.8638818893328453,14832
TCFTransformer.decoder_level2.mhca_blks.0.transformer_layers.0.norm2,24.0,0.8786795850292637,14832
TCFTransformer.decoder_level2.mhca_blks.0.transformer_layers.0.norm2,25.0,0.8922176529565967,14832
TCFTransformer.decoder_level2.mhca_blks.0.transformer_layers.0.norm2,26.0,0.9045444063846316,14832
TCFTransformer.decoder_level2.mhca_blks.0.transformer_layers.0.norm2,27.0,0.915715178593334,14832
TCFTransformer.decoder_level2.mhca_blks.0.transformer_layers.0.norm2,28.0,0.9258182925526796,14832
TCFTransformer.decoder_level2.mhca_blks.0.transformer_layers.0.norm2,29.0,0.9349339860285499,14832
TCFTransformer.decoder_level2.mhca_blks.0.transformer_layers.0.norm2,30.0,0.9431429440748376,14832
TCFTransformer.decoder_level2.mhca_blks.0.transformer_layers.0.ffn.project_out,-10.0,0.4844669352728621,14832
TCFTransformer.decoder_level2.mhca_blks.0.transformer_layers.0.ffn.project_out,-9.0,0.4950481873234691,14832
TCFTransformer.decoder_level2.mhca_blks.0.transformer_layers.0.ffn.project_out,-8.0,0.5061938491777519,14832
TCFTransformer.decoder_level2.mhca_blks.0.transformer_layers.0.ffn.project_out,-7.0,0.5177421127440973,14832
TCFTransformer.decoder_level2.mhca_blks.0.transformer_layers.0.ffn.project_out,-6.0,0.5296525492251498,14832
TCFTransformer.decoder_level2.mhca_blks.0.transformer_layers.0.ffn.project_out,-5.0,0.5418923383411883,14832
TCFTransformer.decoder_level2.mhca_blks.0.transformer_layers.0.ffn.project_out,-4.0,0.5544800488680135,14832
TCFTransformer.decoder_level2.mhca_blks.0.transformer_layers.0.ffn.project_out,-3.0,0.5674126019576783,14832
TCFTransformer.decoder_level2.mhca_blks.0.transformer_layers.0.ffn.project_out,-2.0,0.5806876053679996,14832
TCFTransformer.decoder_level2.mhca_blks.0.transformer_layers.0.ffn.project_out,-1.0,0.5942673531361928,14832
TCFTransformer.decoder_level2.mhca_blks.0.transformer_layers.0.ffn.project_out,0.0,0.6080969288611651,14832
TCFTransformer.decoder_level2.mhca_blks.0.transformer_layers.0.ffn.project_out,1.0,0.6221137040444402,14832
TCFTransformer.decoder_level2.mhca_blks.0.transformer_layers.0.ffn.project_out,2.0,0.6362799886722589,14832
TCFTransformer.decoder_level2.mhca_blks.0.transformer_layers.0.ffn.project_out,3.0,0.6505772641999596,14832
TCFTransformer.decoder_level2.mhca_blks.0.transformer_layers.0.ffn.project_out,4.0,0.6649788385146612,14832
TCFTransformer.decoder_level2.mhca_blks.0.transformer_layers.0.ffn.project_out,5.0,0.6794492401033962,14832
TCFTransformer.decoder_level2.mhca_blks.0.transformer_layers.0.ffn.project_out,6.0,0.6939544254329213,14832
TCFTransformer.decoder_level2.mhca_blks.0.transformer_layers.0.ffn.project_out,7.0,0.7084582169734127,14832
TCFTransformer.decoder_level2.mhca_blks.0.transformer_layers.0.ffn.project_out,8.0,0.722922842654258,14832
TCFTransformer.decoder_level2.mhca_blks.0.transformer_layers.0.ffn.project_out,9.0,0.7373109185804956,14832
TCFTransformer.decoder_level2.mhca_blks.0.transformer_layers.0.ffn.project_out,10.0,0.7515869193349712,14832
TCFTransformer.decoder_level2.mhca_blks.0.transformer_layers.0.ffn.project_out,11.0,0.7657088969674408,14832
TCFTransformer.decoder_level2.mhca_blks.0.transformer_layers.0.ffn.project_out,12.0,0.7796391200941324,14832
TCFTransformer.decoder_level2.mhca_blks.0.transformer_layers.0.ffn.project_out,13.0,0.7933413291404259,14832
TCFTransformer.decoder_level2.mhca_blks.0.transformer_layers.0.ffn.project_out,14.0,0.8067783812300061,14832
TCFTransformer.decoder_level2.mhca_blks.0.transformer_layers.0.ffn.project_out,15.0,0.8199090491498076,14832
TCFTransformer.decoder_level2.mhca_blks.0.transformer_layers.0.ffn.project_out,16.0,0.8326938465768081,14832
TCFTransformer.decoder_level2.mhca_blks.0.transformer_layers.0.ffn.project_out,17.0,0.8450884798053399,14832
TCFTransformer.decoder_level2.mhca_blks.0.transformer_layers.0.ffn.project_out,18.0,0.857038727405902,14832
TCFTransformer.decoder_level2.mhca_blks.0.transformer_layers.0.ffn.project_out,19.0,0.8685000889312711,14832
TCFTransformer.decoder_level2.mhca_blks.0.transformer_layers.0.ffn.project_out,20.0,0.8794360066188384,14832
TCFTransformer.decoder_level2.mhca_blks.0.transformer_layers.0.ffn.project_out,21.0,0.8898294596152204,14832
TCFTransformer.decoder_level2.mhca_blks.0.transformer_layers.0.ffn.project_out,22.0,0.8996622996362572,14832
TCFTransformer.decoder_level2.mhca_blks.0.transformer_layers.0.ffn.project_out,23.0,0.9089204692688673,14832
TCFTransformer.decoder_level2.mhca_blks.0.transformer_layers.0.ffn.project_out,24.0,0.9175943436026733,14832
TCFTransformer.decoder_level2.mhca_blks.0.transformer_layers.0.ffn.project_out,25.0,0.9256788981775023,14832
TCFTransformer.decoder_level2.mhca_blks.0.transformer_layers.0.ffn.project_out,26.0,0.9331865036195022,14832
TCFTransformer.decoder_level2.mhca_blks.0.transformer_layers.0.ffn.project_out,27.0,0.940131539965155,14832
TCFTransformer.decoder_level2.mhca_blks.0.transformer_layers.0.ffn.project_out,28.0,0.946537470858958,14832
TCFTransformer.decoder_level2.mhca_blks.0.transformer_layers.0.ffn.project_out,29.0,0.9524300686307774,14832
TCFTransformer.decoder_level2.mhca_blks.0.transformer_layers.0.ffn.project_out,30.0,0.9578375093912166,14832
TCFTransformer.decoder_level2.mhca_blks.0.transformer_layers.1.norm1,-10.0,0.3896907274872506,14832
TCFTransformer.decoder_level2.mhca_blks.0.transformer_layers.1.norm1,-9.0,0.4001195444383869,14832
TCFTransformer.decoder_level2.mhca_blks.0.transformer_layers.1.norm1,-8.0,0.41026852052546264,14832
TCFTransformer.decoder_level2.mhca_blks.0.transformer_layers.1.norm1,-7.0,0.42088158779296353,14832
TCFTransformer.decoder_level2.mhca_blks.0.transformer_layers.1.norm1,-6.0,0.43207937549898134,14832
TCFTransformer.decoder_level2.mhca_blks.0.transformer_layers.1.norm1,-5.0,0.44399772295999596,14832
TCFTransformer.decoder_level2.mhca_blks.0.transformer_layers.1.norm1,-4.0,0.45668731090244,14832
TCFTransformer.decoder_level2.mhca_blks.0.transformer_layers.1.norm1,-3.0,0.4701654234325398,14832
TCFTransformer.decoder_level2.mhca_blks.0.transformer_layers.1.norm1,-2.0,0.48442941601011413,14832
TCFTransformer.decoder_level2.mhca_blks.0.transformer_layers.1.norm1,-1.0,0.49942649256020083,14832
TCFTransformer.decoder_level2.mhca_blks.0.transformer_layers.1.norm1,0.0,0.5151083627625286,14832
TCFTransformer.decoder_level2.mhca_blks.0.transformer_layers.1.norm1,1.0,0.5314199147713818,14832
TCFTransformer.decoder_level2.mhca_blks.0.transformer_layers.1.norm1,2.0,0.5482947143013744,14832
TCFTransformer.decoder_level2.mhca_blks.0.transformer_layers.1.norm1,3.0,0.5656730972919632,14832
TCFTransformer.decoder_level2.mhca_blks.0.transformer_layers.1.norm1,4.0,0.5834875619430758,14832
TCFTransformer.decoder_level2.mhca_blks.0.transformer_layers.1.norm1,5.0,0.6016400136553884,14832
TCFTransformer.decoder_level2.mhca_blks.0.transformer_layers.1.norm1,6.0,0.6200569201313048,14832
TCFTransformer.decoder_level2.mhca_blks.0.transformer_layers.1.norm1,7.0,0.6386723971012436,14832
TCFTransformer.decoder_level2.mhca_blks.0.transformer_layers.1.norm1,8.0,0.6574164420736003,14832
TCFTransformer.decoder_level2.mhca_blks.0.transformer_layers.1.norm1,9.0,0.676210192733413,14832
TCFTransformer.decoder_level2.mhca_blks.0.transformer_layers.1.norm1,10.0,0.6949645586918635,14832
TCFTransformer.decoder_level2.mhca_blks.0.transformer_layers.1.norm1,11.0,0.7135887936203708,14832
TCFTransformer.decoder_level2.mhca_blks.0.transformer_layers.1.norm1,12.0,0.7319949412690283,14832
TCFTransformer.decoder_level2.mhca_blks.0.transformer_layers.1.norm1,13.0,0.7501039835056763,14832
TCFTransformer.decoder_level2.mhca_blks.0.transformer_layers.1.norm1,14.0,0.7678339809838364,14832
TCFTransformer.decoder_level2.mhca_blks.0.transformer_layers.1.norm1,15.0,0.7851089604516406,14832
TCFTransformer.decoder_level2.mhca_blks.0.transformer_layers.1.norm1,16.0,0.8018482924431979,14832
TCFTransformer.decoder_level2.mhca_blks.0.transformer_layers.1.norm1,17.0,0.8179847489733013,14832
TCFTransformer.decoder_level2.mhca_blks.0.transformer_layers.1.norm1,18.0,0.8334211632589273,14832
TCFTransformer.decoder_level2.mhca_blks.0.transformer_layers.1.norm1,19.0,0.8481003745542406,14832
TCFTransformer.decoder_level2.mhca_blks.0.transformer_layers.1.norm1,20.0,0.8619854857837691,14832
TCFTransformer.decoder_level2.mhca_blks.0.transformer_layers.1.norm1,21.0,0.8750478198637275,14832
TCFTransformer.decoder_level2.mhca_blks.0.transformer_layers.1.norm1,22.0,0.8872537751056199,14832
TCFTransformer.decoder_level2.mhca_blks.0.transformer_layers.1.norm1,23.0,0.8986046089878167,14832
TCFTransformer.decoder_level2.mhca_blks.0.transformer_layers.1.norm1,24.0,0.9091073116799967,14832
TCFTransformer.decoder_level2.mhca_blks.0.transformer_layers.1.norm1,25.0,0.9187771143028043,14832
TCFTransformer.decoder_level2.mhca_blks.0.transformer_layers.1.norm1,26.0,0.927643039656608,14832
TCFTransformer.decoder_level2.mhca_blks.0.transformer_layers.1.norm1,27.0,0.9357364850144878,14832
TCFTransformer.decoder_level2.mhca_blks.0.transformer_layers.1.norm1,28.0,0.9431100634811797,14832
TCFTransformer.decoder_level2.mhca_blks.0.transformer_layers.1.norm1,29.0,0.9498130119633745,14832
TCFTransformer.decoder_level2.mhca_blks.0.transformer_layers.1.norm1,30.0,0.9558946202351373,14832
TCFTransformer.decoder_level2.mhca_blks.0.transformer_layers.1.norm2,-10.0,0.19704019097034128,14832
TCFTransformer.decoder_level2.mhca_blks.0.transformer_layers.1.norm2,-9.0,0.20780152544770297,14832
TCFTransformer.decoder_level2.mhca_blks.0.transformer_layers.1.norm2,-8.0,0.2187876651467185,14832
TCFTransformer.decoder_level2.mhca_blks.0.transformer_layers.1.norm2,-7.0,0.2305372469670952,14832
TCFTransformer.decoder_level2.mhca_blks.0.transformer_layers.1.norm2,-6.0,0.24309737413987,14832
TCFTransformer.decoder_level2.mhca_blks.0.transformer_layers.1.norm2,-5.0,0.2565390031797708,14832
TCFTransformer.decoder_level2.mhca_blks.0.transformer_layers.1.norm2,-4.0,0.2709038649524181,14832
TCFTransformer.decoder_level2.mhca_blks.0.transformer_layers.1.norm2,-3.0,0.2862306506376254,14832
TCFTransformer.decoder_level2.mhca_blks.0.transformer_layers.1.norm2,-2.0,0.30254674307334395,14832
TCFTransformer.decoder_level2.mhca_blks.0.transformer_layers.1.norm2,-1.0,0.31983923771860184,14832
TCFTransformer.decoder_level2.mhca_blks.0.transformer_layers.1.norm2,0.0,0.3380982072298298,14832
TCFTransformer.decoder_level2.mhca_blks.0.transformer_layers.1.norm2,1.0,0.3573078232284378,14832
TCFTransformer.decoder_level2.mhca_blks.0.transformer_layers.1.norm2,2.0,0.3774358337609943,14832
TCFTransformer.decoder_level2.mhca_blks.0.transformer_layers.1.norm2,3.0,0.3984477951313432,14832
TCFTransformer.decoder_level2.mhca_blks.0.transformer_layers.1.norm2,4.0,0.42029711581551105,14832
TCFTransformer.decoder_level2.mhca_blks.0.transformer_layers.1.norm2,5.0,0.44290365708189156,14832
TCFTransformer.decoder_level2.mhca_blks.0.transformer_layers.1.norm2,6.0,0.4661961880071991,14832
TCFTransformer.decoder_level2.mhca_blks.0.transformer_layers.1.norm2,7.0,0.49009954186679827,14832
TCFTransformer.decoder_level2.mhca_blks.0.transformer_layers.1.norm2,8.0,0.5145220317955188,14832
TCFTransformer.decoder_level2.mhca_blks.0.transformer_layers.1.norm2,9.0,0.5393578593105283,14832
TCFTransformer.decoder_level2.mhca_blks.0.transformer_layers.1.norm2,10.0,0.5644735339622113,14832
TCFTransformer.decoder_level2.mhca_blks.0.transformer_layers.1.norm2,11.0,0.5897282183470713,14832
TCFTransformer.decoder_level2.mhca_blks.0.transformer_layers.1.norm2,12.0,0.6149809284642048,14832
TCFTransformer.decoder_level2.mhca_blks.0.transformer_layers.1.norm2,13.0,0.6400906416248959,14832
TCFTransformer.decoder_level2.mhca_blks.0.transformer_layers.1.norm2,14.0,0.6649104211903393,14832
TCFTransformer.decoder_level2.mhca_blks.0.transformer_layers.1.norm2,15.0,0.6892925541789674,14832
TCFTransformer.decoder_level2.mhca_blks.0.transformer_layers.1.norm2,16.0,0.7130896105795712,14832
TCFTransformer.decoder_level2.mhca_blks.0.transformer_layers.1.norm2,17.0,0.736168593558068,14832
TCFTransformer.decoder_level2.mhca_blks.0.transformer_layers.1.norm2,18.0,0.7583601376335132,14832
TCFTransformer.decoder_level2.mhca_blks.0.transformer_layers.1.norm2,19.0,0.7795527956650432,14832
TCFTransformer.decoder_level2.mhca_blks.0.transformer_layers.1.norm2,20.0,0.7996683192671454,14832
TCFTransformer.decoder_level2.mhca_blks.0.transformer_layers.1.norm2,21.0,0.8186446497861813,14832
TCFTransformer.decoder_level2.mhca_blks.0.transformer_layers.1.norm2,22.0,0.8364183661802205,14832
TCFTransformer.decoder_level2.mhca_blks.0.transformer_layers.1.norm2,23.0,0.8529720809491513,14832
TCFTransformer.decoder_level2.mhca_blks.0.transformer_layers.1.norm2,24.0,0.8683006290603578,14832
TCFTransformer.decoder_level2.mhca_blks.0.transformer_layers.1.norm2,25.0,0.8824170313277226,14832
TCFTransformer.decoder_level2.mhca_blks.0.transformer_layers.1.norm2,26.0,0.8953567522225304,14832
TCFTransformer.decoder_level2.mhca_blks.0.transformer_layers.1.norm2,27.0,0.9071649336572555,14832
TCFTransformer.decoder_level2.mhca_blks.0.transformer_layers.1.norm2,28.0,0.9179147816370639,14832
TCFTransformer.decoder_level2.mhca_blks.0.transformer_layers.1.norm2,29.0,0.9276737798318799,14832
TCFTransformer.decoder_level2.mhca_blks.0.transformer_layers.1.norm2,30.0,0.9365161860315481,14832
TCFTransformer.decoder_level2.mhca_blks.0.transformer_layers.1.ffn.project_out,-10.0,0.5012829535376551,14832
TCFTransformer.decoder_level2.mhca_blks.0.transformer_layers.1.ffn.project_out,-9.0,0.509730332250734,14832
TCFTransformer.decoder_level2.mhca_blks.0.transformer_layers.1.ffn.project_out,-8.0,0.5199179775438231,14832
TCFTransformer.decoder_level2.mhca_blks.0.transformer_layers.1.ffn.project_out,-7.0,0.5305595971069258,14832
TCFTransformer.decoder_level2.mhca_blks.0.transformer_layers.1.ffn.project_out,-6.0,0.5415417431093181,14832
TCFTransformer.decoder_level2.mhca_blks.0.transformer_layers.1.ffn.project_out,-5.0,0.5527964488652404,14832
TCFTransformer.decoder_level2.mhca_blks.0.transformer_layers.1.ffn.project_out,-4.0,0.5643101931723415,14832
TCFTransformer.decoder_level2.mhca_blks.0.transformer_layers.1.ffn.project_out,-3.0,0.5760674770326708,14832
TCFTransformer.decoder_level2.mhca_blks.0.transformer_layers.1.ffn.project_out,-2.0,0.5879547682640012,14832
TCFTransformer.decoder_level2.mhca_blks.0.transformer_layers.1.ffn.project_out,-1.0,0.5999094377118117,14832
TCFTransformer.decoder_level2.mhca_blks.0.transformer_layers.1.ffn.project_out,0.0,0.611945906615823,14832
TCFTransformer.decoder_level2.mhca_blks.0.transformer_layers.1.ffn.project_out,1.0,0.6241032966787342,14832
TCFTransformer.decoder_level2.mhca_blks.0.transformer_layers.1.ffn.project_out,2.0,0.6364035844067444,14832
TCFTransformer.decoder_level2.mhca_blks.0.transformer_layers.1.ffn.project_out,3.0,0.6488832631374447,14832
TCFTransformer.decoder_level2.mhca_blks.0.transformer_layers.1.ffn.project_out,4.0,0.6615688075083423,14832
TCFTransformer.decoder_level2.mhca_blks.0.transformer_layers.1.ffn.project_out,5.0,0.6744848048915242,14832
TCFTransformer.decoder_level2.mhca_blks.0.transformer_layers.1.ffn.project_out,6.0,0.6876356246184954,14832
TCFTransformer.decoder_level2.mhca_blks.0.transformer_layers.1.ffn.project_out,7.0,0.7010209843046168,14832
TCFTransformer.decoder_level2.mhca_blks.0.transformer_layers.1.ffn.project_out,8.0,0.7146182401485522,14832
TCFTransformer.decoder_level2.mhca_blks.0.transformer_layers.1.ffn.project_out,9.0,0.7284051030653227,14832
TCFTransformer.decoder_level2.mhca_blks.0.transformer_layers.1.ffn.project_out,10.0,0.7423357765623312,14832
TCFTransformer.decoder_level2.mhca_blks.0.transformer_layers.1.ffn.project_out,11.0,0.756359549092597,14832
TCFTransformer.decoder_level2.mhca_blks.0.transformer_layers.1.ffn.project_out,12.0,0.7704275140946705,14832
TCFTransformer.decoder_level2.mhca_blks.0.transformer_layers.1.ffn.project_out,13.0,0.7844774105044597,14832
TCFTransformer.decoder_level2.mhca_blks.0.transformer_layers.1.ffn.project_out,14.0,0.7984478741406011,14832
TCFTransformer.decoder_level2.mhca_blks.0.transformer_layers.1.ffn.project_out,15.0,0.8122720034931663,14832
TCFTransformer.decoder_level2.mhca_blks.0.transformer_layers.1.ffn.project_out,16.0,0.8258835983109996,14832
TCFTransformer.decoder_level2.mhca_blks.0.transformer_layers.1.ffn.project_out,17.0,0.8392105630348801,14832
TCFTransformer.decoder_level2.mhca_blks.0.transformer_layers.1.ffn.project_out,18.0,0.8521687274973563,14832
TCFTransformer.decoder_level2.mhca_blks.0.transformer_layers.1.ffn.project_out,19.0,0.8646852986660042,14832
TCFTransformer.decoder_level2.mhca_blks.0.transformer_layers.1.ffn.project_out,20.0,0.8766920040436932,14832
TCFTransformer.decoder_level2.mhca_blks.0.transformer_layers.1.ffn.project_out,21.0,0.8881428198368482,14832
TCFTransformer.decoder_level2.mhca_blks.0.transformer_layers.1.ffn.project_out,22.0,0.8989811715687009,14832
TCFTransformer.decoder_level2.mhca_blks.0.transformer_layers.1.ffn.project_out,23.0,0.9091705040365231,14832
TCFTransformer.decoder_level2.mhca_blks.0.transformer_layers.1.ffn.project_out,24.0,0.9186825330500784,14832
TCFTransformer.decoder_level2.mhca_blks.0.transformer_layers.1.ffn.project_out,25.0,0.9275020294900111,14832
TCFTransformer.decoder_level2.mhca_blks.0.transformer_layers.1.ffn.project_out,26.0,0.9356338135865965,14832
TCFTransformer.decoder_level2.mhca_blks.0.transformer_layers.1.ffn.project_out,27.0,0.9430814777333149,14832
TCFTransformer.decoder_level2.mhca_blks.0.transformer_layers.1.ffn.project_out,28.0,0.9498659884788199,14832
TCFTransformer.decoder_level2.mhca_blks.0.transformer_layers.1.ffn.project_out,29.0,0.9560180256442603,14832
TCFTransformer.decoder_level2.mhca_blks.0.transformer_layers.1.ffn.project_out,30.0,0.9615685436472763,14832
TCFTransformer.decoder_level2.mhca_blks.0.transformer_layers.2.norm1,-10.0,0.432797282814634,14832
TCFTransformer.decoder_level2.mhca_blks.0.transformer_layers.2.norm1,-9.0,0.44429585355119994,14832
TCFTransformer.decoder_level2.mhca_blks.0.transformer_layers.2.norm1,-8.0,0.4558724800753684,14832
TCFTransformer.decoder_level2.mhca_blks.0.transformer_layers.2.norm1,-7.0,0.4678619696016241,14832
TCFTransformer.decoder_level2.mhca_blks.0.transformer_layers.2.norm1,-6.0,0.48026064907511073,14832
TCFTransformer.decoder_level2.mhca_blks.0.transformer_layers.2.norm1,-5.0,0.49310253059216236,14832
TCFTransformer.decoder_level2.mhca_blks.0.transformer_layers.2.norm1,-4.0,0.5064114008245522,14832
TCFTransformer.decoder_level2.mhca_blks.0.transformer_layers.2.norm1,-3.0,0.5202065250889559,14832
TCFTransformer.decoder_level2.mhca_blks.0.transformer_layers.2.norm1,-2.0,0.5344891495773612,14832
TCFTransformer.decoder_level2.mhca_blks.0.transformer_layers.2.norm1,-1.0,0.5492216492365111,14832
TCFTransformer.decoder_level2.mhca_blks.0.transformer_layers.2.norm1,0.0,0.5643590911951603,14832
TCFTransformer.decoder_level2.mhca_blks.0.transformer_layers.2.norm1,1.0,0.5798596070151064,14832
TCFTransformer.decoder_level2.mhca_blks.0.transformer_layers.2.norm1,2.0,0.5956859971861783,14832
TCFTransformer.decoder_level2.mhca_blks.0.transformer_layers.2.norm1,3.0,0.6118074934899469,14832
TCFTransformer.decoder_level2.mhca_blks.0.transformer_layers.2.norm1,4.0,0.6281799915474723,14832
TCFTransformer.decoder_level2.mhca_blks.0.transformer_layers.2.norm1,5.0,0.6447414246899152,14832
TCFTransformer.decoder_level2.mhca_blks.0.transformer_layers.2.norm1,6.0,0.6614433639876729,14832
TCFTransformer.decoder_level2.mhca_blks.0.transformer_layers.2.norm1,7.0,0.6782400341425192,14832
TCFTransformer.decoder_level2.mhca_blks.0.transformer_layers.2.norm1,8.0,0.695077642529174,14832
TCFTransformer.decoder_level2.mhca_blks.0.transformer_layers.2.norm1,9.0,0.7118930742566544,14832
TCFTransformer.decoder_level2.mhca_blks.0.transformer_layers.2.norm1,10.0,0.7286163703563594,14832
TCFTransformer.decoder_level2.mhca_blks.0.transformer_layers.2.norm1,11.0,0.7451789001788555,14832
TCFTransformer.decoder_level2.mhca_blks.0.transformer_layers.2.norm1,12.0,0.7615132656233725,14832
TCFTransformer.decoder_level2.mhca_blks.0.transformer_layers.2.norm1,13.0,0.7775519025866687,14832
TCFTransformer.decoder_level2.mhca_blks.0.transformer_layers.2.norm1,14.0,0.7932274481231406,14832
TCFTransformer.decoder_level2.mhca_blks.0.transformer_layers.2.norm1,15.0,0.8084758772015442,14832
TCFTransformer.decoder_level2.mhca_blks.0.transformer_layers.2.norm1,16.0,0.823235514546627,14832
TCFTransformer.decoder_level2.mhca_blks.0.transformer_layers.2.norm1,17.0,0.8374505370288701,14832
TCFTransformer.decoder_level2.mhca_blks.0.transformer_layers.2.norm1,18.0,0.8510479034540499,14832
TCFTransformer.decoder_level2.mhca_blks.0.transformer_layers.2.norm1,19.0,0.8639834809148162,14832
TCFTransformer.decoder_level2.mhca_blks.0.transformer_layers.2.norm1,20.0,0.8762261626645199,14832
TCFTransformer.decoder_level2.mhca_blks.0.transformer_layers.2.norm1,21.0,0.8877552047737562,14832
TCFTransformer.decoder_level2.mhca_blks.0.transformer_layers.2.norm1,22.0,0.8985470846283301,14832
TCFTransformer.decoder_level2.mhca_blks.0.transformer_layers.2.norm1,23.0,0.9086014749432041,14832
TCFTransformer.decoder_level2.mhca_blks.0.transformer_layers.2.norm1,24.0,0.9179227408624485,14832
TCFTransformer.decoder_level2.mhca_blks.0.transformer_layers.2.norm1,25.0,0.9265228550210032,14832
TCFTransformer.decoder_level2.mhca_blks.0.transformer_layers.2.norm1,26.0,0.9344261101655013,14832
TCFTransformer.decoder_level2.mhca_blks.0.transformer_layers.2.norm1,27.0,0.9416623009427048,14832
TCFTransformer.decoder_level2.mhca_blks.0.transformer_layers.2.norm1,28.0,0.9482714017529639,14832
TCFTransformer.decoder_level2.mhca_blks.0.transformer_layers.2.norm1,29.0,0.9542926969559223,14832
TCFTransformer.decoder_level2.mhca_blks.0.transformer_layers.2.norm1,30.0,0.9597664656119568,14832
TCFTransformer.decoder_level2.mhca_blks.0.transformer_layers.2.norm2,-10.0,0.22860589043107668,14832
TCFTransformer.decoder_level2.mhca_blks.0.transformer_layers.2.norm2,-9.0,0.2375524627067904,14832
TCFTransformer.decoder_level2.mhca_blks.0.transformer_layers.2.norm2,-8.0,0.24602916951496218,14832
TCFTransformer.decoder_level2.mhca_blks.0.transformer_layers.2.norm2,-7.0,0.25480382663460033,14832
TCFTransformer.decoder_level2.mhca_blks.0.transformer_layers.2.norm2,-6.0,0.26390716613661147,14832
TCFTransformer.decoder_level2.mhca_blks.0.transformer_layers.2.norm2,-5.0,0.2733917342581281,14832
TCFTransformer.decoder_level2.mhca_blks.0.transformer_layers.2.norm2,-4.0,0.28328780642134954,14832
TCFTransformer.decoder_level2.mhca_blks.0.transformer_layers.2.norm2,-3.0,0.29362548401573235,14832
TCFTransformer.decoder_level2.mhca_blks.0.transformer_layers.2.norm2,-2.0,0.3044234585120446,14832
TCFTransformer.decoder_level2.mhca_blks.0.transformer_layers.2.norm2,-1.0,0.31567839571719886,14832
TCFTransformer.decoder_level2.mhca_blks.0.transformer_layers.2.norm2,0.0,0.32736552559103543,14832
TCFTransformer.decoder_level2.mhca_blks.0.transformer_layers.2.norm2,1.0,0.3394619600207895,14832
TCFTransformer.decoder_level2.mhca_blks.0.transformer_layers.2.norm2,2.0,0.35194220674950566,14832
TCFTransformer.decoder_level2.mhca_blks.0.transformer_layers.2.norm2,3.0,0.3647927644651508,14832
TCFTransformer.decoder_level2.mhca_blks.0.transformer_layers.2.norm2,4.0,0.3779804849014602,14832
TCFTransformer.decoder_level2.mhca_blks.0.transformer_layers.2.norm2,5.0,0.3914694904104606,14832
TCFTransformer.decoder_level2.mhca_blks.0.transformer_layers.2.norm2,6.0,0.405218634672037,14832
TCFTransformer.decoder_level2.mhca_blks.0.transformer_layers.2.norm2,7.0,0.41919828736813014,14832
TCFTransformer.decoder_level2.mhca_blks.0.transformer_layers.2.norm2,8.0,0.4333764095464169,14832
TCFTransformer.decoder_level2.mhca_blks.0.transformer_layers.2.norm2,9.0,0.4477062772993629,14832
TCFTransformer.decoder_level2.mhca_blks.0.transformer_layers.2.norm2,10.0,0.462154866612648,14832
TCFTransformer.decoder_level2.mhca_blks.0.transformer_layers.2.norm2,11.0,0.4766869617338738,14832
TCFTransformer.decoder_level2.mhca_blks.0.transformer_layers.2.norm2,12.0,0.4912800596350807,14832
TCFTransformer.decoder_level2.mhca_blks.0.transformer_layers.2.norm2,13.0,0.50592529435844,14832
TCFTransformer.decoder_level2.mhca_blks.0.transformer_layers.2.norm2,14.0,0.5206399288986927,14832
TCFTransformer.decoder_level2.mhca_blks.0.transformer_layers.2.norm2,15.0,0.535441751944498,14832
TCFTransformer.decoder_level2.mhca_blks.0.transformer_layers.2.norm2,16.0,0.5503604276680429,14832
TCFTransformer.decoder_level2.mhca_blks.0.transformer_layers.2.norm2,17.0,0.5654452088768187,14832
TCFTransformer.decoder_level2.mhca_blks.0.transformer_layers.2.norm2,18.0,0.5807131013351753,14832
TCFTransformer.decoder_level2.mhca_blks.0.transformer_layers.2.norm2,19.0,0.5962006797513723,14832
TCFTransformer.decoder_level2.mhca_blks.0.transformer_layers.2.norm2,20.0,0.6119487610943977,14832
TCFTransformer.decoder_level2.mhca_blks.0.transformer_layers.2.norm2,21.0,0.6279874806781626,14832
TCFTransformer.decoder_level2.mhca_blks.0.transformer_layers.2.norm2,22.0,0.6443306781902122,14832
TCFTransformer.decoder_level2.mhca_blks.0.transformer_layers.2.norm2,23.0,0.6609569477317242,14832
TCFTransformer.decoder_level2.mhca_blks.0.transformer_layers.2.norm2,24.0,0.6778491732384105,14832
TCFTransformer.decoder_level2.mhca_blks.0.transformer_layers.2.norm2,25.0,0.694967223242922,14832
TCFTransformer.decoder_level2.mhca_blks.0.transformer_layers.2.norm2,26.0,0.7122465023226401,14832
TCFTransformer.decoder_level2.mhca_blks.0.transformer_layers.2.norm2,27.0,0.7296418345793519,14832
TCFTransformer.decoder_level2.mhca_blks.0.transformer_layers.2.norm2,28.0,0.7470823666713771,14832
TCFTransformer.decoder_level2.mhca_blks.0.transformer_layers.2.norm2,29.0,0.7644797171031034,14832
TCFTransformer.decoder_level2.mhca_blks.0.transformer_layers.2.norm2,30.0,0.7817507643200368,14832
TCFTransformer.decoder_level2.mhca_blks.0.transformer_layers.2.ffn.project_out,-10.0,0.21300885132780176,14832
TCFTransformer.decoder_level2.mhca_blks.0.transformer_layers.2.ffn.project_out,-9.0,0.21436738142389059,14832
TCFTransformer.decoder_level2.mhca_blks.0.transformer_layers.2.ffn.project_out,-8.0,0.21586197628056927,14832
TCFTransformer.decoder_level2.mhca_blks.0.transformer_layers.2.ffn.project_out,-7.0,0.216899408459786,14832
TCFTransformer.decoder_level2.mhca_blks.0.transformer_layers.2.ffn.project_out,-6.0,0.21764936037999577,14832
TCFTransformer.decoder_level2.mhca_blks.0.transformer_layers.2.ffn.project_out,-5.0,0.21831603973230876,14832
TCFTransformer.decoder_level2.mhca_blks.0.transformer_layers.2.ffn.project_out,-4.0,0.21909468952227817,14832
TCFTransformer.decoder_level2.mhca_blks.0.transformer_layers.2.ffn.project_out,-3.0,0.22013027191502688,14832
TCFTransformer.decoder_level2.mhca_blks.0.transformer_layers.2.ffn.project_out,-2.0,0.22155023299478105,14832
TCFTransformer.decoder_level2.mhca_blks.0.transformer_layers.2.ffn.project_out,-1.0,0.22347048307219441,14832
TCFTransformer.decoder_level2.mhca_blks.0.transformer_layers.2.ffn.project_out,0.0,0.22590390123208903,14832
TCFTransformer.decoder_level2.mhca_blks.0.transformer_layers.2.ffn.project_out,1.0,0.22884765364096055,14832
TCFTransformer.decoder_level2.mhca_blks.0.transformer_layers.2.ffn.project_out,2.0,0.2323120029720035,14832
TCFTransformer.decoder_level2.mhca_blks.0.transformer_layers.2.ffn.project_out,3.0,0.23635239724598284,14832
TCFTransformer.decoder_level2.mhca_blks.0.transformer_layers.2.ffn.project_out,4.0,0.24101365242302097,14832
TCFTransformer.decoder_level2.mhca_blks.0.transformer_layers.2.ffn.project_out,5.0,0.24632084813519523,14832
TCFTransformer.decoder_level2.mhca_blks.0.transformer_layers.2.ffn.project_out,6.0,0.2522683268317002,14832
TCFTransformer.decoder_level2.mhca_blks.0.transformer_layers.2.ffn.project_out,7.0,0.25886708229203526,14832
TCFTransformer.decoder_level2.mhca_blks.0.transformer_layers.2.ffn.project_out,8.0,0.2661207156424624,14832
TCFTransformer.decoder_level2.mhca_blks.0.transformer_layers.2.ffn.project_out,9.0,0.27401806813330176,14832
TCFTransformer.decoder_level2.mhca_blks.0.transformer_layers.2.ffn.project_out,10.0,0.28258284530677746,14832
TCFTransformer.decoder_level2.mhca_blks.0.transformer_layers.2.ffn.project_out,11.0,0.2918462031058758,14832
TCFTransformer.decoder_level2.mhca_blks.0.transformer_layers.2.ffn.project_out,12.0,0.3018364741470958,14832
TCFTransformer.decoder_level2.mhca_blks.0.transformer_layers.2.ffn.project_out,13.0,0.3125942397918934,14832
TCFTransformer.decoder_level2.mhca_blks.0.transformer_layers.2.ffn.project_out,14.0,0.3241955656623579,14832
TCFTransformer.decoder_level2.mhca_blks.0.transformer_layers.2.ffn.project_out,15.0,0.3367127477710799,14832
TCFTransformer.decoder_level2.mhca_blks.0.transformer_layers.2.ffn.project_out,16.0,0.35020727408746466,14832
TCFTransformer.decoder_level2.mhca_blks.0.transformer_layers.2.ffn.project_out,17.0,0.3647672405030413,14832
TCFTransformer.decoder_level2.mhca_blks.0.transformer_layers.2.ffn.project_out,18.0,0.3804362127401674,14832
TCFTransformer.decoder_level2.mhca_blks.0.transformer_layers.2.ffn.project_out,19.0,0.3972567604264967,14832
TCFTransformer.decoder_level2.mhca_blks.0.transformer_layers.2.ffn.project_out,20.0,0.4152670770892602,14832
TCFTransformer.decoder_level2.mhca_blks.0.transformer_layers.2.ffn.project_out,21.0,0.43447624395140305,14832
TCFTransformer.decoder_level2.mhca_blks.0.transformer_layers.2.ffn.project_out,22.0,0.45487138951255546,14832
TCFTransformer.decoder_level2.mhca_blks.0.transformer_layers.2.ffn.project_out,23.0,0.4763797146887062,14832
TCFTransformer.decoder_level2.mhca_blks.0.transformer_layers.2.ffn.project_out,24.0,0.4989195077377647,14832
TCFTransformer.decoder_level2.mhca_blks.0.transformer_layers.2.ffn.project_out,25.0,0.5223760110423563,14832
TCFTransformer.decoder_level2.mhca_blks.0.transformer_layers.2.ffn.project_out,26.0,0.5466073121380225,14832
TCFTransformer.decoder_level2.mhca_blks.0.transformer_layers.2.ffn.project_out,27.0,0.5715000184635635,14832
TCFTransformer.decoder_level2.mhca_blks.0.transformer_layers.2.ffn.project_out,28.0,0.5969049359883756,14832
TCFTransformer.decoder_level2.mhca_blks.0.transformer_layers.2.ffn.project_out,29.0,0.6226711067413266,14832
TCFTransformer.decoder_level2.mhca_blks.0.transformer_layers.2.ffn.project_out,30.0,0.6486109890322027,14832
TCFTransformer.decoder_level2.mhca_blks.0.transformer_layers.3.norm1,-10.0,0.22158787419686465,14832
TCFTransformer.decoder_level2.mhca_blks.0.transformer_layers.3.norm1,-9.0,0.230723034037918,14832
TCFTransformer.decoder_level2.mhca_blks.0.transformer_layers.3.norm1,-8.0,0.23910459901227293,14832
TCFTransformer.decoder_level2.mhca_blks.0.transformer_layers.3.norm1,-7.0,0.24782141064220353,14832
TCFTransformer.decoder_level2.mhca_blks.0.transformer_layers.3.norm1,-6.0,0.25688635814882727,14832
TCFTransformer.decoder_level2.mhca_blks.0.transformer_layers.3.norm1,-5.0,0.266341045714097,14832
TCFTransformer.decoder_level2.mhca_blks.0.transformer_layers.3.norm1,-4.0,0.2762191474064481,14832
TCFTransformer.decoder_level2.mhca_blks.0.transformer_layers.3.norm1,-3.0,0.28656185133746365,14832
TCFTransformer.decoder_level2.mhca_blks.0.transformer_layers.3.norm1,-2.0,0.2974117994097492,14832
TCFTransformer.decoder_level2.mhca_blks.0.transformer_layers.3.norm1,-1.0,0.30878673856168737,14832
TCFTransformer.decoder_level2.mhca_blks.0.transformer_layers.3.norm1,0.0,0.32066402331892774,14832
TCFTransformer.decoder_level2.mhca_blks.0.transformer_layers.3.norm1,1.0,0.3330208303124524,14832
TCFTransformer.decoder_level2.mhca_blks.0.transformer_layers.3.norm1,2.0,0.3458356954028755,14832
TCFTransformer.decoder_level2.mhca_blks.0.transformer_layers.3.norm1,3.0,0.3590964205274731,14832
TCFTransformer.decoder_level2.mhca_blks.0.transformer_layers.3.norm1,4.0,0.37276572282923365,14832
TCFTransformer.decoder_level2.mhca_blks.0.transformer_layers.3.norm1,5.0,0.3868085370567841,14832
TCFTransformer.decoder_level2.mhca_blks.0.transformer_layers.3.norm1,6.0,0.4011857061935217,14832
TCFTransformer.decoder_level2.mhca_blks.0.transformer_layers.3.norm1,7.0,0.4158680648171214,14832
TCFTransformer.decoder_level2.mhca_blks.0.transformer_layers.3.norm1,8.0,0.43081851418259703,14832
TCFTransformer.decoder_level2.mhca_blks.0.transformer_layers.3.norm1,9.0,0.4459867048260135,14832
TCFTransformer.decoder_level2.mhca_blks.0.transformer_layers.3.norm1,10.0,0.46133289913101333,14832
TCFTransformer.decoder_level2.mhca_blks.0.transformer_layers.3.norm1,11.0,0.4768159769469432,14832
TCFTransformer.decoder_level2.mhca_blks.0.transformer_layers.3.norm1,12.0,0.49240501883902865,14832
TCFTransformer.decoder_level2.mhca_blks.0.transformer_layers.3.norm1,13.0,0.5080775645372639,14832
TCFTransformer.decoder_level2.mhca_blks.0.transformer_layers.3.norm1,14.0,0.5238349105662464,14832
TCFTransformer.decoder_level2.mhca_blks.0.transformer_layers.3.norm1,15.0,0.5396781346942535,14832
TCFTransformer.decoder_level2.mhca_blks.0.transformer_layers.3.norm1,16.0,0.5556256335365315,14832
TCFTransformer.decoder_level2.mhca_blks.0.transformer_layers.3.norm1,17.0,0.5717102263058499,14832
TCFTransformer.decoder_level2.mhca_blks.0.transformer_layers.3.norm1,18.0,0.5879331843971708,14832
TCFTransformer.decoder_level2.mhca_blks.0.transformer_layers.3.norm1,19.0,0.6043183493941314,14832
TCFTransformer.decoder_level2.mhca_blks.0.transformer_layers.3.norm1,20.0,0.6208865801796734,14832
TCFTransformer.decoder_level2.mhca_blks.0.transformer_layers.3.norm1,21.0,0.637655589501489,14832
TCFTransformer.decoder_level2.mhca_blks.0.transformer_layers.3.norm1,22.0,0.6546309613728215,14832
TCFTransformer.decoder_level2.mhca_blks.0.transformer_layers.3.norm1,23.0,0.6717813616475853,14832
TCFTransformer.decoder_level2.mhca_blks.0.transformer_layers.3.norm1,24.0,0.6890843991218326,14832
TCFTransformer.decoder_level2.mhca_blks.0.transformer_layers.3.norm1,25.0,0.706497822672193,14832
TCFTransformer.decoder_level2.mhca_blks.0.transformer_layers.3.norm1,26.0,0.7239588615007321,14832
TCFTransformer.decoder_level2.mhca_blks.0.transformer_layers.3.norm1,27.0,0.7414266599328162,14832
TCFTransformer.decoder_level2.mhca_blks.0.transformer_layers.3.norm1,28.0,0.758833761830305,14832
TCFTransformer.decoder_level2.mhca_blks.0.transformer_layers.3.norm1,29.0,0.7760969712414016,14832
TCFTransformer.decoder_level2.mhca_blks.0.transformer_layers.3.norm1,30.0,0.7931366458699958,14832
TCFTransformer.decoder_level2.mhca_blks.0.transformer_layers.3.norm2,-10.0,0.1119589863386218,14832
TCFTransformer.decoder_level2.mhca_blks.0.transformer_layers.3.norm2,-9.0,0.11747217761042969,14832
TCFTransformer.decoder_level2.mhca_blks.0.transformer_layers.3.norm2,-8.0,0.12308608963728923,14832
TCFTransformer.decoder_level2.mhca_blks.0.transformer_layers.3.norm2,-7.0,0.12908900654452782,14832
TCFTransformer.decoder_level2.mhca_blks.0.transformer_layers.3.norm2,-6.0,0.13552146510408433,14832
TCFTransformer.decoder_level2.mhca_blks.0.transformer_layers.3.norm2,-5.0,0.14243813498325428,14832
TCFTransformer.decoder_level2.mhca_blks.0.transformer_layers.3.norm2,-4.0,0.14986792206720267,14832
TCFTransformer.decoder_level2.mhca_blks.0.transformer_layers.3.norm2,-3.0,0.1578365912492801,14832
TCFTransformer.decoder_level2.mhca_blks.0.transformer_layers.3.norm2,-2.0,0.16638459123819496,14832
TCFTransformer.decoder_level2.mhca_blks.0.transformer_layers.3.norm2,-1.0,0.17553940173101631,14832
TCFTransformer.decoder_level2.mhca_blks.0.transformer_layers.3.norm2,0.0,0.18530444471010316,14832
TCFTransformer.decoder_level2.mhca_blks.0.transformer_layers.3.norm2,1.0,0.1956802655379122,14832
TCFTransformer.decoder_level2.mhca_blks.0.transformer_layers.3.norm2,2.0,0.20665867485486758,14832
TCFTransformer.decoder_level2.mhca_blks.0.transformer_layers.3.norm2,3.0,0.21824928391810222,14832
TCFTransformer.decoder_level2.mhca_blks.0.transformer_layers.3.norm2,4.0,0.2304353781155373,14832
TCFTransformer.decoder_level2.mhca_blks.0.transformer_layers.3.norm2,5.0,0.2431929507818372,14832
TCFTransformer.decoder_level2.mhca_blks.0.transformer_layers.3.norm2,6.0,0.2564812197235434,14832
TCFTransformer.decoder_level2.mhca_blks.0.transformer_layers.3.norm2,7.0,0.2702677750087443,14832
TCFTransformer.decoder_level2.mhca_blks.0.transformer_layers.3.norm2,8.0,0.2844999572414123,14832
TCFTransformer.decoder_level2.mhca_blks.0.transformer_layers.3.norm2,9.0,0.29909744391121384,14832
TCFTransformer.decoder_level2.mhca_blks.0.transformer_layers.3.norm2,10.0,0.31397253682408904,14832
TCFTransformer.decoder_level2.mhca_blks.0.transformer_layers.3.norm2,11.0,0.3290391568970559,14832
TCFTransformer.decoder_level2.mhca_blks.0.transformer_layers.3.norm2,12.0,0.3442133420464475,14832
TCFTransformer.decoder_level2.mhca_blks.0.transformer_layers.3.norm2,13.0,0.3594297646166116,14832
TCFTransformer.decoder_level2.mhca_blks.0.transformer_layers.3.norm2,14.0,0.37466266365900647,14832
TCFTransformer.decoder_level2.mhca_blks.0.transformer_layers.3.norm2,15.0,0.38990876330424434,14832
TCFTransformer.decoder_level2.mhca_blks.0.transformer_layers.3.norm2,16.0,0.40519756610789603,14832
TCFTransformer.decoder_level2.mhca_blks.0.transformer_layers.3.norm2,17.0,0.42059934921030195,14832
TCFTransformer.decoder_level2.mhca_blks.0.transformer_layers.3.norm2,18.0,0.43616202998325676,14832
TCFTransformer.decoder_level2.mhca_blks.0.transformer_layers.3.norm2,19.0,0.45196755574121994,14832
TCFTransformer.decoder_level2.mhca_blks.0.transformer_layers.3.norm2,20.0,0.4681278460416963,14832
TCFTransformer.decoder_level2.mhca_blks.0.transformer_layers.3.norm2,21.0,0.4847507047885878,14832
TCFTransformer.decoder_level2.mhca_blks.0.transformer_layers.3.norm2,22.0,0.5019200320512321,14832
TCFTransformer.decoder_level2.mhca_blks.0.transformer_layers.3.norm2,23.0,0.519678152073878,14832
TCFTransformer.decoder_level2.mhca_blks.0.transformer_layers.3.norm2,24.0,0.5380711835751787,14832
TCFTransformer.decoder_level2.mhca_blks.0.transformer_layers.3.norm2,25.0,0.5570930126992164,14832
TCFTransformer.decoder_level2.mhca_blks.0.transformer_layers.3.norm2,26.0,0.5767011551945966,14832
TCFTransformer.decoder_level2.mhca_blks.0.transformer_layers.3.norm2,27.0,0.5968684621764088,14832
TCFTransformer.decoder_level2.mhca_blks.0.transformer_layers.3.norm2,28.0,0.61752534351395,14832
TCFTransformer.decoder_level2.mhca_blks.0.transformer_layers.3.norm2,29.0,0.638585752070135,14832
TCFTransformer.decoder_level2.mhca_blks.0.transformer_layers.3.norm2,30.0,0.6599482286102596,14832
TCFTransformer.decoder_level2.mhca_blks.0.transformer_layers.3.ffn.project_out,-10.0,0.18452950018787598,14832
TCFTransformer.decoder_level2.mhca_blks.0.transformer_layers.3.ffn.project_out,-9.0,0.18902975328150082,14832
TCFTransformer.decoder_level2.mhca_blks.0.transformer_layers.3.ffn.project_out,-8.0,0.19441038253867826,14832
TCFTransformer.decoder_level2.mhca_blks.0.transformer_layers.3.ffn.project_out,-7.0,0.19996912595378927,14832
TCFTransformer.decoder_level2.mhca_blks.0.transformer_layers.3.ffn.project_out,-6.0,0.20582144185142168,14832
TCFTransformer.decoder_level2.mhca_blks.0.transformer_layers.3.ffn.project_out,-5.0,0.2120777631699416,14832
TCFTransformer.decoder_level2.mhca_blks.0.transformer_layers.3.ffn.project_out,-4.0,0.2188409797004861,14832
TCFTransformer.decoder_level2.mhca_blks.0.transformer_layers.3.ffn.project_out,-3.0,0.2262378716889062,14832
TCFTransformer.decoder_level2.mhca_blks.0.transformer_layers.3.ffn.project_out,-2.0,0.23432545322184417,14832
TCFTransformer.decoder_level2.mhca_blks.0.transformer_layers.3.ffn.project_out,-1.0,0.24314180821679665,14832
TCFTransformer.decoder_level2.mhca_blks.0.transformer_layers.3.ffn.project_out,0.0,0.2527343867599819,14832
TCFTransformer.decoder_level2.mhca_blks.0.transformer_layers.3.ffn.project_out,1.0,0.2632237676505458,14832
TCFTransformer.decoder_level2.mhca_blks.0.transformer_layers.3.ffn.project_out,2.0,0.27472338415888276,14832
TCFTransformer.decoder_level2.mhca_blks.0.transformer_layers.3.ffn.project_out,3.0,0.2873416195313136,14832
TCFTransformer.decoder_level2.mhca_blks.0.transformer_layers.3.ffn.project_out,4.0,0.3010891267395365,14832
TCFTransformer.decoder_level2.mhca_blks.0.transformer_layers.3.ffn.project_out,5.0,0.3159630049551016,14832
TCFTransformer.decoder_level2.mhca_blks.0.transformer_layers.3.ffn.project_out,6.0,0.33192319045659097,14832
TCFTransformer.decoder_level2.mhca_blks.0.transformer_layers.3.ffn.project_out,7.0,0.3489353791481546,14832
TCFTransformer.decoder_level2.mhca_blks.0.transformer_layers.3.ffn.project_out,8.0,0.3669036726192034,14832
TCFTransformer.decoder_level2.mhca_blks.0.transformer_layers.3.ffn.project_out,9.0,0.3857088886950358,14832
TCFTransformer.decoder_level2.mhca_blks.0.transformer_layers.3.ffn.project_out,10.0,0.4052144116747164,14832
TCFTransformer.decoder_level2.mhca_blks.0.transformer_layers.3.ffn.project_out,11.0,0.4252751130754372,14832
TCFTransformer.decoder_level2.mhca_blks.0.transformer_layers.3.ffn.project_out,12.0,0.44572232425023983,14832
TCFTransformer.decoder_level2.mhca_blks.0.transformer_layers.3.ffn.project_out,13.0,0.4663924025673069,14832
TCFTransformer.decoder_level2.mhca_blks.0.transformer_layers.3.ffn.project_out,14.0,0.4871307290440471,14832
TCFTransformer.decoder_level2.mhca_blks.0.transformer_layers.3.ffn.project_out,15.0,0.5077675314637217,14832
TCFTransformer.decoder_level2.mhca_blks.0.transformer_layers.3.ffn.project_out,16.0,0.5282325150360712,14832
TCFTransformer.decoder_level2.mhca_blks.0.transformer_layers.3.ffn.project_out,17.0,0.5484927230677341,14832
TCFTransformer.decoder_level2.mhca_blks.0.transformer_layers.3.ffn.project_out,18.0,0.5684764566308866,14832
TCFTransformer.decoder_level2.mhca_blks.0.transformer_layers.3.ffn.project_out,19.0,0.5881808385159518,14832
TCFTransformer.decoder_level2.mhca_blks.0.transformer_layers.3.ffn.project_out,20.0,0.6076108365462332,14832
TCFTransformer.decoder_level2.mhca_blks.0.transformer_layers.3.ffn.project_out,21.0,0.6268006953242021,14832
TCFTransformer.decoder_level2.mhca_blks.0.transformer_layers.3.ffn.project_out,22.0,0.6457413163818739,14832
TCFTransformer.decoder_level2.mhca_blks.0.transformer_layers.3.ffn.project_out,23.0,0.6644177041589179,14832
TCFTransformer.decoder_level2.mhca_blks.0.transformer_layers.3.ffn.project_out,24.0,0.6828573871948459,14832
TCFTransformer.decoder_level2.mhca_blks.0.transformer_layers.3.ffn.project_out,25.0,0.7010576567655789,14832
TCFTransformer.decoder_level2.mhca_blks.0.transformer_layers.3.ffn.project_out,26.0,0.7189781792841635,14832
TCFTransformer.decoder_level2.mhca_blks.0.transformer_layers.3.ffn.project_out,27.0,0.7365911863643793,14832
TCFTransformer.decoder_level2.mhca_blks.0.transformer_layers.3.ffn.project_out,28.0,0.7538702465019148,14832
TCFTransformer.decoder_level2.mhca_blks.0.transformer_layers.3.ffn.project_out,29.0,0.7707824201836475,14832
TCFTransformer.decoder_level2.mhca_blks.0.transformer_layers.3.ffn.project_out,30.0,0.7873198584127999,14832
TCFTransformer.decoder_level1.mhca_blks.0.transformer_layers.0.norm1,-10.0,0.13681238219910527,14832
TCFTransformer.decoder_level1.mhca_blks.0.transformer_layers.0.norm1,-9.0,0.14443600838268003,14832
TCFTransformer.decoder_level1.mhca_blks.0.transformer_layers.0.norm1,-8.0,0.1522695384115913,14832
TCFTransformer.decoder_level1.mhca_blks.0.transformer_layers.0.norm1,-7.0,0.16064554579885518,14832
TCFTransformer.decoder_level1.mhca_blks.0.transformer_layers.0.norm1,-6.0,0.1696264748537522,14832
TCFTransformer.decoder_level1.mhca_blks.0.transformer_layers.0.norm1,-5.0,0.1792825831516275,14832
TCFTransformer.decoder_level1.mhca_blks.0.transformer_layers.0.norm1,-4.0,0.18967615559188794,14832
TCFTransformer.decoder_level1.mhca_blks.0.transformer_layers.0.norm1,-3.0,0.20088914847953354,14832
TCFTransformer.decoder_level1.mhca_blks.0.transformer_layers.0.norm1,-2.0,0.21301770340608575,14832
TCFTransformer.decoder_level1.mhca_blks.0.transformer_layers.0.norm1,-1.0,0.22611411863537617,14832
TCFTransformer.decoder_level1.mhca_blks.0.transformer_layers.0.norm1,0.0,0.24020252414275026,14832
TCFTransformer.decoder_level1.mhca_blks.0.transformer_layers.0.norm1,1.0,0.25530006816946504,14832
TCFTransformer.decoder_level1.mhca_blks.0.transformer_layers.0.norm1,2.0,0.27142350293470874,14832
TCFTransformer.decoder_level1.mhca_blks.0.transformer_layers.0.norm1,3.0,0.2885970314737347,14832
TCFTransformer.decoder_level1.mhca_blks.0.transformer_layers.0.norm1,4.0,0.3068142342340365,14832
TCFTransformer.decoder_level1.mhca_blks.0.transformer_layers.0.norm1,5.0,0.3260451061519249,14832
TCFTransformer.decoder_level1.mhca_blks.0.transformer_layers.0.norm1,6.0,0.34625527152633134,14832
TCFTransformer.decoder_level1.mhca_blks.0.transformer_layers.0.norm1,7.0,0.3674022682593706,14832
TCFTransformer.decoder_level1.mhca_blks.0.transformer_layers.0.norm1,8.0,0.38941791178013113,14832
TCFTransformer.decoder_level1.mhca_blks.0.transformer_layers.0.norm1,9.0,0.41220571581606313,14832
TCFTransformer.decoder_level1.mhca_blks.0.transformer_layers.0.norm1,10.0,0.43564541723344075,14832
TCFTransformer.decoder_level1.mhca_blks.0.transformer_layers.0.norm1,11.0,0.4596081644417457,14832
TCFTransformer.decoder_level1.mhca_blks.0.transformer_layers.0.norm1,12.0,0.48396140907437996,14832
TCFTransformer.decoder_level1.mhca_blks.0.transformer_layers.0.norm1,13.0,0.5085693872153222,14832
TCFTransformer.decoder_level1.mhca_blks.0.transformer_layers.0.norm1,14.0,0.5332940033548578,14832
TCFTransformer.decoder_level1.mhca_blks.0.transformer_layers.0.norm1,15.0,0.5579920521793643,14832
TCFTransformer.decoder_level1.mhca_blks.0.transformer_layers.0.norm1,16.0,0.5825310157154342,14832
TCFTransformer.decoder_level1.mhca_blks.0.transformer_layers.0.norm1,17.0,0.6067965027065938,14832
TCFTransformer.decoder_level1.mhca_blks.0.transformer_layers.0.norm1,18.0,0.6306397084987139,14832
TCFTransformer.decoder_level1.mhca_blks.0.transformer_layers.0.norm1,19.0,0.6539630215818981,14832
TCFTransformer.decoder_level1.mhca_blks.0.transformer_layers.0.norm1,20.0,0.6766888782650256,14832
TCFTransformer.decoder_level1.mhca_blks.0.transformer_layers.0.norm1,21.0,0.698756026916865,14832
TCFTransformer.decoder_level1.mhca_blks.0.transformer_layers.0.norm1,22.0,0.7200939657855799,14832
TCFTransformer.decoder_level1.mhca_blks.0.transformer_layers.0.norm1,23.0,0.7406464569137996,14832
TCFTransformer.decoder_level1.mhca_blks.0.transformer_layers.0.norm1,24.0,0.7603760860647361,14832
TCFTransformer.decoder_level1.mhca_blks.0.transformer_layers.0.norm1,25.0,0.7792517036428633,14832
TCFTransformer.decoder_level1.mhca_blks.0.transformer_layers.0.norm1,26.0,0.7972432003148552,14832
TCFTransformer.decoder_level1.mhca_blks.0.transformer_layers.0.norm1,27.0,0.8143445193293347,14832
TCFTransformer.decoder_level1.mhca_blks.0.transformer_layers.0.norm1,28.0,0.8305624820766198,14832
TCFTransformer.decoder_level1.mhca_blks.0.transformer_layers.0.norm1,29.0,0.8458940905338994,14832
TCFTransformer.decoder_level1.mhca_blks.0.transformer_layers.0.norm1,30.0,0.8603495326286992,14832
TCFTransformer.decoder_level1.mhca_blks.0.transformer_layers.0.norm2,-10.0,0.15614022143630205,14832
TCFTransformer.decoder_level1.mhca_blks.0.transformer_layers.0.norm2,-9.0,0.16448149664810746,14832
TCFTransformer.decoder_level1.mhca_blks.0.transformer_layers.0.norm2,-8.0,0.1729037312860073,14832
TCFTransformer.decoder_level1.mhca_blks.0.transformer_layers.0.norm2,-7.0,0.18174198887008516,14832
TCFTransformer.decoder_level1.mhca_blks.0.transformer_layers.0.norm2,-6.0,0.19107116854957085,14832
TCFTransformer.decoder_level1.mhca_blks.0.transformer_layers.0.norm2,-5.0,0.20098511334198466,14832
TCFTransformer.decoder_level1.mhca_blks.0.transformer_layers.0.norm2,-4.0,0.21153598264080276,14832
TCFTransformer.decoder_level1.mhca_blks.0.transformer_layers.0.norm2,-3.0,0.22278192807996128,14832
TCFTransformer.decoder_level1.mhca_blks.0.transformer_layers.0.norm2,-2.0,0.23481370790503886,14832
TCFTransformer.decoder_level1.mhca_blks.0.transformer_layers.0.norm2,-1.0,0.2476636002352863,14832
TCFTransformer.decoder_level1.mhca_blks.0.transformer_layers.0.norm2,0.0,0.26132708053358755,14832
TCFTransformer.decoder_level1.mhca_blks.0.transformer_layers.0.norm2,1.0,0.2757981984985102,14832
TCFTransformer.decoder_level1.mhca_blks.0.transformer_layers.0.norm2,2.0,0.29108733661181946,14832
TCFTransformer.decoder_level1.mhca_blks.0.transformer_layers.0.norm2,3.0,0.3071968276682837,14832
TCFTransformer.decoder_level1.mhca_blks.0.transformer_layers.0.norm2,4.0,0.3240905258488844,14832
TCFTransformer.decoder_level1.mhca_blks.0.transformer_layers.0.norm2,5.0,0.34171990218457793,14832
TCFTransformer.decoder_level1.mhca_blks.0.transformer_layers.0.norm2,6.0,0.36004701341809286,14832
TCFTransformer.decoder_level1.mhca_blks.0.transformer_layers.0.norm2,7.0,0.379043520211861,14832
TCFTransformer.decoder_level1.mhca_blks.0.transformer_layers.0.norm2,8.0,0.39866037449627173,14832
TCFTransformer.decoder_level1.mhca_blks.0.transformer_layers.0.norm2,9.0,0.41882606719529103,14832
TCFTransformer.decoder_level1.mhca_blks.0.transformer_layers.0.norm2,10.0,0.4394529438878992,14832
TCFTransformer.decoder_level1.mhca_blks.0.transformer_layers.0.norm2,11.0,0.4604543646568474,14832
TCFTransformer.decoder_level1.mhca_blks.0.transformer_layers.0.norm2,12.0,0.4817507981092638,14832
TCFTransformer.decoder_level1.mhca_blks.0.transformer_layers.0.norm2,13.0,0.5032592889440408,14832
TCFTransformer.decoder_level1.mhca_blks.0.transformer_layers.0.norm2,14.0,0.5248999092155241,14832
TCFTransformer.decoder_level1.mhca_blks.0.transformer_layers.0.norm2,15.0,0.5465873938943978,14832
TCFTransformer.decoder_level1.mhca_blks.0.transformer_layers.0.norm2,16.0,0.5682512109108598,14832
TCFTransformer.decoder_level1.mhca_blks.0.transformer_layers.0.norm2,17.0,0.589830452914851,14832
TCFTransformer.decoder_level1.mhca_blks.0.transformer_layers.0.norm2,18.0,0.6112198285585693,14832
TCFTransformer.decoder_level1.mhca_blks.0.transformer_layers.0.norm2,19.0,0.6323612817219522,14832
TCFTransformer.decoder_level1.mhca_blks.0.transformer_layers.0.norm2,20.0,0.6532104311213538,14832
TCFTransformer.decoder_level1.mhca_blks.0.transformer_layers.0.norm2,21.0,0.6737305728513687,14832
TCFTransformer.decoder_level1.mhca_blks.0.transformer_layers.0.norm2,22.0,0.6938673578817578,14832
TCFTransformer.decoder_level1.mhca_blks.0.transformer_layers.0.norm2,23.0,0.7135680336103308,14832
TCFTransformer.decoder_level1.mhca_blks.0.transformer_layers.0.norm2,24.0,0.732796012911194,14832
TCFTransformer.decoder_level1.mhca_blks.0.transformer_layers.0.norm2,25.0,0.7515095835742507,14832
TCFTransformer.decoder_level1.mhca_blks.0.transformer_layers.0.norm2,26.0,0.7696598618830824,14832
TCFTransformer.decoder_level1.mhca_blks.0.transformer_layers.0.norm2,27.0,0.7872158148182311,14832
TCFTransformer.decoder_level1.mhca_blks.0.transformer_layers.0.norm2,28.0,0.8041525052151087,14832
TCFTransformer.decoder_level1.mhca_blks.0.transformer_layers.0.norm2,29.0,0.8204298934637052,14832
TCFTransformer.decoder_level1.mhca_blks.0.transformer_layers.0.norm2,30.0,0.836017438374307,14832
TCFTransformer.decoder_level1.mhca_blks.0.transformer_layers.0.ffn.project_out,-10.0,0.41105996460092237,14832
TCFTransformer.decoder_level1.mhca_blks.0.transformer_layers.0.ffn.project_out,-9.0,0.4108608564253427,14832
TCFTransformer.decoder_level1.mhca_blks.0.transformer_layers.0.ffn.project_out,-8.0,0.4147405806243692,14832
TCFTransformer.decoder_level1.mhca_blks.0.transformer_layers.0.ffn.project_out,-7.0,0.41889162643530287,14832
TCFTransformer.decoder_level1.mhca_blks.0.transformer_layers.0.ffn.project_out,-6.0,0.4232735242724756,14832
TCFTransformer.decoder_level1.mhca_blks.0.transformer_layers.0.ffn.project_out,-5.0,0.4278453642948497,14832
TCFTransformer.decoder_level1.mhca_blks.0.transformer_layers.0.ffn.project_out,-4.0,0.4325886656155462,14832
TCFTransformer.decoder_level1.mhca_blks.0.transformer_layers.0.ffn.project_out,-3.0,0.43753516323012515,14832
TCFTransformer.decoder_level1.mhca_blks.0.transformer_layers.0.ffn.project_out,-2.0,0.44271703018829983,14832
TCFTransformer.decoder_level1.mhca_blks.0.transformer_layers.0.ffn.project_out,-1.0,0.44816176331388047,14832
TCFTransformer.decoder_level1.mhca_blks.0.transformer_layers.0.ffn.project_out,0.0,0.4538840502711514,14832
TCFTransformer.decoder_level1.mhca_blks.0.transformer_layers.0.ffn.project_out,1.0,0.4598982707640516,14832
TCFTransformer.decoder_level1.mhca_blks.0.transformer_layers.0.ffn.project_out,2.0,0.46622228991750625,14832
TCFTransformer.decoder_level1.mhca_blks.0.transformer_layers.0.ffn.project_out,3.0,0.4728986495892802,14832
TCFTransformer.decoder_level1.mhca_blks.0.transformer_layers.0.ffn.project_out,4.0,0.47996997889412607,14832
TCFTransformer.decoder_level1.mhca_blks.0.transformer_layers.0.ffn.project_out,5.0,0.48747015386787695,14832
TCFTransformer.decoder_level1.mhca_blks.0.transformer_layers.0.ffn.project_out,6.0,0.49541715483111864,14832
TCFTransformer.decoder_level1.mhca_blks.0.transformer_layers.0.ffn.project_out,7.0,0.5038240387605779,14832
TCFTransformer.decoder_level1.mhca_blks.0.transformer_layers.0.ffn.project_out,8.0,0.5126952536096705,14832
TCFTransformer.decoder_level1.mhca_blks.0.transformer_layers.0.ffn.project_out,9.0,0.522023881184783,14832
TCFTransformer.decoder_level1.mhca_blks.0.transformer_layers.0.ffn.project_out,10.0,0.5318049672084831,14832
TCFTransformer.decoder_level1.mhca_blks.0.transformer_layers.0.ffn.project_out,11.0,0.5420273680394635,14832
TCFTransformer.decoder_level1.mhca_blks.0.transformer_layers.0.ffn.project_out,12.0,0.5526819318340048,14832
TCFTransformer.decoder_level1.mhca_blks.0.transformer_layers.0.ffn.project_out,13.0,0.5637542134052407,14832
TCFTransformer.decoder_level1.mhca_blks.0.transformer_layers.0.ffn.project_out,14.0,0.5752439696719507,14832
TCFTransformer.decoder_level1.mhca_blks.0.transformer_layers.0.ffn.project_out,15.0,0.5871512455546258,14832
TCFTransformer.decoder_level1.mhca_blks.0.transformer_layers.0.ffn.project_out,16.0,0.5994832274054922,14832
TCFTransformer.decoder_level1.mhca_blks.0.transformer_layers.0.ffn.project_out,17.0,0.61224929926497,14832
TCFTransformer.decoder_level1.mhca_blks.0.transformer_layers.0.ffn.project_out,18.0,0.6254367783360241,14832
TCFTransformer.decoder_level1.mhca_blks.0.transformer_layers.0.ffn.project_out,19.0,0.6390378395720367,14832
TCFTransformer.decoder_level1.mhca_blks.0.transformer_layers.0.ffn.project_out,20.0,0.6530429114564498,14832
TCFTransformer.decoder_level1.mhca_blks.0.transformer_layers.0.ffn.project_out,21.0,0.6674406033676387,14832
TCFTransformer.decoder_level1.mhca_blks.0.transformer_layers.0.ffn.project_out,22.0,0.6822113828631088,14832
TCFTransformer.decoder_level1.mhca_blks.0.transformer_layers.0.ffn.project_out,23.0,0.6973087000615389,14832
TCFTransformer.decoder_level1.mhca_blks.0.transformer_layers.0.ffn.project_out,24.0,0.7126796424565707,14832
TCFTransformer.decoder_level1.mhca_blks.0.transformer_layers.0.ffn.project_out,25.0,0.7282545755756968,14832
TCFTransformer.decoder_level1.mhca_blks.0.transformer_layers.0.ffn.project_out,26.0,0.7439610750174317,14832
TCFTransformer.decoder_level1.mhca_blks.0.transformer_layers.0.ffn.project_out,27.0,0.7597366021192575,14832
TCFTransformer.decoder_level1.mhca_blks.0.transformer_layers.0.ffn.project_out,28.0,0.7755023444206035,14832
TCFTransformer.decoder_level1.mhca_blks.0.transformer_layers.0.ffn.project_out,29.0,0.7911798233646565,14832
TCFTransformer.decoder_level1.mhca_blks.0.transformer_layers.0.ffn.project_out,30.0,0.80668093403952,14832
TCFTransformer.decoder_level1.mhca_blks.0.transformer_layers.1.norm1,-10.0,0.33991360165200873,14832
TCFTransformer.decoder_level1.mhca_blks.0.transformer_layers.1.norm1,-9.0,0.3488010714793058,14832
TCFTransformer.decoder_level1.mhca_blks.0.transformer_layers.1.norm1,-8.0,0.35744088513881145,14832
TCFTransformer.decoder_level1.mhca_blks.0.transformer_layers.1.norm1,-7.0,0.3663135966745194,14832
TCFTransformer.decoder_level1.mhca_blks.0.transformer_layers.1.norm1,-6.0,0.37554507280931987,14832
TCFTransformer.decoder_level1.mhca_blks.0.transformer_layers.1.norm1,-5.0,0.38527862575837485,14832
TCFTransformer.decoder_level1.mhca_blks.0.transformer_layers.1.norm1,-4.0,0.39556934736958405,14832
TCFTransformer.decoder_level1.mhca_blks.0.transformer_layers.1.norm1,-3.0,0.4064568821421172,14832
TCFTransformer.decoder_level1.mhca_blks.0.transformer_layers.1.norm1,-2.0,0.41800316259417664,14832
TCFTransformer.decoder_level1.mhca_blks.0.transformer_layers.1.norm1,-1.0,0.430214539412389,14832
TCFTransformer.decoder_level1.mhca_blks.0.transformer_layers.1.norm1,0.0,0.44305848765077455,14832
TCFTransformer.decoder_level1.mhca_blks.0.transformer_layers.1.norm1,1.0,0.45649940559807295,14832
TCFTransformer.decoder_level1.mhca_blks.0.transformer_layers.1.norm1,2.0,0.4705164435147805,14832
TCFTransformer.decoder_level1.mhca_blks.0.transformer_layers.1.norm1,3.0,0.4850782273998313,14832
TCFTransformer.decoder_level1.mhca_blks.0.transformer_layers.1.norm1,4.0,0.5001243900672453,14832
TCFTransformer.decoder_level1.mhca_blks.0.transformer_layers.1.norm1,5.0,0.5155867125021198,14832
TCFTransformer.decoder_level1.mhca_blks.0.transformer_layers.1.norm1,6.0,0.5314184070415112,14832
TCFTransformer.decoder_level1.mhca_blks.0.transformer_layers.1.norm1,7.0,0.5475804113924599,14832
TCFTransformer.decoder_level1.mhca_blks.0.transformer_layers.1.norm1,8.0,0.5640254932291957,14832
TCFTransformer.decoder_level1.mhca_blks.0.transformer_layers.1.norm1,9.0,0.5806862372410723,14832
TCFTransformer.decoder_level1.mhca_blks.0.transformer_layers.1.norm1,10.0,0.5974875863414446,14832
TCFTransformer.decoder_level1.mhca_blks.0.transformer_layers.1.norm1,11.0,0.614358638411241,14832
TCFTransformer.decoder_level1.mhca_blks.0.transformer_layers.1.norm1,12.0,0.6312373385944492,14832
TCFTransformer.decoder_level1.mhca_blks.0.transformer_layers.1.norm1,13.0,0.6480621293321768,14832
TCFTransformer.decoder_level1.mhca_blks.0.transformer_layers.1.norm1,14.0,0.664774911182791,14832
TCFTransformer.decoder_level1.mhca_blks.0.transformer_layers.1.norm1,15.0,0.6813228182743797,14832
TCFTransformer.decoder_level1.mhca_blks.0.transformer_layers.1.norm1,16.0,0.6976600377594382,14832
TCFTransformer.decoder_level1.mhca_blks.0.transformer_layers.1.norm1,17.0,0.7137523855784951,14832
TCFTransformer.decoder_level1.mhca_blks.0.transformer_layers.1.norm1,18.0,0.7295359868913922,14832
TCFTransformer.decoder_level1.mhca_blks.0.transformer_layers.1.norm1,19.0,0.7449821061088012,14832
TCFTransformer.decoder_level1.mhca_blks.0.transformer_layers.1.norm1,20.0,0.7600707542573172,14832
TCFTransformer.decoder_level1.mhca_blks.0.transformer_layers.1.norm1,21.0,0.7747862393372041,14832
TCFTransformer.decoder_level1.mhca_blks.0.transformer_layers.1.norm1,22.0,0.7891036290554841,14832
TCFTransformer.decoder_level1.mhca_blks.0.transformer_layers.1.norm1,23.0,0.8030009575614137,14832
TCFTransformer.decoder_level1.mhca_blks.0.transformer_layers.1.norm1,24.0,0.8164663081777712,14832
TCFTransformer.decoder_level1.mhca_blks.0.transformer_layers.1.norm1,25.0,0.8294855769273565,14832
TCFTransformer.decoder_level1.mhca_blks.0.transformer_layers.1.norm1,26.0,0.8420403539720508,14832
TCFTransformer.decoder_level1.mhca_blks.0.transformer_layers.1.norm1,27.0,0.8541256636240498,14832
TCFTransformer.decoder_level1.mhca_blks.0.transformer_layers.1.norm1,28.0,0.8657398909579525,14832
TCFTransformer.decoder_level1.mhca_blks.0.transformer_layers.1.norm1,29.0,0.8768718050875196,14832
TCFTransformer.decoder_level1.mhca_blks.0.transformer_layers.1.norm1,30.0,0.8875148122951372,14832
TCFTransformer.decoder_level1.mhca_blks.0.transformer_layers.1.norm2,-10.0,0.2855280887236579,14832
TCFTransformer.decoder_level1.mhca_blks.0.transformer_layers.1.norm2,-9.0,0.29356563736924735,14832
TCFTransformer.decoder_level1.mhca_blks.0.transformer_layers.1.norm2,-8.0,0.3016292954405253,14832
TCFTransformer.decoder_level1.mhca_blks.0.transformer_layers.1.norm2,-7.0,0.3099619346372421,14832
TCFTransformer.decoder_level1.mhca_blks.0.transformer_layers.1.norm2,-6.0,0.3186704864647107,14832
TCFTransformer.decoder_level1.mhca_blks.0.transformer_layers.1.norm2,-5.0,0.32787693769921183,14832
TCFTransformer.decoder_level1.mhca_blks.0.transformer_layers.1.norm2,-4.0,0.3376229944269192,14832
TCFTransformer.decoder_level1.mhca_blks.0.transformer_layers.1.norm2,-3.0,0.3479456850478251,14832
TCFTransformer.decoder_level1.mhca_blks.0.transformer_layers.1.norm2,-2.0,0.3589009843538631,14832
TCFTransformer.decoder_level1.mhca_blks.0.transformer_layers.1.norm2,-1.0,0.37049431223603124,14832
TCFTransformer.decoder_level1.mhca_blks.0.transformer_layers.1.norm2,0.0,0.38270020342161715,14832
TCFTransformer.decoder_level1.mhca_blks.0.transformer_layers.1.norm2,1.0,0.39549152243193214,14832
TCFTransformer.decoder_level1.mhca_blks.0.transformer_layers.1.norm2,2.0,0.4088521196598342,14832
TCFTransformer.decoder_level1.mhca_blks.0.transformer_layers.1.norm2,3.0,0.42276284132984654,14832
TCFTransformer.decoder_level1.mhca_blks.0.transformer_layers.1.norm2,4.0,0.43717662261913515,14832
TCFTransformer.decoder_level1.mhca_blks.0.transformer_layers.1.norm2,5.0,0.4520387068007064,14832
TCFTransformer.decoder_level1.mhca_blks.0.transformer_layers.1.norm2,6.0,0.4673087409955672,14832
TCFTransformer.decoder_level1.mhca_blks.0.transformer_layers.1.norm2,7.0,0.4829560982147804,14832
TCFTransformer.decoder_level1.mhca_blks.0.transformer_layers.1.norm2,8.0,0.4989425897047712,14832
TCFTransformer.decoder_level1.mhca_blks.0.transformer_layers.1.norm2,9.0,0.5152095897653681,14832
TCFTransformer.decoder_level1.mhca_blks.0.transformer_layers.1.norm2,10.0,0.5316934408007156,14832
TCFTransformer.decoder_level1.mhca_blks.0.transformer_layers.1.norm2,11.0,0.5483328381476938,14832
TCFTransformer.decoder_level1.mhca_blks.0.transformer_layers.1.norm2,12.0,0.5650728831676507,14832
TCFTransformer.decoder_level1.mhca_blks.0.transformer_layers.1.norm2,13.0,0.5818605460126071,14832
TCFTransformer.decoder_level1.mhca_blks.0.transformer_layers.1.norm2,14.0,0.5986535750498277,14832
TCFTransformer.decoder_level1.mhca_blks.0.transformer_layers.1.norm2,15.0,0.6154126380113112,14832
TCFTransformer.decoder_level1.mhca_blks.0.transformer_layers.1.norm2,16.0,0.6321092762129368,14832
TCFTransformer.decoder_level1.mhca_blks.0.transformer_layers.1.norm2,17.0,0.6487273582716462,14832
TCFTransformer.decoder_level1.mhca_blks.0.transformer_layers.1.norm2,18.0,0.6652184524357384,14832
TCFTransformer.decoder_level1.mhca_blks.0.transformer_layers.1.norm2,19.0,0.6815663645106258,14832
TCFTransformer.decoder_level1.mhca_blks.0.transformer_layers.1.norm2,20.0,0.6977642207007609,14832
TCFTransformer.decoder_level1.mhca_blks.0.transformer_layers.1.norm2,21.0,0.7138057591488028,14832
TCFTransformer.decoder_level1.mhca_blks.0.transformer_layers.1.norm2,22.0,0.7296699960379507,14832
TCFTransformer.decoder_level1.mhca_blks.0.transformer_layers.1.norm2,23.0,0.7453309080755378,14832
TCFTransformer.decoder_level1.mhca_blks.0.transformer_layers.1.norm2,24.0,0.7607693185541523,14832
TCFTransformer.decoder_level1.mhca_blks.0.transformer_layers.1.norm2,25.0,0.775953126804021,14832
TCFTransformer.decoder_level1.mhca_blks.0.transformer_layers.1.norm2,26.0,0.7908440778230869,14832
TCFTransformer.decoder_level1.mhca_blks.0.transformer_layers.1.norm2,27.0,0.8054156532971252,14832
TCFTransformer.decoder_level1.mhca_blks.0.transformer_layers.1.norm2,28.0,0.8196396250096919,14832
TCFTransformer.decoder_level1.mhca_blks.0.transformer_layers.1.norm2,29.0,0.833478790747068,14832
TCFTransformer.decoder_level1.mhca_blks.0.transformer_layers.1.norm2,30.0,0.8468974192286194,14832
TCFTransformer.decoder_level1.mhca_blks.0.transformer_layers.1.ffn.project_out,-10.0,0.5411708980814796,14832
TCFTransformer.decoder_level1.mhca_blks.0.transformer_layers.1.ffn.project_out,-9.0,0.5448867247501206,14832
TCFTransformer.decoder_level1.mhca_blks.0.transformer_layers.1.ffn.project_out,-8.0,0.5495535464215915,14832
TCFTransformer.decoder_level1.mhca_blks.0.transformer_layers.1.ffn.project_out,-7.0,0.5552095622356735,14832
TCFTransformer.decoder_level1.mhca_blks.0.transformer_layers.1.ffn.project_out,-6.0,0.5617794198402986,14832
TCFTransformer.decoder_level1.mhca_blks.0.transformer_layers.1.ffn.project_out,-5.0,0.5691194249278873,14832
TCFTransformer.decoder_level1.mhca_blks.0.transformer_layers.1.ffn.project_out,-4.0,0.5770411937032398,14832
TCFTransformer.decoder_level1.mhca_blks.0.transformer_layers.1.ffn.project_out,-3.0,0.5854511800048292,14832
TCFTransformer.decoder_level1.mhca_blks.0.transformer_layers.1.ffn.project_out,-2.0,0.5942271509405703,14832
TCFTransformer.decoder_level1.mhca_blks.0.transformer_layers.1.ffn.project_out,-1.0,0.6033595789428862,14832
TCFTransformer.decoder_level1.mhca_blks.0.transformer_layers.1.ffn.project_out,0.0,0.6127768488874119,14832
TCFTransformer.decoder_level1.mhca_blks.0.transformer_layers.1.ffn.project_out,1.0,0.6224077395650738,14832
TCFTransformer.decoder_level1.mhca_blks.0.transformer_layers.1.ffn.project_out,2.0,0.6322248894952343,14832
TCFTransformer.decoder_level1.mhca_blks.0.transformer_layers.1.ffn.project_out,3.0,0.6422361315689187,14832
TCFTransformer.decoder_level1.mhca_blks.0.transformer_layers.1.ffn.project_out,4.0,0.6524577085069404,14832
TCFTransformer.decoder_level1.mhca_blks.0.transformer_layers.1.ffn.project_out,5.0,0.6628952266320893,14832
TCFTransformer.decoder_level1.mhca_blks.0.transformer_layers.1.ffn.project_out,6.0,0.6735069506511316,14832
TCFTransformer.decoder_level1.mhca_blks.0.transformer_layers.1.ffn.project_out,7.0,0.6842543167477031,14832
TCFTransformer.decoder_level1.mhca_blks.0.transformer_layers.1.ffn.project_out,8.0,0.6951147391578381,14832
TCFTransformer.decoder_level1.mhca_blks.0.transformer_layers.1.ffn.project_out,9.0,0.7060677098680966,14832
TCFTransformer.decoder_level1.mhca_blks.0.transformer_layers.1.ffn.project_out,10.0,0.7170913659383773,14832
TCFTransformer.decoder_level1.mhca_blks.0.transformer_layers.1.ffn.project_out,11.0,0.7281747125521174,14832
TCFTransformer.decoder_level1.mhca_blks.0.transformer_layers.1.ffn.project_out,12.0,0.7392843883161102,14832
TCFTransformer.decoder_level1.mhca_blks.0.transformer_layers.1.ffn.project_out,13.0,0.7503972640964318,14832
TCFTransformer.decoder_level1.mhca_blks.0.transformer_layers.1.ffn.project_out,14.0,0.7614980827848213,14832
TCFTransformer.decoder_level1.mhca_blks.0.transformer_layers.1.ffn.project_out,15.0,0.7725484224826,14832
TCFTransformer.decoder_level1.mhca_blks.0.transformer_layers.1.ffn.project_out,16.0,0.7835290272315278,14832
TCFTransformer.decoder_level1.mhca_blks.0.transformer_layers.1.ffn.project_out,17.0,0.7944128094803635,14832
TCFTransformer.decoder_level1.mhca_blks.0.transformer_layers.1.ffn.project_out,18.0,0.8051628401139279,14832
TCFTransformer.decoder_level1.mhca_blks.0.transformer_layers.1.ffn.project_out,19.0,0.8157605704808248,14832
TCFTransformer.decoder_level1.mhca_blks.0.transformer_layers.1.ffn.project_out,20.0,0.8261801454639454,14832
TCFTransformer.decoder_level1.mhca_blks.0.transformer_layers.1.ffn.project_out,21.0,0.8364060699091791,14832
TCFTransformer.decoder_level1.mhca_blks.0.transformer_layers.1.ffn.project_out,22.0,0.8464315971409844,14832
TCFTransformer.decoder_level1.mhca_blks.0.transformer_layers.1.ffn.project_out,23.0,0.8562353374486731,14832
TCFTransformer.decoder_level1.mhca_blks.0.transformer_layers.1.ffn.project_out,24.0,0.8657955172317987,14832
TCFTransformer.decoder_level1.mhca_blks.0.transformer_layers.1.ffn.project_out,25.0,0.87509123402715,14832
TCFTransformer.decoder_level1.mhca_blks.0.transformer_layers.1.ffn.project_out,26.0,0.8841133761242788,14832
TCFTransformer.decoder_level1.mhca_blks.0.transformer_layers.1.ffn.project_out,27.0,0.8928508901950514,14832
TCFTransformer.decoder_level1.mhca_blks.0.transformer_layers.1.ffn.project_out,28.0,0.9012798829347763,14832
TCFTransformer.decoder_level1.mhca_blks.0.transformer_layers.1.ffn.project_out,29.0,0.909396049059212,14832
TCFTransformer.decoder_level1.mhca_blks.0.transformer_layers.1.ffn.project_out,30.0,0.9171780034108037,14832
TCFTransformer.decoder_level1.mhca_blks.0.transformer_layers.2.norm1,-10.0,0.3845155119932104,14832
TCFTransformer.decoder_level1.mhca_blks.0.transformer_layers.2.norm1,-9.0,0.39390123536872573,14832
TCFTransformer.decoder_level1.mhca_blks.0.transformer_layers.2.norm1,-8.0,0.402949725691643,14832
TCFTransformer.decoder_level1.mhca_blks.0.transformer_layers.2.norm1,-7.0,0.4122635613656738,14832
TCFTransformer.decoder_level1.mhca_blks.0.transformer_layers.2.norm1,-6.0,0.4219198136418624,14832
TCFTransformer.decoder_level1.mhca_blks.0.transformer_layers.2.norm1,-5.0,0.43202307171106913,14832
TCFTransformer.decoder_level1.mhca_blks.0.transformer_layers.2.norm1,-4.0,0.44260314354791574,14832
TCFTransformer.decoder_level1.mhca_blks.0.transformer_layers.2.norm1,-3.0,0.45367969733089236,14832
TCFTransformer.decoder_level1.mhca_blks.0.transformer_layers.2.norm1,-2.0,0.46530059663962653,14832
TCFTransformer.decoder_level1.mhca_blks.0.transformer_layers.2.norm1,-1.0,0.47746495596819355,14832
TCFTransformer.decoder_level1.mhca_blks.0.transformer_layers.2.norm1,0.0,0.49014166489689576,14832
TCFTransformer.decoder_level1.mhca_blks.0.transformer_layers.2.norm1,1.0,0.5032983593705,14832
TCFTransformer.decoder_level1.mhca_blks.0.transformer_layers.2.norm1,2.0,0.516918210274547,14832
TCFTransformer.decoder_level1.mhca_blks.0.transformer_layers.2.norm1,3.0,0.5309668117601669,14832
TCFTransformer.decoder_level1.mhca_blks.0.transformer_layers.2.norm1,4.0,0.5453794569102596,14832
TCFTransformer.decoder_level1.mhca_blks.0.transformer_layers.2.norm1,5.0,0.560083699400588,14832
TCFTransformer.decoder_level1.mhca_blks.0.transformer_layers.2.norm1,6.0,0.5750286796450728,14832
TCFTransformer.decoder_level1.mhca_blks.0.transformer_layers.2.norm1,7.0,0.590173189908049,14832
TCFTransformer.decoder_level1.mhca_blks.0.transformer_layers.2.norm1,8.0,0.6054703287394495,14832
TCFTransformer.decoder_level1.mhca_blks.0.transformer_layers.2.norm1,9.0,0.6208570194274927,14832
TCFTransformer.decoder_level1.mhca_blks.0.transformer_layers.2.norm1,10.0,0.6362680184886969,14832
TCFTransformer.decoder_level1.mhca_blks.0.transformer_layers.2.norm1,11.0,0.6516378314757746,14832
TCFTransformer.decoder_level1.mhca_blks.0.transformer_layers.2.norm1,12.0,0.6669112877456117,14832
TCFTransformer.decoder_level1.mhca_blks.0.transformer_layers.2.norm1,13.0,0.6820371912565271,14832
TCFTransformer.decoder_level1.mhca_blks.0.transformer_layers.2.norm1,14.0,0.6969718598030273,14832
TCFTransformer.decoder_level1.mhca_blks.0.transformer_layers.2.norm1,15.0,0.7116754016002084,14832
TCFTransformer.decoder_level1.mhca_blks.0.transformer_layers.2.norm1,16.0,0.7261195240246922,14832
TCFTransformer.decoder_level1.mhca_blks.0.transformer_layers.2.norm1,17.0,0.7402885305798715,14832
TCFTransformer.decoder_level1.mhca_blks.0.transformer_layers.2.norm1,18.0,0.7541426170231552,14832
TCFTransformer.decoder_level1.mhca_blks.0.transformer_layers.2.norm1,19.0,0.7676717834657674,14832
TCFTransformer.decoder_level1.mhca_blks.0.transformer_layers.2.norm1,20.0,0.7808759029785889,14832
TCFTransformer.decoder_level1.mhca_blks.0.transformer_layers.2.norm1,21.0,0.7937579887568501,14832
TCFTransformer.decoder_level1.mhca_blks.0.transformer_layers.2.norm1,22.0,0.8063107853516246,14832
TCFTransformer.decoder_level1.mhca_blks.0.transformer_layers.2.norm1,23.0,0.8185250332946724,14832
TCFTransformer.decoder_level1.mhca_blks.0.transformer_layers.2.norm1,24.0,0.830401344351398,14832
TCFTransformer.decoder_level1.mhca_blks.0.transformer_layers.2.norm1,25.0,0.8419320306056526,14832
TCFTransformer.decoder_level1.mhca_blks.0.transformer_layers.2.norm1,26.0,0.8531041154366674,14832
TCFTransformer.decoder_level1.mhca_blks.0.transformer_layers.2.norm1,27.0,0.8639129963547733,14832
TCFTransformer.decoder_level1.mhca_blks.0.transformer_layers.2.norm1,28.0,0.8743542397461084,14832
TCFTransformer.decoder_level1.mhca_blks.0.transformer_layers.2.norm1,29.0,0.8844139664649897,14832
TCFTransformer.decoder_level1.mhca_blks.0.transformer_layers.2.norm1,30.0,0.8940823036642845,14832
TCFTransformer.decoder_level1.mhca_blks.0.transformer_layers.2.norm2,-10.0,0.30564496658959434,14832
TCFTransformer.decoder_level1.mhca_blks.0.transformer_layers.2.norm2,-9.0,0.3133430531180133,14832
TCFTransformer.decoder_level1.mhca_blks.0.transformer_layers.2.norm2,-8.0,0.32172642882256297,14832
TCFTransformer.decoder_level1.mhca_blks.0.transformer_layers.2.norm2,-7.0,0.3304653691410207,14832
TCFTransformer.decoder_level1.mhca_blks.0.transformer_layers.2.norm2,-6.0,0.3396165900252872,14832
TCFTransformer.decoder_level1.mhca_blks.0.transformer_layers.2.norm2,-5.0,0.349260174223255,14832
TCFTransformer.decoder_level1.mhca_blks.0.transformer_layers.2.norm2,-4.0,0.3594190029280729,14832
TCFTransformer.decoder_level1.mhca_blks.0.transformer_layers.2.norm2,-3.0,0.3701145230634731,14832
TCFTransformer.decoder_level1.mhca_blks.0.transformer_layers.2.norm2,-2.0,0.38139021920769633,14832
TCFTransformer.decoder_level1.mhca_blks.0.transformer_layers.2.norm2,-1.0,0.3932519269546549,14832
TCFTransformer.decoder_level1.mhca_blks.0.transformer_layers.2.norm2,0.0,0.4056822212177862,14832
TCFTransformer.decoder_level1.mhca_blks.0.transformer_layers.2.norm2,1.0,0.41866394900641485,14832
TCFTransformer.decoder_level1.mhca_blks.0.transformer_layers.2.norm2,2.0,0.43219298637595666,14832
TCFTransformer.decoder_level1.mhca_blks.0.transformer_layers.2.norm2,3.0,0.446257206114027,14832
TCFTransformer.decoder_level1.mhca_blks.0.transformer_layers.2.norm2,4.0,0.46082042223957753,14832
TCFTransformer.decoder_level1.mhca_blks.0.transformer_layers.2.norm2,5.0,0.47583395822080177,14832
TCFTransformer.decoder_level1.mhca_blks.0.transformer_layers.2.norm2,6.0,0.49125811005334696,14832
TCFTransformer.decoder_level1.mhca_blks.0.transformer_layers.2.norm2,7.0,0.5070611798197449,14832
TCFTransformer.decoder_level1.mhca_blks.0.transformer_layers.2.norm2,8.0,0.5231994349065416,14832
TCFTransformer.decoder_level1.mhca_blks.0.transformer_layers.2.norm2,9.0,0.5396145495938733,14832
TCFTransformer.decoder_level1.mhca_blks.0.transformer_layers.2.norm2,10.0,0.5562400550088227,14832
TCFTransformer.decoder_level1.mhca_blks.0.transformer_layers.2.norm2,11.0,0.5730077023743506,14832
TCFTransformer.decoder_level1.mhca_blks.0.transformer_layers.2.norm2,12.0,0.5898602325710375,14832
TCFTransformer.decoder_level1.mhca_blks.0.transformer_layers.2.norm2,13.0,0.6067385661607646,14832
TCFTransformer.decoder_level1.mhca_blks.0.transformer_layers.2.norm2,14.0,0.6235910326487584,14832
TCFTransformer.decoder_level1.mhca_blks.0.transformer_layers.2.norm2,15.0,0.640367671684588,14832
TCFTransformer.decoder_level1.mhca_blks.0.transformer_layers.2.norm2,16.0,0.6570295769974444,14832
TCFTransformer.decoder_level1.mhca_blks.0.transformer_layers.2.norm2,17.0,0.6735476132205002,14832
TCFTransformer.decoder_level1.mhca_blks.0.transformer_layers.2.norm2,18.0,0.689865932280465,14832
TCFTransformer.decoder_level1.mhca_blks.0.transformer_layers.2.norm2,19.0,0.7059615145757907,14832
TCFTransformer.decoder_level1.mhca_blks.0.transformer_layers.2.norm2,20.0,0.7218196886936212,14832
TCFTransformer.decoder_level1.mhca_blks.0.transformer_layers.2.norm2,21.0,0.7374307295225135,14832
TCFTransformer.decoder_level1.mhca_blks.0.transformer_layers.2.norm2,22.0,0.7527722467054505,14832
TCFTransformer.decoder_level1.mhca_blks.0.transformer_layers.2.norm2,23.0,0.7678199602309072,14832
TCFTransformer.decoder_level1.mhca_blks.0.transformer_layers.2.norm2,24.0,0.7825563238931674,14832
TCFTransformer.decoder_level1.mhca_blks.0.transformer_layers.2.norm2,25.0,0.7969544184330887,14832
TCFTransformer.decoder_level1.mhca_blks.0.transformer_layers.2.norm2,26.0,0.8109824950239162,14832
TCFTransformer.decoder_level1.mhca_blks.0.transformer_layers.2.norm2,27.0,0.8246212914654385,14832
TCFTransformer.decoder_level1.mhca_blks.0.transformer_layers.2.norm2,28.0,0.8378504873981787,14832
TCFTransformer.decoder_level1.mhca_blks.0.transformer_layers.2.norm2,29.0,0.8506411707195519,14832
TCFTransformer.decoder_level1.mhca_blks.0.transformer_layers.2.norm2,30.0,0.8629711403791767,14832
TCFTransformer.decoder_level1.mhca_blks.0.transformer_layers.2.ffn.project_out,-10.0,0.18559537628141132,14832
TCFTransformer.decoder_level1.mhca_blks.0.transformer_layers.2.ffn.project_out,-9.0,0.196084383721167,14832
TCFTransformer.decoder_level1.mhca_blks.0.transformer_layers.2.ffn.project_out,-8.0,0.20601258153661467,14832
TCFTransformer.decoder_level1.mhca_blks.0.transformer_layers.2.ffn.project_out,-7.0,0.21656713462555272,14832
TCFTransformer.decoder_level1.mhca_blks.0.transformer_layers.2.ffn.project_out,-6.0,0.2277164940941806,14832
TCFTransformer.decoder_level1.mhca_blks.0.transformer_layers.2.ffn.project_out,-5.0,0.23943122349977855,14832
TCFTransformer.decoder_level1.mhca_blks.0.transformer_layers.2.ffn.project_out,-4.0,0.2516890070134897,14832
TCFTransformer.decoder_level1.mhca_blks.0.transformer_layers.2.ffn.project_out,-3.0,0.2644691571729918,14832
TCFTransformer.decoder_level1.mhca_blks.0.transformer_layers.2.ffn.project_out,-2.0,0.2777914254860339,14832
TCFTransformer.decoder_level1.mhca_blks.0.transformer_layers.2.ffn.project_out,-1.0,0.29164725512179757,14832
TCFTransformer.decoder_level1.mhca_blks.0.transformer_layers.2.ffn.project_out,0.0,0.30602730218544116,14832
TCFTransformer.decoder_level1.mhca_blks.0.transformer_layers.2.ffn.project_out,1.0,0.32092653714349456,14832
TCFTransformer.decoder_level1.mhca_blks.0.transformer_layers.2.ffn.project_out,2.0,0.33635585022007214,14832
TCFTransformer.decoder_level1.mhca_blks.0.transformer_layers.2.ffn.project_out,3.0,0.3522823507216395,14832
TCFTransformer.decoder_level1.mhca_blks.0.transformer_layers.2.ffn.project_out,4.0,0.3686606320512341,14832
TCFTransformer.decoder_level1.mhca_blks.0.transformer_layers.2.ffn.project_out,5.0,0.3854557850112799,14832
TCFTransformer.decoder_level1.mhca_blks.0.transformer_layers.2.ffn.project_out,6.0,0.4026366220962983,14832
TCFTransformer.decoder_level1.mhca_blks.0.transformer_layers.2.ffn.project_out,7.0,0.4201824537296543,14832
TCFTransformer.decoder_level1.mhca_blks.0.transformer_layers.2.ffn.project_out,8.0,0.43805340335311566,14832
TCFTransformer.decoder_level1.mhca_blks.0.transformer_layers.2.ffn.project_out,9.0,0.45620640422325043,14832
TCFTransformer.decoder_level1.mhca_blks.0.transformer_layers.2.ffn.project_out,10.0,0.474587448000076,14832
TCFTransformer.decoder_level1.mhca_blks.0.transformer_layers.2.ffn.project_out,11.0,0.4931357802221393,14832
TCFTransformer.decoder_level1.mhca_blks.0.transformer_layers.2.ffn.project_out,12.0,0.5118064479083586,14832
TCFTransformer.decoder_level1.mhca_blks.0.transformer_layers.2.ffn.project_out,13.0,0.5305486777772224,14832
TCFTransformer.decoder_level1.mhca_blks.0.transformer_layers.2.ffn.project_out,14.0,0.5493129463836213,14832
TCFTransformer.decoder_level1.mhca_blks.0.transformer_layers.2.ffn.project_out,15.0,0.5680331567808696,14832
TCFTransformer.decoder_level1.mhca_blks.0.transformer_layers.2.ffn.project_out,16.0,0.5866736694889098,14832
TCFTransformer.decoder_level1.mhca_blks.0.transformer_layers.2.ffn.project_out,17.0,0.6052125746960938,14832
TCFTransformer.decoder_level1.mhca_blks.0.transformer_layers.2.ffn.project_out,18.0,0.6235891146617494,14832
TCFTransformer.decoder_level1.mhca_blks.0.transformer_layers.2.ffn.project_out,19.0,0.6417883160140289,14832
TCFTransformer.decoder_level1.mhca_blks.0.transformer_layers.2.ffn.project_out,20.0,0.6597918611333305,14832
TCFTransformer.decoder_level1.mhca_blks.0.transformer_layers.2.ffn.project_out,21.0,0.6776068527301715,14832
TCFTransformer.decoder_level1.mhca_blks.0.transformer_layers.2.ffn.project_out,22.0,0.6952336578164754,14832
TCFTransformer.decoder_level1.mhca_blks.0.transformer_layers.2.ffn.project_out,23.0,0.7126377990465318,14832
TCFTransformer.decoder_level1.mhca_blks.0.transformer_layers.2.ffn.project_out,24.0,0.7298056282115116,14832
TCFTransformer.decoder_level1.mhca_blks.0.transformer_layers.2.ffn.project_out,25.0,0.7467069985513789,14832
TCFTransformer.decoder_level1.mhca_blks.0.transformer_layers.2.ffn.project_out,26.0,0.7633037423200609,14832
TCFTransformer.decoder_level1.mhca_blks.0.transformer_layers.2.ffn.project_out,27.0,0.7795645532478552,14832
TCFTransformer.decoder_level1.mhca_blks.0.transformer_layers.2.ffn.project_out,28.0,0.795446625831331,14832
TCFTransformer.decoder_level1.mhca_blks.0.transformer_layers.2.ffn.project_out,29.0,0.810893525009796,14832
TCFTransformer.decoder_level1.mhca_blks.0.transformer_layers.2.ffn.project_out,30.0,0.8258540641170843,14832
TCFTransformer.decoder_level1.mhca_blks.0.transformer_layers.3.norm1,-10.0,0.3536785943011683,14832
TCFTransformer.decoder_level1.mhca_blks.0.transformer_layers.3.norm1,-9.0,0.36140334429048576,14832
TCFTransformer.decoder_level1.mhca_blks.0.transformer_layers.3.norm1,-8.0,0.3701609266728984,14832
TCFTransformer.decoder_level1.mhca_blks.0.transformer_layers.3.norm1,-7.0,0.3792186685885025,14832
TCFTransformer.decoder_level1.mhca_blks.0.transformer_layers.3.norm1,-6.0,0.38859152477616377,14832
TCFTransformer.decoder_level1.mhca_blks.0.transformer_layers.3.norm1,-5.0,0.39832583079546563,14832
TCFTransformer.decoder_level1.mhca_blks.0.transformer_layers.3.norm1,-4.0,0.40843898281977464,14832
TCFTransformer.decoder_level1.mhca_blks.0.transformer_layers.3.norm1,-3.0,0.4189516289929227,14832
TCFTransformer.decoder_level1.mhca_blks.0.transformer_layers.3.norm1,-2.0,0.4299049351028817,14832
TCFTransformer.decoder_level1.mhca_blks.0.transformer_layers.3.norm1,-1.0,0.4413059494863018,14832
TCFTransformer.decoder_level1.mhca_blks.0.transformer_layers.3.norm1,0.0,0.4531460698661841,14832
TCFTransformer.decoder_level1.mhca_blks.0.transformer_layers.3.norm1,1.0,0.4654168633717999,14832
TCFTransformer.decoder_level1.mhca_blks.0.transformer_layers.3.norm1,2.0,0.47812326540195943,14832
TCFTransformer.decoder_level1.mhca_blks.0.transformer_layers.3.norm1,3.0,0.4912530740395494,14832
TCFTransformer.decoder_level1.mhca_blks.0.transformer_layers.3.norm1,4.0,0.5047719023725924,14832
TCFTransformer.decoder_level1.mhca_blks.0.transformer_layers.3.norm1,5.0,0.5186335093340763,14832
TCFTransformer.decoder_level1.mhca_blks.0.transformer_layers.3.norm1,6.0,0.5328021007132874,14832
TCFTransformer.decoder_level1.mhca_blks.0.transformer_layers.3.norm1,7.0,0.5472502332590641,14832
TCFTransformer.decoder_level1.mhca_blks.0.transformer_layers.3.norm1,8.0,0.5619394445305583,14832
TCFTransformer.decoder_level1.mhca_blks.0.transformer_layers.3.norm1,9.0,0.5768200536826154,14832
TCFTransformer.decoder_level1.mhca_blks.0.transformer_layers.3.norm1,10.0,0.5918352772977039,14832
TCFTransformer.decoder_level1.mhca_blks.0.transformer_layers.3.norm1,11.0,0.6069270755729951,14832
TCFTransformer.decoder_level1.mhca_blks.0.transformer_layers.3.norm1,12.0,0.622046970510142,14832
TCFTransformer.decoder_level1.mhca_blks.0.transformer_layers.3.norm1,13.0,0.6371469034028703,14832
TCFTransformer.decoder_level1.mhca_blks.0.transformer_layers.3.norm1,14.0,0.6521854963949294,14832
TCFTransformer.decoder_level1.mhca_blks.0.transformer_layers.3.norm1,15.0,0.6671227396434694,14832
TCFTransformer.decoder_level1.mhca_blks.0.transformer_layers.3.norm1,16.0,0.681932321754651,14832
TCFTransformer.decoder_level1.mhca_blks.0.transformer_layers.3.norm1,17.0,0.6965989719135958,14832
TCFTransformer.decoder_level1.mhca_blks.0.transformer_layers.3.norm1,18.0,0.7110852697219182,14832
TCFTransformer.decoder_level1.mhca_blks.0.transformer_layers.3.norm1,19.0,0.7253799693540399,14832
TCFTransformer.decoder_level1.mhca_blks.0.transformer_layers.3.norm1,20.0,0.739479280234653,14832
TCFTransformer.decoder_level1.mhca_blks.0.transformer_layers.3.norm1,21.0,0.7533845106961592,14832
TCFTransformer.decoder_level1.mhca_blks.0.transformer_layers.3.norm1,22.0,0.7670876329871218,14832
TCFTransformer.decoder_level1.mhca_blks.0.transformer_layers.3.norm1,23.0,0.7805715524897927,14832
TCFTransformer.decoder_level1.mhca_blks.0.transformer_layers.3.norm1,24.0,0.7938263809937329,14832
TCFTransformer.decoder_level1.mhca_blks.0.transformer_layers.3.norm1,25.0,0.8068328091639628,14832
TCFTransformer.decoder_level1.mhca_blks.0.transformer_layers.3.norm1,26.0,0.8195663882296897,14832
TCFTransformer.decoder_level1.mhca_blks.0.transformer_layers.3.norm1,27.0,0.8320131074384,14832
TCFTransformer.decoder_level1.mhca_blks.0.transformer_layers.3.norm1,28.0,0.8441564410225667,14832
TCFTransformer.decoder_level1.mhca_blks.0.transformer_layers.3.norm1,29.0,0.8559703554600444,14832
TCFTransformer.decoder_level1.mhca_blks.0.transformer_layers.3.norm1,30.0,0.8674306831570763,14832
TCFTransformer.decoder_level1.mhca_blks.0.transformer_layers.3.norm2,-10.0,0.4544203240251592,14832
TCFTransformer.decoder_level1.mhca_blks.0.transformer_layers.3.norm2,-9.0,0.46174434049531204,14832
TCFTransformer.decoder_level1.mhca_blks.0.transformer_layers.3.norm2,-8.0,0.47032820199995,14832
TCFTransformer.decoder_level1.mhca_blks.0.transformer_layers.3.norm2,-7.0,0.47923507659767367,14832
TCFTransformer.decoder_level1.mhca_blks.0.transformer_layers.3.norm2,-6.0,0.4884641513071688,14832
TCFTransformer.decoder_level1.mhca_blks.0.transformer_layers.3.norm2,-5.0,0.49803249371371666,14832
TCFTransformer.decoder_level1.mhca_blks.0.transformer_layers.3.norm2,-4.0,0.5079444000957597,14832
TCFTransformer.decoder_level1.mhca_blks.0.transformer_layers.3.norm2,-3.0,0.5182076269919466,14832
TCFTransformer.decoder_level1.mhca_blks.0.transformer_layers.3.norm2,-2.0,0.5288417875151901,14832
TCFTransformer.decoder_level1.mhca_blks.0.transformer_layers.3.norm2,-1.0,0.5398391949850764,14832
TCFTransformer.decoder_level1.mhca_blks.0.transformer_layers.3.norm2,0.0,0.5511844977435074,14832
TCFTransformer.decoder_level1.mhca_blks.0.transformer_layers.3.norm2,1.0,0.562864809959098,14832
TCFTransformer.decoder_level1.mhca_blks.0.transformer_layers.3.norm2,2.0,0.574879332504837,14832
TCFTransformer.decoder_level1.mhca_blks.0.transformer_layers.3.norm2,3.0,0.587211923101091,14832
TCFTransformer.decoder_level1.mhca_blks.0.transformer_layers.3.norm2,4.0,0.5998251199091365,14832
TCFTransformer.decoder_level1.mhca_blks.0.transformer_layers.3.norm2,5.0,0.612668991494751,14832
TCFTransformer.decoder_level1.mhca_blks.0.transformer_layers.3.norm2,6.0,0.6257040307866139,14832
TCFTransformer.decoder_level1.mhca_blks.0.transformer_layers.3.norm2,7.0,0.6388983715852038,14832
TCFTransformer.decoder_level1.mhca_blks.0.transformer_layers.3.norm2,8.0,0.6522138093526856,14832
TCFTransformer.decoder_level1.mhca_blks.0.transformer_layers.3.norm2,9.0,0.6656029295023559,14832
TCFTransformer.decoder_level1.mhca_blks.0.transformer_layers.3.norm2,10.0,0.6790142985504872,14832
TCFTransformer.decoder_level1.mhca_blks.0.transformer_layers.3.norm2,11.0,0.6923957049862723,14832
TCFTransformer.decoder_level1.mhca_blks.0.transformer_layers.3.norm2,12.0,0.7057017462997182,14832
TCFTransformer.decoder_level1.mhca_blks.0.transformer_layers.3.norm2,13.0,0.7188871312794048,14832
TCFTransformer.decoder_level1.mhca_blks.0.transformer_layers.3.norm2,14.0,0.7319101944320635,14832
TCFTransformer.decoder_level1.mhca_blks.0.transformer_layers.3.norm2,15.0,0.7447276563798566,14832
TCFTransformer.decoder_level1.mhca_blks.0.transformer_layers.3.norm2,16.0,0.7573099056100061,14832
TCFTransformer.decoder_level1.mhca_blks.0.transformer_layers.3.norm2,17.0,0.7696405383692944,14832
TCFTransformer.decoder_level1.mhca_blks.0.transformer_layers.3.norm2,18.0,0.7816871751216365,14832
TCFTransformer.decoder_level1.mhca_blks.0.transformer_layers.3.norm2,19.0,0.7934392521453233,14832
TCFTransformer.decoder_level1.mhca_blks.0.transformer_layers.3.norm2,20.0,0.8048929568910581,14832
TCFTransformer.decoder_level1.mhca_blks.0.transformer_layers.3.norm2,21.0,0.8160518312579605,14832
TCFTransformer.decoder_level1.mhca_blks.0.transformer_layers.3.norm2,22.0,0.8269146686618769,14832
TCFTransformer.decoder_level1.mhca_blks.0.transformer_layers.3.norm2,23.0,0.8374753504019019,14832
TCFTransformer.decoder_level1.mhca_blks.0.transformer_layers.3.norm2,24.0,0.8477363680422049,14832
TCFTransformer.decoder_level1.mhca_blks.0.transformer_layers.3.norm2,25.0,0.8576957687349767,14832
TCFTransformer.decoder_level1.mhca_blks.0.transformer_layers.3.norm2,26.0,0.8673500379521356,14832
TCFTransformer.decoder_level1.mhca_blks.0.transformer_layers.3.norm2,27.0,0.8767031153991512,14832
TCFTransformer.decoder_level1.mhca_blks.0.transformer_layers.3.norm2,28.0,0.8857557799872071,14832
TCFTransformer.decoder_level1.mhca_blks.0.transformer_layers.3.norm2,29.0,0.8945038731912194,14832
TCFTransformer.decoder_level1.mhca_blks.0.transformer_layers.3.norm2,30.0,0.9029426189398687,14832
TCFTransformer.decoder_level1.mhca_blks.0.transformer_layers.3.ffn.project_out,-10.0,0.37442439641429764,14832
TCFTransformer.decoder_level1.mhca_blks.0.transformer_layers.3.ffn.project_out,-9.0,0.374720769529477,14832
TCFTransformer.decoder_level1.mhca_blks.0.transformer_layers.3.ffn.project_out,-8.0,0.37794566128057344,14832
TCFTransformer.decoder_level1.mhca_blks.0.transformer_layers.3.ffn.project_out,-7.0,0.3809918734097317,14832
TCFTransformer.decoder_level1.mhca_blks.0.transformer_layers.3.ffn.project_out,-6.0,0.38389106201934264,14832
TCFTransformer.decoder_level1.mhca_blks.0.transformer_layers.3.ffn.project_out,-5.0,0.38667271398470016,14832
TCFTransformer.decoder_level1.mhca_blks.0.transformer_layers.3.ffn.project_out,-4.0,0.3893765140588052,14832
TCFTransformer.decoder_level1.mhca_blks.0.transformer_layers.3.ffn.project_out,-3.0,0.3920530225195497,14832
TCFTransformer.decoder_level1.mhca_blks.0.transformer_layers.3.ffn.project_out,-2.0,0.3947886012106764,14832
TCFTransformer.decoder_level1.mhca_blks.0.transformer_layers.3.ffn.project_out,-1.0,0.39761750911238886,14832
TCFTransformer.decoder_level1.mhca_blks.0.transformer_layers.3.ffn.project_out,0.0,0.4005949884048284,14832
TCFTransformer.decoder_level1.mhca_blks.0.transformer_layers.3.ffn.project_out,1.0,0.40378526880324456,14832
TCFTransformer.decoder_level1.mhca_blks.0.transformer_layers.3.ffn.project_out,2.0,0.40726150708230857,14832
TCFTransformer.decoder_level1.mhca_blks.0.transformer_layers.3.ffn.project_out,3.0,0.4110764679373388,14832
TCFTransformer.decoder_level1.mhca_blks.0.transformer_layers.3.ffn.project_out,4.0,0.41525859453945446,14832
TCFTransformer.decoder_level1.mhca_blks.0.transformer_layers.3.ffn.project_out,5.0,0.41983773432242033,14832
TCFTransformer.decoder_level1.mhca_blks.0.transformer_layers.3.ffn.project_out,6.0,0.4248464910299422,14832
TCFTransformer.decoder_level1.mhca_blks.0.transformer_layers.3.ffn.project_out,7.0,0.430328000809077,14832
TCFTransformer.decoder_level1.mhca_blks.0.transformer_layers.3.ffn.project_out,8.0,0.43631126016816435,14832
TCFTransformer.decoder_level1.mhca_blks.0.transformer_layers.3.ffn.project_out,9.0,0.4428108674177685,14832
TCFTransformer.decoder_level1.mhca_blks.0.transformer_layers.3.ffn.project_out,10.0,0.44983040088809784,14832
TCFTransformer.decoder_level1.mhca_blks.0.transformer_layers.3.ffn.project_out,11.0,0.45735155436398195,14832
TCFTransformer.decoder_level1.mhca_blks.0.transformer_layers.3.ffn.project_out,12.0,0.4653437150312747,14832
TCFTransformer.decoder_level1.mhca_blks.0.transformer_layers.3.ffn.project_out,13.0,0.47375823590530747,14832
TCFTransformer.decoder_level1.mhca_blks.0.transformer_layers.3.ffn.project_out,14.0,0.482554111586524,14832
TCFTransformer.decoder_level1.mhca_blks.0.transformer_layers.3.ffn.project_out,15.0,0.4916847162812692,14832
TCFTransformer.decoder_level1.mhca_blks.0.transformer_layers.3.ffn.project_out,16.0,0.5011500189414383,14832
TCFTransformer.decoder_level1.mhca_blks.0.transformer_layers.3.ffn.project_out,17.0,0.5109940250017384,14832
TCFTransformer.decoder_level1.mhca_blks.0.transformer_layers.3.ffn.project_out,18.0,0.521246976095544,14832
TCFTransformer.decoder_level1.mhca_blks.0.transformer_layers.3.ffn.project_out,19.0,0.5319513582635547,14832
TCFTransformer.decoder_level1.mhca_blks.0.transformer_layers.3.ffn.project_out,20.0,0.5431573761932496,14832
TCFTransformer.decoder_level1.mhca_blks.0.transformer_layers.3.ffn.project_out,21.0,0.554925972047265,14832
TCFTransformer.decoder_level1.mhca_blks.0.transformer_layers.3.ffn.project_out,22.0,0.567310313915205,14832
TCFTransformer.decoder_level1.mhca_blks.0.transformer_layers.3.ffn.project_out,23.0,0.5803518031282751,14832
TCFTransformer.decoder_level1.mhca_blks.0.transformer_layers.3.ffn.project_out,24.0,0.5941140687428695,14832
TCFTransformer.decoder_level1.mhca_blks.0.transformer_layers.3.ffn.project_out,25.0,0.6086001771079232,14832
TCFTransformer.decoder_level1.mhca_blks.0.transformer_layers.3.ffn.project_out,26.0,0.6237917922119718,14832
TCFTransformer.decoder_level1.mhca_blks.0.transformer_layers.3.ffn.project_out,27.0,0.6396769135969388,14832
TCFTransformer.decoder_level1.mhca_blks.0.transformer_layers.3.ffn.project_out,28.0,0.6562027767925506,14832
TCFTransformer.decoder_level1.mhca_blks.0.transformer_layers.3.ffn.project_out,29.0,0.6732994836796288,14832
TCFTransformer.decoder_level1.mhca_blks.0.transformer_layers.3.ffn.project_out,30.0,0.6908854983331074,14832
TCFTransformer.mag_refinement.mhca_blks.0.transformer_layers.0.norm1,-10.0,0.12960670545783615,14832
TCFTransformer.mag_refinement.mhca_blks.0.transformer_layers.0.norm1,-9.0,0.13691530382782355,14832
TCFTransformer.mag_refinement.mhca_blks.0.transformer_layers.0.norm1,-8.0,0.1447279258289459,14832
TCFTransformer.mag_refinement.mhca_blks.0.transformer_layers.0.norm1,-7.0,0.1531162275346885,14832
TCFTransformer.mag_refinement.mhca_blks.0.transformer_layers.0.norm1,-6.0,0.1621324629104041,14832
TCFTransformer.mag_refinement.mhca_blks.0.transformer_layers.0.norm1,-5.0,0.17184252426498683,14832
TCFTransformer.mag_refinement.mhca_blks.0.transformer_layers.0.norm1,-4.0,0.18229420357008297,14832
TCFTransformer.mag_refinement.mhca_blks.0.transformer_layers.0.norm1,-3.0,0.19355456911946953,14832
TCFTransformer.mag_refinement.mhca_blks.0.transformer_layers.0.norm1,-2.0,0.20569095725426947,14832
TCFTransformer.mag_refinement.mhca_blks.0.transformer_layers.0.norm1,-1.0,0.21874169872373195,14832
TCFTransformer.mag_refinement.mhca_blks.0.transformer_layers.0.norm1,0.0,0.232724931165792,14832
TCFTransformer.mag_refinement.mhca_blks.0.transformer_layers.0.norm1,1.0,0.24766238059139256,14832
TCFTransformer.mag_refinement.mhca_blks.0.transformer_layers.0.norm1,2.0,0.2635688365610645,14832
TCFTransformer.mag_refinement.mhca_blks.0.transformer_layers.0.norm1,3.0,0.28046580031212764,14832
TCFTransformer.mag_refinement.mhca_blks.0.transformer_layers.0.norm1,4.0,0.2983483550319109,14832
TCFTransformer.mag_refinement.mhca_blks.0.transformer_layers.0.norm1,5.0,0.3171875182155067,14832
TCFTransformer.mag_refinement.mhca_blks.0.transformer_layers.0.norm1,6.0,0.3369529834434093,14832
TCFTransformer.mag_refinement.mhca_blks.0.transformer_layers.0.norm1,7.0,0.3576004387890697,14832
TCFTransformer.mag_refinement.mhca_blks.0.transformer_layers.0.norm1,8.0,0.37906578245387884,14832
TCFTransformer.mag_refinement.mhca_blks.0.transformer_layers.0.norm1,9.0,0.40126286502882336,14832
TCFTransformer.mag_refinement.mhca_blks.0.transformer_layers.0.norm1,10.0,0.4240873021794736,14832
TCFTransformer.mag_refinement.mhca_blks.0.transformer_layers.0.norm1,11.0,0.44741983663822205,14832
TCFTransformer.mag_refinement.mhca_blks.0.transformer_layers.0.norm1,12.0,0.47113860079424885,14832
TCFTransformer.mag_refinement.mhca_blks.0.transformer_layers.0.norm1,13.0,0.49511664423075863,14832
TCFTransformer.mag_refinement.mhca_blks.0.transformer_layers.0.norm1,14.0,0.5192248032088247,14832
TCFTransformer.mag_refinement.mhca_blks.0.transformer_layers.0.norm1,15.0,0.543333932632297,14832
TCFTransformer.mag_refinement.mhca_blks.0.transformer_layers.0.norm1,16.0,0.567331298319231,14832
TCFTransformer.mag_refinement.mhca_blks.0.transformer_layers.0.norm1,17.0,0.5911158614323757,14832
TCFTransformer.mag_refinement.mhca_blks.0.transformer_layers.0.norm1,18.0,0.6145584744766972,14832
TCFTransformer.mag_refinement.mhca_blks.0.transformer_layers.0.norm1,19.0,0.6375697753733747,14832
TCFTransformer.mag_refinement.mhca_blks.0.transformer_layers.0.norm1,20.0,0.6600785884290868,14832
TCFTransformer.mag_refinement.mhca_blks.0.transformer_layers.0.norm1,21.0,0.6820288591987043,14832
TCFTransformer.mag_refinement.mhca_blks.0.transformer_layers.0.norm1,22.0,0.7033546569364341,14832
TCFTransformer.mag_refinement.mhca_blks.0.transformer_layers.0.norm1,23.0,0.724001187569951,14832
TCFTransformer.mag_refinement.mhca_blks.0.transformer_layers.0.norm1,24.0,0.7439300548204871,14832
TCFTransformer.mag_refinement.mhca_blks.0.transformer_layers.0.norm1,25.0,0.763102586104855,14832
TCFTransformer.mag_refinement.mhca_blks.0.transformer_layers.0.norm1,26.0,0.781484022433141,14832
TCFTransformer.mag_refinement.mhca_blks.0.transformer_layers.0.norm1,27.0,0.799059672934177,14832
TCFTransformer.mag_refinement.mhca_blks.0.transformer_layers.0.norm1,28.0,0.8158287854831036,14832
TCFTransformer.mag_refinement.mhca_blks.0.transformer_layers.0.norm1,29.0,0.8317876768468235,14832
TCFTransformer.mag_refinement.mhca_blks.0.transformer_layers.0.norm1,30.0,0.8469364090230891,14832
TCFTransformer.mag_refinement.mhca_blks.0.transformer_layers.0.norm2,-10.0,0.12673919781649556,14832
TCFTransformer.mag_refinement.mhca_blks.0.transformer_layers.0.norm2,-9.0,0.13537357058023183,14832
TCFTransformer.mag_refinement.mhca_blks.0.transformer_layers.0.norm2,-8.0,0.14420107782620206,14832
TCFTransformer.mag_refinement.mhca_blks.0.transformer_layers.0.norm2,-7.0,0.15365886742531312,14832
TCFTransformer.mag_refinement.mhca_blks.0.transformer_layers.0.norm2,-6.0,0.1637914025717595,14832
TCFTransformer.mag_refinement.mhca_blks.0.transformer_layers.0.norm2,-5.0,0.17465384509882853,14832
TCFTransformer.mag_refinement.mhca_blks.0.transformer_layers.0.norm2,-4.0,0.1862952686252438,14832
TCFTransformer.mag_refinement.mhca_blks.0.transformer_layers.0.norm2,-3.0,0.19879613116208616,14832
TCFTransformer.mag_refinement.mhca_blks.0.transformer_layers.0.norm2,-2.0,0.21222997791577256,14832
TCFTransformer.mag_refinement.mhca_blks.0.transformer_layers.0.norm2,-1.0,0.22664137408320664,14832
TCFTransformer.mag_refinement.mhca_blks.0.transformer_layers.0.norm2,0.0,0.2420519421775896,14832
TCFTransformer.mag_refinement.mhca_blks.0.transformer_layers.0.norm2,1.0,0.2584858269127666,14832
TCFTransformer.mag_refinement.mhca_blks.0.transformer_layers.0.norm2,2.0,0.2759603602166386,14832
TCFTransformer.mag_refinement.mhca_blks.0.transformer_layers.0.norm2,3.0,0.2944928500371203,14832
TCFTransformer.mag_refinement.mhca_blks.0.transformer_layers.0.norm2,4.0,0.3140692176724163,14832
TCFTransformer.mag_refinement.mhca_blks.0.transformer_layers.0.norm2,5.0,0.3346467487764054,14832
TCFTransformer.mag_refinement.mhca_blks.0.transformer_layers.0.norm2,6.0,0.35618565301065497,14832
TCFTransformer.mag_refinement.mhca_blks.0.transformer_layers.0.norm2,7.0,0.37863038232575896,14832
TCFTransformer.mag_refinement.mhca_blks.0.transformer_layers.0.norm2,8.0,0.40190169277026777,14832
TCFTransformer.mag_refinement.mhca_blks.0.transformer_layers.0.norm2,9.0,0.42589883920294563,14832
TCFTransformer.mag_refinement.mhca_blks.0.transformer_layers.0.norm2,10.0,0.45050177738214153,14832
TCFTransformer.mag_refinement.mhca_blks.0.transformer_layers.0.norm2,11.0,0.47557252496224744,14832
TCFTransformer.mag_refinement.mhca_blks.0.transformer_layers.0.norm2,12.0,0.5009706722041984,14832
TCFTransformer.mag_refinement.mhca_blks.0.transformer_layers.0.norm2,13.0,0.5265489044009498,14832
TCFTransformer.mag_refinement.mhca_blks.0.transformer_layers.0.norm2,14.0,0.5521556387970399,14832
TCFTransformer.mag_refinement.mhca_blks.0.transformer_layers.0.norm2,15.0,0.5776342988620033,14832
TCFTransformer.mag_refinement.mhca_blks.0.transformer_layers.0.norm2,16.0,0.6028444842282712,14832
TCFTransformer.mag_refinement.mhca_blks.0.transformer_layers.0.norm2,17.0,0.627655618872791,14832
TCFTransformer.mag_refinement.mhca_blks.0.transformer_layers.0.norm2,18.0,0.6519159010758157,14832
TCFTransformer.mag_refinement.mhca_blks.0.transformer_layers.0.norm2,19.0,0.6755200874521533,14832
TCFTransformer.mag_refinement.mhca_blks.0.transformer_layers.0.norm2,20.0,0.6983774844325976,14832
TCFTransformer.mag_refinement.mhca_blks.0.transformer_layers.0.norm2,21.0,0.7204218528513769,14832
TCFTransformer.mag_refinement.mhca_blks.0.transformer_layers.0.norm2,22.0,0.7415870242694866,14832
TCFTransformer.mag_refinement.mhca_blks.0.transformer_layers.0.norm2,23.0,0.7618182443851904,14832
TCFTransformer.mag_refinement.mhca_blks.0.transformer_layers.0.norm2,24.0,0.7810834606440321,14832
TCFTransformer.mag_refinement.mhca_blks.0.transformer_layers.0.norm2,25.0,0.7993655070670536,14832
TCFTransformer.mag_refinement.mhca_blks.0.transformer_layers.0.norm2,26.0,0.8166513374133564,14832
TCFTransformer.mag_refinement.mhca_blks.0.transformer_layers.0.norm2,27.0,0.8329524871407974,14832
TCFTransformer.mag_refinement.mhca_blks.0.transformer_layers.0.norm2,28.0,0.8482930392123349,14832
TCFTransformer.mag_refinement.mhca_blks.0.transformer_layers.0.norm2,29.0,0.862694218198185,14832
TCFTransformer.mag_refinement.mhca_blks.0.transformer_layers.0.norm2,30.0,0.8761808653909636,14832
TCFTransformer.mag_refinement.mhca_blks.0.transformer_layers.0.ffn.project_out,-10.0,0.5465758446796909,14832
TCFTransformer.mag_refinement.mhca_blks.0.transformer_layers.0.ffn.project_out,-9.0,0.5567407268898195,14832
TCFTransformer.mag_refinement.mhca_blks.0.transformer_layers.0.ffn.project_out,-8.0,0.5651015058147772,14832
TCFTransformer.mag_refinement.mhca_blks.0.transformer_layers.0.ffn.project_out,-7.0,0.5734398074552594,14832
TCFTransformer.mag_refinement.mhca_blks.0.transformer_layers.0.ffn.project_out,-6.0,0.5817984669130727,14832
TCFTransformer.mag_refinement.mhca_blks.0.transformer_layers.0.ffn.project_out,-5.0,0.5902747839102531,14832
TCFTransformer.mag_refinement.mhca_blks.0.transformer_layers.0.ffn.project_out,-4.0,0.5989508169111439,14832
TCFTransformer.mag_refinement.mhca_blks.0.transformer_layers.0.ffn.project_out,-3.0,0.6079268702411345,14832
TCFTransformer.mag_refinement.mhca_blks.0.transformer_layers.0.ffn.project_out,-2.0,0.6172953649206003,14832
TCFTransformer.mag_refinement.mhca_blks.0.transformer_layers.0.ffn.project_out,-1.0,0.6270577045903012,14832
TCFTransformer.mag_refinement.mhca_blks.0.transformer_layers.0.ffn.project_out,0.0,0.6371870725008759,14832
TCFTransformer.mag_refinement.mhca_blks.0.transformer_layers.0.ffn.project_out,1.0,0.6476480712171768,14832
TCFTransformer.mag_refinement.mhca_blks.0.transformer_layers.0.ffn.project_out,2.0,0.6584108497388862,14832
TCFTransformer.mag_refinement.mhca_blks.0.transformer_layers.0.ffn.project_out,3.0,0.6694574876594986,14832
TCFTransformer.mag_refinement.mhca_blks.0.transformer_layers.0.ffn.project_out,4.0,0.6807579219626603,14832
TCFTransformer.mag_refinement.mhca_blks.0.transformer_layers.0.ffn.project_out,5.0,0.6922651926455407,14832
TCFTransformer.mag_refinement.mhca_blks.0.transformer_layers.0.ffn.project_out,6.0,0.7039317198965734,14832
TCFTransformer.mag_refinement.mhca_blks.0.transformer_layers.0.ffn.project_out,7.0,0.715727085500811,14832
TCFTransformer.mag_refinement.mhca_blks.0.transformer_layers.0.ffn.project_out,8.0,0.72761595708307,14832
TCFTransformer.mag_refinement.mhca_blks.0.transformer_layers.0.ffn.project_out,9.0,0.7395548249907317,14832
TCFTransformer.mag_refinement.mhca_blks.0.transformer_layers.0.ffn.project_out,10.0,0.7515011394342173,14832
TCFTransformer.mag_refinement.mhca_blks.0.transformer_layers.0.ffn.project_out,11.0,0.7634105101778315,14832
TCFTransformer.mag_refinement.mhca_blks.0.transformer_layers.0.ffn.project_out,12.0,0.7752335668775577,14832
TCFTransformer.mag_refinement.mhca_blks.0.transformer_layers.0.ffn.project_out,13.0,0.7869307343338686,14832
TCFTransformer.mag_refinement.mhca_blks.0.transformer_layers.0.ffn.project_out,14.0,0.7984610412876648,14832
TCFTransformer.mag_refinement.mhca_blks.0.transformer_layers.0.ffn.project_out,15.0,0.8097838024129567,14832
TCFTransformer.mag_refinement.mhca_blks.0.transformer_layers.0.ffn.project_out,16.0,0.8208646595220864,14832
TCFTransformer.mag_refinement.mhca_blks.0.transformer_layers.0.ffn.project_out,17.0,0.8316753486044778,14832
TCFTransformer.mag_refinement.mhca_blks.0.transformer_layers.0.ffn.project_out,18.0,0.8421817642336201,14832
TCFTransformer.mag_refinement.mhca_blks.0.transformer_layers.0.ffn.project_out,19.0,0.8523591513973545,14832
TCFTransformer.mag_refinement.mhca_blks.0.transformer_layers.0.ffn.project_out,20.0,0.8621921943542833,14832
TCFTransformer.mag_refinement.mhca_blks.0.transformer_layers.0.ffn.project_out,21.0,0.8716734865601973,14832
TCFTransformer.mag_refinement.mhca_blks.0.transformer_layers.0.ffn.project_out,22.0,0.8807921611504006,14832
TCFTransformer.mag_refinement.mhca_blks.0.transformer_layers.0.ffn.project_out,23.0,0.889539899069418,14832
TCFTransformer.mag_refinement.mhca_blks.0.transformer_layers.0.ffn.project_out,24.0,0.8979081971070527,14832
TCFTransformer.mag_refinement.mhca_blks.0.transformer_layers.0.ffn.project_out,25.0,0.9058915691805891,14832
TCFTransformer.mag_refinement.mhca_blks.0.transformer_layers.0.ffn.project_out,26.0,0.9134845853559148,14832
TCFTransformer.mag_refinement.mhca_blks.0.transformer_layers.0.ffn.project_out,27.0,0.9206842979960778,14832
TCFTransformer.mag_refinement.mhca_blks.0.transformer_layers.0.ffn.project_out,28.0,0.9275009932786129,14832
TCFTransformer.mag_refinement.mhca_blks.0.transformer_layers.0.ffn.project_out,29.0,0.9339425376301959,14832
TCFTransformer.mag_refinement.mhca_blks.0.transformer_layers.0.ffn.project_out,30.0,0.9400161319083765,14832
TCFTransformer.mag_refinement.mhca_blks.0.transformer_layers.1.norm1,-10.0,0.2812447517154841,14832
TCFTransformer.mag_refinement.mhca_blks.0.transformer_layers.1.norm1,-9.0,0.2913805662871347,14832
TCFTransformer.mag_refinement.mhca_blks.0.transformer_layers.1.norm1,-8.0,0.30179507370602177,14832
TCFTransformer.mag_refinement.mhca_blks.0.transformer_layers.1.norm1,-7.0,0.3125932580437773,14832
TCFTransformer.mag_refinement.mhca_blks.0.transformer_layers.1.norm1,-6.0,0.32382025250546165,14832
TCFTransformer.mag_refinement.mhca_blks.0.transformer_layers.1.norm1,-5.0,0.3355546863493435,14832
TCFTransformer.mag_refinement.mhca_blks.0.transformer_layers.1.norm1,-4.0,0.3478509851288304,14832
TCFTransformer.mag_refinement.mhca_blks.0.transformer_layers.1.norm1,-3.0,0.36077849284023394,14832
TCFTransformer.mag_refinement.mhca_blks.0.transformer_layers.1.norm1,-2.0,0.37440577944632153,14832
TCFTransformer.mag_refinement.mhca_blks.0.transformer_layers.1.norm1,-1.0,0.3887431722474932,14832
TCFTransformer.mag_refinement.mhca_blks.0.transformer_layers.1.norm1,0.0,0.4037603224364453,14832
TCFTransformer.mag_refinement.mhca_blks.0.transformer_layers.1.norm1,1.0,0.4194290419917919,14832
TCFTransformer.mag_refinement.mhca_blks.0.transformer_layers.1.norm1,2.0,0.43572677233926504,14832
TCFTransformer.mag_refinement.mhca_blks.0.transformer_layers.1.norm1,3.0,0.45263379781950014,14832
TCFTransformer.mag_refinement.mhca_blks.0.transformer_layers.1.norm1,4.0,0.47010671820575944,14832
TCFTransformer.mag_refinement.mhca_blks.0.transformer_layers.1.norm1,5.0,0.48808455557342395,14832
TCFTransformer.mag_refinement.mhca_blks.0.transformer_layers.1.norm1,6.0,0.5065174886892513,14832
TCFTransformer.mag_refinement.mhca_blks.0.transformer_layers.1.norm1,7.0,0.5253528288315414,14832
TCFTransformer.mag_refinement.mhca_blks.0.transformer_layers.1.norm1,8.0,0.5445277907683673,14832
TCFTransformer.mag_refinement.mhca_blks.0.transformer_layers.1.norm1,9.0,0.5639650079933073,14832
TCFTransformer.mag_refinement.mhca_blks.0.transformer_layers.1.norm1,10.0,0.583582104369596,14832
TCFTransformer.mag_refinement.mhca_blks.0.transformer_layers.1.norm1,11.0,0.603285442246074,14832
TCFTransformer.mag_refinement.mhca_blks.0.transformer_layers.1.norm1,12.0,0.6229863629717592,14832
TCFTransformer.mag_refinement.mhca_blks.0.transformer_layers.1.norm1,13.0,0.6425981181809336,14832
TCFTransformer.mag_refinement.mhca_blks.0.transformer_layers.1.norm1,14.0,0.6620304708378117,14832
TCFTransformer.mag_refinement.mhca_blks.0.transformer_layers.1.norm1,15.0,0.6811938754402447,14832
TCFTransformer.mag_refinement.mhca_blks.0.transformer_layers.1.norm1,16.0,0.7000105731679527,14832
TCFTransformer.mag_refinement.mhca_blks.0.transformer_layers.1.norm1,17.0,0.718413197082802,14832
TCFTransformer.mag_refinement.mhca_blks.0.transformer_layers.1.norm1,18.0,0.736319617988158,14832
TCFTransformer.mag_refinement.mhca_blks.0.transformer_layers.1.norm1,19.0,0.7536777184438263,14832
TCFTransformer.mag_refinement.mhca_blks.0.transformer_layers.1.norm1,20.0,0.7704443194136875,14832
TCFTransformer.mag_refinement.mhca_blks.0.transformer_layers.1.norm1,21.0,0.7865931286628258,14832
TCFTransformer.mag_refinement.mhca_blks.0.transformer_layers.1.norm1,22.0,0.8020957842300431,14832
TCFTransformer.mag_refinement.mhca_blks.0.transformer_layers.1.norm1,23.0,0.8169296725161831,14832
TCFTransformer.mag_refinement.mhca_blks.0.transformer_layers.1.norm1,24.0,0.8310854222320078,14832
TCFTransformer.mag_refinement.mhca_blks.0.transformer_layers.1.norm1,25.0,0.8445582999722246,14832
TCFTransformer.mag_refinement.mhca_blks.0.transformer_layers.1.norm1,26.0,0.8573445856506898,14832
TCFTransformer.mag_refinement.mhca_blks.0.transformer_layers.1.norm1,27.0,0.8694526570675314,14832
TCFTransformer.mag_refinement.mhca_blks.0.transformer_layers.1.norm1,28.0,0.880900542724962,14832
TCFTransformer.mag_refinement.mhca_blks.0.transformer_layers.1.norm1,29.0,0.8917033704039926,14832
TCFTransformer.mag_refinement.mhca_blks.0.transformer_layers.1.norm1,30.0,0.9018755035320181,14832
TCFTransformer.mag_refinement.mhca_blks.0.transformer_layers.1.norm2,-10.0,0.1910952831702126,14832
TCFTransformer.mag_refinement.mhca_blks.0.transformer_layers.1.norm2,-9.0,0.2030328998240183,14832
TCFTransformer.mag_refinement.mhca_blks.0.transformer_layers.1.norm2,-8.0,0.21558964742496284,14832
TCFTransformer.mag_refinement.mhca_blks.0.transformer_layers.1.norm2,-7.0,0.22876890871421152,14832
TCFTransformer.mag_refinement.mhca_blks.0.transformer_layers.1.norm2,-6.0,0.24258784812316503,14832
TCFTransformer.mag_refinement.mhca_blks.0.transformer_layers.1.norm2,-5.0,0.2570967576290685,14832
TCFTransformer.mag_refinement.mhca_blks.0.transformer_layers.1.norm2,-4.0,0.27232734715021517,14832
TCFTransformer.mag_refinement.mhca_blks.0.transformer_layers.1.norm2,-3.0,0.2883182024314975,14832
TCFTransformer.mag_refinement.mhca_blks.0.transformer_layers.1.norm2,-2.0,0.30512041829480213,14832
TCFTransformer.mag_refinement.mhca_blks.0.transformer_layers.1.norm2,-1.0,0.3227268356514418,14832
TCFTransformer.mag_refinement.mhca_blks.0.transformer_layers.1.norm2,0.0,0.34110341040053865,14832
TCFTransformer.mag_refinement.mhca_blks.0.transformer_layers.1.norm2,1.0,0.36021899666582924,14832
TCFTransformer.mag_refinement.mhca_blks.0.transformer_layers.1.norm2,2.0,0.38003871128959693,14832
TCFTransformer.mag_refinement.mhca_blks.0.transformer_layers.1.norm2,3.0,0.4005306017361059,14832
TCFTransformer.mag_refinement.mhca_blks.0.transformer_layers.1.norm2,4.0,0.4216394131292891,14832
TCFTransformer.mag_refinement.mhca_blks.0.transformer_layers.1.norm2,5.0,0.44328812130364187,14832
TCFTransformer.mag_refinement.mhca_blks.0.transformer_layers.1.norm2,6.0,0.46540865749914395,14832
TCFTransformer.mag_refinement.mhca_blks.0.transformer_layers.1.norm2,7.0,0.4879320665938778,14832
TCFTransformer.mag_refinement.mhca_blks.0.transformer_layers.1.norm2,8.0,0.5107763684595842,14832
TCFTransformer.mag_refinement.mhca_blks.0.transformer_layers.1.norm2,9.0,0.5338407236200626,14832
TCFTransformer.mag_refinement.mhca_blks.0.transformer_layers.1.norm2,10.0,0.557019745097159,14832
TCFTransformer.mag_refinement.mhca_blks.0.transformer_layers.1.norm2,11.0,0.5801961365353795,14832
TCFTransformer.mag_refinement.mhca_blks.0.transformer_layers.1.norm2,12.0,0.6032559244181185,14832
TCFTransformer.mag_refinement.mhca_blks.0.transformer_layers.1.norm2,13.0,0.6260881485887668,14832
TCFTransformer.mag_refinement.mhca_blks.0.transformer_layers.1.norm2,14.0,0.6485768631733593,14832
TCFTransformer.mag_refinement.mhca_blks.0.transformer_layers.1.norm2,15.0,0.6706062397540837,14832
TCFTransformer.mag_refinement.mhca_blks.0.transformer_layers.1.norm2,16.0,0.6920754882781299,14832
TCFTransformer.mag_refinement.mhca_blks.0.transformer_layers.1.norm2,17.0,0.7129016476135775,14832
TCFTransformer.mag_refinement.mhca_blks.0.transformer_layers.1.norm2,18.0,0.7329874408573009,14832
TCFTransformer.mag_refinement.mhca_blks.0.transformer_layers.1.norm2,19.0,0.7522748439615952,14832
TCFTransformer.mag_refinement.mhca_blks.0.transformer_layers.1.norm2,20.0,0.7707205358410442,14832
TCFTransformer.mag_refinement.mhca_blks.0.transformer_layers.1.norm2,21.0,0.788300770753844,14832
TCFTransformer.mag_refinement.mhca_blks.0.transformer_layers.1.norm2,22.0,0.8049929476751994,14832
TCFTransformer.mag_refinement.mhca_blks.0.transformer_layers.1.norm2,23.0,0.8207860285056577,14832
TCFTransformer.mag_refinement.mhca_blks.0.transformer_layers.1.norm2,24.0,0.8356860861555948,14832
TCFTransformer.mag_refinement.mhca_blks.0.transformer_layers.1.norm2,25.0,0.8497078188483029,14832
TCFTransformer.mag_refinement.mhca_blks.0.transformer_layers.1.norm2,26.0,0.8628679974750086,14832
TCFTransformer.mag_refinement.mhca_blks.0.transformer_layers.1.norm2,27.0,0.8751938657326768,14832
TCFTransformer.mag_refinement.mhca_blks.0.transformer_layers.1.norm2,28.0,0.8867266897389419,14832
TCFTransformer.mag_refinement.mhca_blks.0.transformer_layers.1.norm2,29.0,0.897504271778651,14832
TCFTransformer.mag_refinement.mhca_blks.0.transformer_layers.1.norm2,30.0,0.9075573321548417,14832
TCFTransformer.mag_refinement.mhca_blks.0.transformer_layers.1.ffn.project_out,-10.0,0.2683818779484909,14832
TCFTransformer.mag_refinement.mhca_blks.0.transformer_layers.1.ffn.project_out,-9.0,0.27148778728340545,14832
TCFTransformer.mag_refinement.mhca_blks.0.transformer_layers.1.ffn.project_out,-8.0,0.2767639920715003,14832
TCFTransformer.mag_refinement.mhca_blks.0.transformer_layers.1.ffn.project_out,-7.0,0.28288176193938336,14832
TCFTransformer.mag_refinement.mhca_blks.0.transformer_layers.1.ffn.project_out,-6.0,0.28987787100848134,14832
TCFTransformer.mag_refinement.mhca_blks.0.transformer_layers.1.ffn.project_out,-5.0,0.29773789170618087,14832
TCFTransformer.mag_refinement.mhca_blks.0.transformer_layers.1.ffn.project_out,-4.0,0.30639036439603823,14832
TCFTransformer.mag_refinement.mhca_blks.0.transformer_layers.1.ffn.project_out,-3.0,0.31583546619913055,14832
TCFTransformer.mag_refinement.mhca_blks.0.transformer_layers.1.ffn.project_out,-2.0,0.3261428753259675,14832
TCFTransformer.mag_refinement.mhca_blks.0.transformer_layers.1.ffn.project_out,-1.0,0.33738894844937567,14832
TCFTransformer.mag_refinement.mhca_blks.0.transformer_layers.1.ffn.project_out,0.0,0.3496920831911889,14832
TCFTransformer.mag_refinement.mhca_blks.0.transformer_layers.1.ffn.project_out,1.0,0.36325044362836434,14832
TCFTransformer.mag_refinement.mhca_blks.0.transformer_layers.1.ffn.project_out,2.0,0.37828597568938493,14832
TCFTransformer.mag_refinement.mhca_blks.0.transformer_layers.1.ffn.project_out,3.0,0.3949652708380683,14832
TCFTransformer.mag_refinement.mhca_blks.0.transformer_layers.1.ffn.project_out,4.0,0.4133200855936228,14832
TCFTransformer.mag_refinement.mhca_blks.0.transformer_layers.1.ffn.project_out,5.0,0.4333058904228278,14832
TCFTransformer.mag_refinement.mhca_blks.0.transformer_layers.1.ffn.project_out,6.0,0.4548192436503198,14832
TCFTransformer.mag_refinement.mhca_blks.0.transformer_layers.1.ffn.project_out,7.0,0.4777234317153389,14832
TCFTransformer.mag_refinement.mhca_blks.0.transformer_layers.1.ffn.project_out,8.0,0.5017413610855956,14832
TCFTransformer.mag_refinement.mhca_blks.0.transformer_layers.1.ffn.project_out,9.0,0.5264646375742454,14832
TCFTransformer.mag_refinement.mhca_blks.0.transformer_layers.1.ffn.project_out,10.0,0.5514781957859185,14832
TCFTransformer.mag_refinement.mhca_blks.0.transformer_layers.1.ffn.project_out,11.0,0.5763482738960888,14832
TCFTransformer.mag_refinement.mhca_blks.0.transformer_layers.1.ffn.project_out,12.0,0.6007715652999694,14832
TCFTransformer.mag_refinement.mhca_blks.0.transformer_layers.1.ffn.project_out,13.0,0.6245121211788045,14832
TCFTransformer.mag_refinement.mhca_blks.0.transformer_layers.1.ffn.project_out,14.0,0.6474509808695005,14832
TCFTransformer.mag_refinement.mhca_blks.0.transformer_layers.1.ffn.project_out,15.0,0.6695710939312246,14832
TCFTransformer.mag_refinement.mhca_blks.0.transformer_layers.1.ffn.project_out,16.0,0.6908017371959749,14832
TCFTransformer.mag_refinement.mhca_blks.0.transformer_layers.1.ffn.project_out,17.0,0.7110124647378985,14832
TCFTransformer.mag_refinement.mhca_blks.0.transformer_layers.1.ffn.project_out,18.0,0.730088209620217,14832
TCFTransformer.mag_refinement.mhca_blks.0.transformer_layers.1.ffn.project_out,19.0,0.7480025328139441,14832
TCFTransformer.mag_refinement.mhca_blks.0.transformer_layers.1.ffn.project_out,20.0,0.7647136850757252,14832
TCFTransformer.mag_refinement.mhca_blks.0.transformer_layers.1.ffn.project_out,21.0,0.7802696523059183,14832
TCFTransformer.mag_refinement.mhca_blks.0.transformer_layers.1.ffn.project_out,22.0,0.7947504194860248,14832
TCFTransformer.mag_refinement.mhca_blks.0.transformer_layers.1.ffn.project_out,23.0,0.8083269247233148,14832
TCFTransformer.mag_refinement.mhca_blks.0.transformer_layers.1.ffn.project_out,24.0,0.8211218093043672,14832
TCFTransformer.mag_refinement.mhca_blks.0.transformer_layers.1.ffn.project_out,25.0,0.833252361232662,14832
TCFTransformer.mag_refinement.mhca_blks.0.transformer_layers.1.ffn.project_out,26.0,0.8447841651950678,14832
TCFTransformer.mag_refinement.mhca_blks.0.transformer_layers.1.ffn.project_out,27.0,0.8557541117231847,14832
TCFTransformer.mag_refinement.mhca_blks.0.transformer_layers.1.ffn.project_out,28.0,0.8662479837041273,14832
TCFTransformer.mag_refinement.mhca_blks.0.transformer_layers.1.ffn.project_out,29.0,0.87627350882614,14832
TCFTransformer.mag_refinement.mhca_blks.0.transformer_layers.1.ffn.project_out,30.0,0.8858367509862655,14832
TCFTransformer.mag_refinement.mhca_blks.0.transformer_layers.2.norm1,-10.0,0.3006661501416721,14832
TCFTransformer.mag_refinement.mhca_blks.0.transformer_layers.2.norm1,-9.0,0.3124277535851084,14832
TCFTransformer.mag_refinement.mhca_blks.0.transformer_layers.2.norm1,-8.0,0.3244592053137574,14832
TCFTransformer.mag_refinement.mhca_blks.0.transformer_layers.2.norm1,-7.0,0.336899631784801,14832
TCFTransformer.mag_refinement.mhca_blks.0.transformer_layers.2.norm1,-6.0,0.34972903390285404,14832
TCFTransformer.mag_refinement.mhca_blks.0.transformer_layers.2.norm1,-5.0,0.36298492657595355,14832
TCFTransformer.mag_refinement.mhca_blks.0.transformer_layers.2.norm1,-4.0,0.3766877053399945,14832
TCFTransformer.mag_refinement.mhca_blks.0.transformer_layers.2.norm1,-3.0,0.3908732134010944,14832
TCFTransformer.mag_refinement.mhca_blks.0.transformer_layers.2.norm1,-2.0,0.40558315945252726,14832
TCFTransformer.mag_refinement.mhca_blks.0.transformer_layers.2.norm1,-1.0,0.4207965508676029,14832
TCFTransformer.mag_refinement.mhca_blks.0.transformer_layers.2.norm1,0.0,0.4364739708972144,14832
TCFTransformer.mag_refinement.mhca_blks.0.transformer_layers.2.norm1,1.0,0.4525769104851569,14832
TCFTransformer.mag_refinement.mhca_blks.0.transformer_layers.2.norm1,2.0,0.46907393058145097,14832
TCFTransformer.mag_refinement.mhca_blks.0.transformer_layers.2.norm1,3.0,0.48594753551794195,14832
TCFTransformer.mag_refinement.mhca_blks.0.transformer_layers.2.norm1,4.0,0.5031707723340685,14832
TCFTransformer.mag_refinement.mhca_blks.0.transformer_layers.2.norm1,5.0,0.5206951634001946,14832
TCFTransformer.mag_refinement.mhca_blks.0.transformer_layers.2.norm1,6.0,0.5384767739355419,14832
TCFTransformer.mag_refinement.mhca_blks.0.transformer_layers.2.norm1,7.0,0.5564741986143646,14832
TCFTransformer.mag_refinement.mhca_blks.0.transformer_layers.2.norm1,8.0,0.5746360169683444,14832
TCFTransformer.mag_refinement.mhca_blks.0.transformer_layers.2.norm1,9.0,0.5928974490413822,14832
TCFTransformer.mag_refinement.mhca_blks.0.transformer_layers.2.norm1,10.0,0.6111961129928225,14832
TCFTransformer.mag_refinement.mhca_blks.0.transformer_layers.2.norm1,11.0,0.6294580917110206,14832
TCFTransformer.mag_refinement.mhca_blks.0.transformer_layers.2.norm1,12.0,0.6476111907889702,14832
TCFTransformer.mag_refinement.mhca_blks.0.transformer_layers.2.norm1,13.0,0.6655895901480217,14832
TCFTransformer.mag_refinement.mhca_blks.0.transformer_layers.2.norm1,14.0,0.6833244939922418,14832
TCFTransformer.mag_refinement.mhca_blks.0.transformer_layers.2.norm1,15.0,0.7007467800785486,14832
TCFTransformer.mag_refinement.mhca_blks.0.transformer_layers.2.norm1,16.0,0.7177967753928425,14832
TCFTransformer.mag_refinement.mhca_blks.0.transformer_layers.2.norm1,17.0,0.734428130387617,14832
TCFTransformer.mag_refinement.mhca_blks.0.transformer_layers.2.norm1,18.0,0.75058536791316,14832
TCFTransformer.mag_refinement.mhca_blks.0.transformer_layers.2.norm1,19.0,0.7662337810351657,14832
TCFTransformer.mag_refinement.mhca_blks.0.transformer_layers.2.norm1,20.0,0.7813464522506427,14832
TCFTransformer.mag_refinement.mhca_blks.0.transformer_layers.2.norm1,21.0,0.7959128114120573,14832
TCFTransformer.mag_refinement.mhca_blks.0.transformer_layers.2.norm1,22.0,0.809923627921164,14832
TCFTransformer.mag_refinement.mhca_blks.0.transformer_layers.2.norm1,23.0,0.8233726079542563,14832
TCFTransformer.mag_refinement.mhca_blks.0.transformer_layers.2.norm1,24.0,0.8362576997022124,14832
TCFTransformer.mag_refinement.mhca_blks.0.transformer_layers.2.norm1,25.0,0.8485741042818356,14832
TCFTransformer.mag_refinement.mhca_blks.0.transformer_layers.2.norm1,26.0,0.8603214571953721,14832
TCFTransformer.mag_refinement.mhca_blks.0.transformer_layers.2.norm1,27.0,0.8715067133910255,14832
TCFTransformer.mag_refinement.mhca_blks.0.transformer_layers.2.norm1,28.0,0.8821458321189289,14832
TCFTransformer.mag_refinement.mhca_blks.0.transformer_layers.2.norm1,29.0,0.8922531207804413,14832
TCFTransformer.mag_refinement.mhca_blks.0.transformer_layers.2.norm1,30.0,0.9018316273883933,14832
TCFTransformer.mag_refinement.mhca_blks.0.transformer_layers.2.norm2,-10.0,0.1921367505570309,14832
TCFTransformer.mag_refinement.mhca_blks.0.transformer_layers.2.norm2,-9.0,0.20226288338200848,14832
TCFTransformer.mag_refinement.mhca_blks.0.transformer_layers.2.norm2,-8.0,0.21358066539321813,14832
TCFTransformer.mag_refinement.mhca_blks.0.transformer_layers.2.norm2,-7.0,0.22555353685368573,14832
TCFTransformer.mag_refinement.mhca_blks.0.transformer_layers.2.norm2,-6.0,0.23817677375109023,14832
TCFTransformer.mag_refinement.mhca_blks.0.transformer_layers.2.norm2,-5.0,0.2514960442404961,14832
TCFTransformer.mag_refinement.mhca_blks.0.transformer_layers.2.norm2,-4.0,0.26553196745483604,14832
TCFTransformer.mag_refinement.mhca_blks.0.transformer_layers.2.norm2,-3.0,0.2803325090236347,14832
TCFTransformer.mag_refinement.mhca_blks.0.transformer_layers.2.norm2,-2.0,0.29594945568946,14832
TCFTransformer.mag_refinement.mhca_blks.0.transformer_layers.2.norm2,-1.0,0.31238693423532027,14832
TCFTransformer.mag_refinement.mhca_blks.0.transformer_layers.2.norm2,0.0,0.32963666782896267,14832
TCFTransformer.mag_refinement.mhca_blks.0.transformer_layers.2.norm2,1.0,0.34768645984659163,14832
TCFTransformer.mag_refinement.mhca_blks.0.transformer_layers.2.norm2,2.0,0.36651700165197093,14832
TCFTransformer.mag_refinement.mhca_blks.0.transformer_layers.2.norm2,3.0,0.3861133348153544,14832
TCFTransformer.mag_refinement.mhca_blks.0.transformer_layers.2.norm2,4.0,0.40644215559586877,14832
TCFTransformer.mag_refinement.mhca_blks.0.transformer_layers.2.norm2,5.0,0.4274399404433087,14832
TCFTransformer.mag_refinement.mhca_blks.0.transformer_layers.2.norm2,6.0,0.44904533078232955,14832
TCFTransformer.mag_refinement.mhca_blks.0.transformer_layers.2.norm2,7.0,0.4711891079242134,14832
TCFTransformer.mag_refinement.mhca_blks.0.transformer_layers.2.norm2,8.0,0.4937839458059588,14832
TCFTransformer.mag_refinement.mhca_blks.0.transformer_layers.2.norm2,9.0,0.5167258029066211,14832
TCFTransformer.mag_refinement.mhca_blks.0.transformer_layers.2.norm2,10.0,0.5398981498369491,14832
TCFTransformer.mag_refinement.mhca_blks.0.transformer_layers.2.norm2,11.0,0.5631734184587239,14832
TCFTransformer.mag_refinement.mhca_blks.0.transformer_layers.2.norm2,12.0,0.5864289692405132,14832
TCFTransformer.mag_refinement.mhca_blks.0.transformer_layers.2.norm2,13.0,0.6095413549741914,14832
TCFTransformer.mag_refinement.mhca_blks.0.transformer_layers.2.norm2,14.0,0.632385648243499,14832
TCFTransformer.mag_refinement.mhca_blks.0.transformer_layers.2.norm2,15.0,0.6548348900850987,14832
TCFTransformer.mag_refinement.mhca_blks.0.transformer_layers.2.norm2,16.0,0.6767835461684255,14832
TCFTransformer.mag_refinement.mhca_blks.0.transformer_layers.2.norm2,17.0,0.6981350020580839,14832
TCFTransformer.mag_refinement.mhca_blks.0.transformer_layers.2.norm2,18.0,0.7187844512345191,14832
TCFTransformer.mag_refinement.mhca_blks.0.transformer_layers.2.norm2,19.0,0.7386615593709702,14832
TCFTransformer.mag_refinement.mhca_blks.0.transformer_layers.2.norm2,20.0,0.7577136200154453,14832
TCFTransformer.mag_refinement.mhca_blks.0.transformer_layers.2.norm2,21.0,0.7759094393220374,14832
TCFTransformer.mag_refinement.mhca_blks.0.transformer_layers.2.norm2,22.0,0.7932258321649466,14832
TCFTransformer.mag_refinement.mhca_blks.0.transformer_layers.2.norm2,23.0,0.8096536139655204,14832
TCFTransformer.mag_refinement.mhca_blks.0.transformer_layers.2.norm2,24.0,0.8251931818971711,14832
TCFTransformer.mag_refinement.mhca_blks.0.transformer_layers.2.norm2,25.0,0.8398542690403286,14832
TCFTransformer.mag_refinement.mhca_blks.0.transformer_layers.2.norm2,26.0,0.8536517353629955,14832
TCFTransformer.mag_refinement.mhca_blks.0.transformer_layers.2.norm2,27.0,0.8666111247527625,14832
TCFTransformer.mag_refinement.mhca_blks.0.transformer_layers.2.norm2,28.0,0.8787673027520876,14832
TCFTransformer.mag_refinement.mhca_blks.0.transformer_layers.2.norm2,29.0,0.8901515368094913,14832
TCFTransformer.mag_refinement.mhca_blks.0.transformer_layers.2.norm2,30.0,0.9007919464368843,14832
TCFTransformer.mag_refinement.mhca_blks.0.transformer_layers.2.ffn.project_out,-10.0,0.25530299672001955,14832
TCFTransformer.mag_refinement.mhca_blks.0.transformer_layers.2.ffn.project_out,-9.0,0.25555172903355744,14832
TCFTransformer.mag_refinement.mhca_blks.0.transformer_layers.2.ffn.project_out,-8.0,0.25737808060384243,14832
TCFTransformer.mag_refinement.mhca_blks.0.transformer_layers.2.ffn.project_out,-7.0,0.25965698531621856,14832
TCFTransformer.mag_refinement.mhca_blks.0.transformer_layers.2.ffn.project_out,-6.0,0.26251102168140117,14832
TCFTransformer.mag_refinement.mhca_blks.0.transformer_layers.2.ffn.project_out,-5.0,0.2659743339699385,14832
TCFTransformer.mag_refinement.mhca_blks.0.transformer_layers.2.ffn.project_out,-4.0,0.2700355500090835,14832
TCFTransformer.mag_refinement.mhca_blks.0.transformer_layers.2.ffn.project_out,-3.0,0.2747080913654949,14832
TCFTransformer.mag_refinement.mhca_blks.0.transformer_layers.2.ffn.project_out,-2.0,0.28004122259619746,14832
TCFTransformer.mag_refinement.mhca_blks.0.transformer_layers.2.ffn.project_out,-1.0,0.28611940201176,14832
TCFTransformer.mag_refinement.mhca_blks.0.transformer_layers.2.ffn.project_out,0.0,0.29299228888948403,14832
TCFTransformer.mag_refinement.mhca_blks.0.transformer_layers.2.ffn.project_out,1.0,0.30074717731545597,14832
TCFTransformer.mag_refinement.mhca_blks.0.transformer_layers.2.ffn.project_out,2.0,0.309551753946143,14832
TCFTransformer.mag_refinement.mhca_blks.0.transformer_layers.2.ffn.project_out,3.0,0.3195158170205626,14832
TCFTransformer.mag_refinement.mhca_blks.0.transformer_layers.2.ffn.project_out,4.0,0.3307098866462458,14832
TCFTransformer.mag_refinement.mhca_blks.0.transformer_layers.2.ffn.project_out,5.0,0.34320922774145185,14832
TCFTransformer.mag_refinement.mhca_blks.0.transformer_layers.2.ffn.project_out,6.0,0.35700821490584606,14832
TCFTransformer.mag_refinement.mhca_blks.0.transformer_layers.2.ffn.project_out,7.0,0.3720709840182372,14832
TCFTransformer.mag_refinement.mhca_blks.0.transformer_layers.2.ffn.project_out,8.0,0.38837133680531566,14832
TCFTransformer.mag_refinement.mhca_blks.0.transformer_layers.2.ffn.project_out,9.0,0.4057367459876903,14832
TCFTransformer.mag_refinement.mhca_blks.0.transformer_layers.2.ffn.project_out,10.0,0.4238650830464585,14832
TCFTransformer.mag_refinement.mhca_blks.0.transformer_layers.2.ffn.project_out,11.0,0.442486575751906,14832
TCFTransformer.mag_refinement.mhca_blks.0.transformer_layers.2.ffn.project_out,12.0,0.46132618300928185,14832
TCFTransformer.mag_refinement.mhca_blks.0.transformer_layers.2.ffn.project_out,13.0,0.48017011990744585,14832
TCFTransformer.mag_refinement.mhca_blks.0.transformer_layers.2.ffn.project_out,14.0,0.4988132456434085,14832
TCFTransformer.mag_refinement.mhca_blks.0.transformer_layers.2.ffn.project_out,15.0,0.517234659576919,14832
TCFTransformer.mag_refinement.mhca_blks.0.transformer_layers.2.ffn.project_out,16.0,0.5354618903720688,14832
TCFTransformer.mag_refinement.mhca_blks.0.transformer_layers.2.ffn.project_out,17.0,0.5534397693513666,14832
TCFTransformer.mag_refinement.mhca_blks.0.transformer_layers.2.ffn.project_out,18.0,0.571146314622113,14832
TCFTransformer.mag_refinement.mhca_blks.0.transformer_layers.2.ffn.project_out,19.0,0.5884563158554585,14832
TCFTransformer.mag_refinement.mhca_blks.0.transformer_layers.2.ffn.project_out,20.0,0.6054459447237064,14832
TCFTransformer.mag_refinement.mhca_blks.0.transformer_layers.2.ffn.project_out,21.0,0.622035947016982,14832
TCFTransformer.mag_refinement.mhca_blks.0.transformer_layers.2.ffn.project_out,22.0,0.6382209464657485,14832
TCFTransformer.mag_refinement.mhca_blks.0.transformer_layers.2.ffn.project_out,23.0,0.6542324315100516,14832
TCFTransformer.mag_refinement.mhca_blks.0.transformer_layers.2.ffn.project_out,24.0,0.6700829391909249,14832
TCFTransformer.mag_refinement.mhca_blks.0.transformer_layers.2.ffn.project_out,25.0,0.6859022225323611,14832
TCFTransformer.mag_refinement.mhca_blks.0.transformer_layers.2.ffn.project_out,26.0,0.7017976918876647,14832
TCFTransformer.mag_refinement.mhca_blks.0.transformer_layers.2.ffn.project_out,27.0,0.7176996226821339,14832
TCFTransformer.mag_refinement.mhca_blks.0.transformer_layers.2.ffn.project_out,28.0,0.7336612732572624,14832
TCFTransformer.mag_refinement.mhca_blks.0.transformer_layers.2.ffn.project_out,29.0,0.7495168304932832,14832
TCFTransformer.mag_refinement.mhca_blks.0.transformer_layers.2.ffn.project_out,30.0,0.765214203763954,14832
TCFTransformer.mag_refinement.mhca_blks.0.transformer_layers.3.norm1,-10.0,0.1975739745140887,14832
TCFTransformer.mag_refinement.mhca_blks.0.transformer_layers.3.norm1,-9.0,0.2087101012376914,14832
TCFTransformer.mag_refinement.mhca_blks.0.transformer_layers.3.norm1,-8.0,0.2203497478927806,14832
TCFTransformer.mag_refinement.mhca_blks.0.transformer_layers.3.norm1,-7.0,0.23263046521459385,14832
TCFTransformer.mag_refinement.mhca_blks.0.transformer_layers.3.norm1,-6.0,0.24556785057265682,14832
TCFTransformer.mag_refinement.mhca_blks.0.transformer_layers.3.norm1,-5.0,0.25919765883809537,14832
TCFTransformer.mag_refinement.mhca_blks.0.transformer_layers.3.norm1,-4.0,0.27354355033049044,14832
TCFTransformer.mag_refinement.mhca_blks.0.transformer_layers.3.norm1,-3.0,0.2886523287316348,14832
TCFTransformer.mag_refinement.mhca_blks.0.transformer_layers.3.norm1,-2.0,0.30457484847268224,14832
TCFTransformer.mag_refinement.mhca_blks.0.transformer_layers.3.norm1,-1.0,0.3213163947791038,14832
TCFTransformer.mag_refinement.mhca_blks.0.transformer_layers.3.norm1,0.0,0.3388697745890317,14832
TCFTransformer.mag_refinement.mhca_blks.0.transformer_layers.3.norm1,1.0,0.3572231240815683,14832
TCFTransformer.mag_refinement.mhca_blks.0.transformer_layers.3.norm1,2.0,0.3763582248214588,14832
TCFTransformer.mag_refinement.mhca_blks.0.transformer_layers.3.norm1,3.0,0.3962580302324319,14832
TCFTransformer.mag_refinement.mhca_blks.0.transformer_layers.3.norm1,4.0,0.41688611717973045,14832
TCFTransformer.mag_refinement.mhca_blks.0.transformer_layers.3.norm1,5.0,0.4381755662322478,14832
TCFTransformer.mag_refinement.mhca_blks.0.transformer_layers.3.norm1,6.0,0.46006095598420643,14832
TCFTransformer.mag_refinement.mhca_blks.0.transformer_layers.3.norm1,7.0,0.4824698263600453,14832
TCFTransformer.mag_refinement.mhca_blks.0.transformer_layers.3.norm1,8.0,0.5053117181819452,14832
TCFTransformer.mag_refinement.mhca_blks.0.transformer_layers.3.norm1,9.0,0.528478508650907,14832
TCFTransformer.mag_refinement.mhca_blks.0.transformer_layers.3.norm1,10.0,0.5518553690741717,14832
TCFTransformer.mag_refinement.mhca_blks.0.transformer_layers.3.norm1,11.0,0.5753098697981273,14832
TCFTransformer.mag_refinement.mhca_blks.0.transformer_layers.3.norm1,12.0,0.5987163258961602,14832
TCFTransformer.mag_refinement.mhca_blks.0.transformer_layers.3.norm1,13.0,0.6219536420138715,14832
TCFTransformer.mag_refinement.mhca_blks.0.transformer_layers.3.norm1,14.0,0.6448915241901011,14832
TCFTransformer.mag_refinement.mhca_blks.0.transformer_layers.3.norm1,15.0,0.6673943950094386,14832
TCFTransformer.mag_refinement.mhca_blks.0.transformer_layers.3.norm1,16.0,0.6893477551307543,14832
TCFTransformer.mag_refinement.mhca_blks.0.transformer_layers.3.norm1,17.0,0.7106568311936873,14832
TCFTransformer.mag_refinement.mhca_blks.0.transformer_layers.3.norm1,18.0,0.7312127116840522,14832
TCFTransformer.mag_refinement.mhca_blks.0.transformer_layers.3.norm1,19.0,0.7509476277382467,14832
TCFTransformer.mag_refinement.mhca_blks.0.transformer_layers.3.norm1,20.0,0.769807229029515,14832
TCFTransformer.mag_refinement.mhca_blks.0.transformer_layers.3.norm1,21.0,0.7877654976210484,14832
TCFTransformer.mag_refinement.mhca_blks.0.transformer_layers.3.norm1,22.0,0.8048034260027362,14832
TCFTransformer.mag_refinement.mhca_blks.0.transformer_layers.3.norm1,23.0,0.820909758252137,14832
TCFTransformer.mag_refinement.mhca_blks.0.transformer_layers.3.norm1,24.0,0.8360873071904804,14832
TCFTransformer.mag_refinement.mhca_blks.0.transformer_layers.3.norm1,25.0,0.8503466877471475,14832
TCFTransformer.mag_refinement.mhca_blks.0.transformer_layers.3.norm1,26.0,0.863709948862528,14832
TCFTransformer.mag_refinement.mhca_blks.0.transformer_layers.3.norm1,27.0,0.8762027877980709,14832
TCFTransformer.mag_refinement.mhca_blks.0.transformer_layers.3.norm1,28.0,0.8878660929442544,14832
TCFTransformer.mag_refinement.mhca_blks.0.transformer_layers.3.norm1,29.0,0.898736776719764,14832
TCFTransformer.mag_refinement.mhca_blks.0.transformer_layers.3.norm1,30.0,0.9088416269195727,14832
TCFTransformer.mag_refinement.mhca_blks.0.transformer_layers.3.norm2,-10.0,0.2143853823408211,14832
TCFTransformer.mag_refinement.mhca_blks.0.transformer_layers.3.norm2,-9.0,0.2233389542644548,14832
TCFTransformer.mag_refinement.mhca_blks.0.transformer_layers.3.norm2,-8.0,0.23362517845967615,14832
TCFTransformer.mag_refinement.mhca_blks.0.transformer_layers.3.norm2,-7.0,0.24467312706887576,14832
TCFTransformer.mag_refinement.mhca_blks.0.transformer_layers.3.norm2,-6.0,0.2564543628183062,14832
TCFTransformer.mag_refinement.mhca_blks.0.transformer_layers.3.norm2,-5.0,0.2689642503816421,14832
TCFTransformer.mag_refinement.mhca_blks.0.transformer_layers.3.norm2,-4.0,0.28219597096737786,14832
TCFTransformer.mag_refinement.mhca_blks.0.transformer_layers.3.norm2,-3.0,0.2961597841638899,14832
TCFTransformer.mag_refinement.mhca_blks.0.transformer_layers.3.norm2,-2.0,0.31092121882114,14832
TCFTransformer.mag_refinement.mhca_blks.0.transformer_layers.3.norm2,-1.0,0.3264990748818502,14832
TCFTransformer.mag_refinement.mhca_blks.0.transformer_layers.3.norm2,0.0,0.34288399235170613,14832
TCFTransformer.mag_refinement.mhca_blks.0.transformer_layers.3.norm2,1.0,0.3600556658170997,14832
TCFTransformer.mag_refinement.mhca_blks.0.transformer_layers.3.norm2,2.0,0.3780015739416373,14832
TCFTransformer.mag_refinement.mhca_blks.0.transformer_layers.3.norm2,3.0,0.39670371399296217,14832
TCFTransformer.mag_refinement.mhca_blks.0.transformer_layers.3.norm2,4.0,0.4160729458534481,14832
TCFTransformer.mag_refinement.mhca_blks.0.transformer_layers.3.norm2,5.0,0.4360383369325949,14832
TCFTransformer.mag_refinement.mhca_blks.0.transformer_layers.3.norm2,6.0,0.4565683116547626,14832
TCFTransformer.mag_refinement.mhca_blks.0.transformer_layers.3.norm2,7.0,0.47762491664384055,14832
TCFTransformer.mag_refinement.mhca_blks.0.transformer_layers.3.norm2,8.0,0.4991420455685863,14832
TCFTransformer.mag_refinement.mhca_blks.0.transformer_layers.3.norm2,9.0,0.5210209030029088,14832
TCFTransformer.mag_refinement.mhca_blks.0.transformer_layers.3.norm2,10.0,0.543163555825959,14832
TCFTransformer.mag_refinement.mhca_blks.0.transformer_layers.3.norm2,11.0,0.5654473968941273,14832
TCFTransformer.mag_refinement.mhca_blks.0.transformer_layers.3.norm2,12.0,0.5877871292230333,14832
TCFTransformer.mag_refinement.mhca_blks.0.transformer_layers.3.norm2,13.0,0.6100574250844386,14832
TCFTransformer.mag_refinement.mhca_blks.0.transformer_layers.3.norm2,14.0,0.6321345500139662,14832
TCFTransformer.mag_refinement.mhca_blks.0.transformer_layers.3.norm2,15.0,0.6539163356466058,14832
TCFTransformer.mag_refinement.mhca_blks.0.transformer_layers.3.norm2,16.0,0.6752903291527602,14832
TCFTransformer.mag_refinement.mhca_blks.0.transformer_layers.3.norm2,17.0,0.6961391528781017,14832
TCFTransformer.mag_refinement.mhca_blks.0.transformer_layers.3.norm2,18.0,0.7163621152941028,14832
TCFTransformer.mag_refinement.mhca_blks.0.transformer_layers.3.norm2,19.0,0.7358981084858168,14832
TCFTransformer.mag_refinement.mhca_blks.0.transformer_layers.3.norm2,20.0,0.7546759657662245,14832
TCFTransformer.mag_refinement.mhca_blks.0.transformer_layers.3.norm2,21.0,0.7726569539629237,14832
TCFTransformer.mag_refinement.mhca_blks.0.transformer_layers.3.norm2,22.0,0.7898124257120693,14832
TCFTransformer.mag_refinement.mhca_blks.0.transformer_layers.3.norm2,23.0,0.8061358251497391,14832
TCFTransformer.mag_refinement.mhca_blks.0.transformer_layers.3.norm2,24.0,0.8216141389447797,14832
TCFTransformer.mag_refinement.mhca_blks.0.transformer_layers.3.norm2,25.0,0.8362555098262772,14832
TCFTransformer.mag_refinement.mhca_blks.0.transformer_layers.3.norm2,26.0,0.8500721515482844,14832
TCFTransformer.mag_refinement.mhca_blks.0.transformer_layers.3.norm2,27.0,0.8630954094870095,14832
TCFTransformer.mag_refinement.mhca_blks.0.transformer_layers.3.norm2,28.0,0.8753552672582826,14832
TCFTransformer.mag_refinement.mhca_blks.0.transformer_layers.3.norm2,29.0,0.8868557801781605,14832
TCFTransformer.mag_refinement.mhca_blks.0.transformer_layers.3.norm2,30.0,0.8976372872130641,14832
TCFTransformer.mag_refinement.mhca_blks.0.transformer_layers.3.ffn.project_out,-10.0,0.15363255215262717,14832
TCFTransformer.mag_refinement.mhca_blks.0.transformer_layers.3.ffn.project_out,-9.0,0.15796455463704462,14832
TCFTransformer.mag_refinement.mhca_blks.0.transformer_layers.3.ffn.project_out,-8.0,0.16410256081203978,14832
TCFTransformer.mag_refinement.mhca_blks.0.transformer_layers.3.ffn.project_out,-7.0,0.17049960893033297,14832
TCFTransformer.mag_refinement.mhca_blks.0.transformer_layers.3.ffn.project_out,-6.0,0.17708222905463747,14832
TCFTransformer.mag_refinement.mhca_blks.0.transformer_layers.3.ffn.project_out,-5.0,0.1838061240147056,14832
TCFTransformer.mag_refinement.mhca_blks.0.transformer_layers.3.ffn.project_out,-4.0,0.19064570988524407,14832
TCFTransformer.mag_refinement.mhca_blks.0.transformer_layers.3.ffn.project_out,-3.0,0.19758408970866118,14832
TCFTransformer.mag_refinement.mhca_blks.0.transformer_layers.3.ffn.project_out,-2.0,0.20465802035908323,14832
TCFTransformer.mag_refinement.mhca_blks.0.transformer_layers.3.ffn.project_out,-1.0,0.21184291461499724,14832
TCFTransformer.mag_refinement.mhca_blks.0.transformer_layers.3.ffn.project_out,0.0,0.21912542843066973,14832
TCFTransformer.mag_refinement.mhca_blks.0.transformer_layers.3.ffn.project_out,1.0,0.22655672291238485,14832
TCFTransformer.mag_refinement.mhca_blks.0.transformer_layers.3.ffn.project_out,2.0,0.23424597033008154,14832
TCFTransformer.mag_refinement.mhca_blks.0.transformer_layers.3.ffn.project_out,3.0,0.24234905321765865,14832
TCFTransformer.mag_refinement.mhca_blks.0.transformer_layers.3.ffn.project_out,4.0,0.25101075015578844,14832
TCFTransformer.mag_refinement.mhca_blks.0.transformer_layers.3.ffn.project_out,5.0,0.2603381376141108,14832
TCFTransformer.mag_refinement.mhca_blks.0.transformer_layers.3.ffn.project_out,6.0,0.2704078423615572,14832
TCFTransformer.mag_refinement.mhca_blks.0.transformer_layers.3.ffn.project_out,7.0,0.2812949393769403,14832
TCFTransformer.mag_refinement.mhca_blks.0.transformer_layers.3.ffn.project_out,8.0,0.29314058170399704,14832
TCFTransformer.mag_refinement.mhca_blks.0.transformer_layers.3.ffn.project_out,9.0,0.30599976573320276,14832
TCFTransformer.mag_refinement.mhca_blks.0.transformer_layers.3.ffn.project_out,10.0,0.31991137128208785,14832
TCFTransformer.mag_refinement.mhca_blks.0.transformer_layers.3.ffn.project_out,11.0,0.33494819263237435,14832
TCFTransformer.mag_refinement.mhca_blks.0.transformer_layers.3.ffn.project_out,12.0,0.35114581960074087,14832
TCFTransformer.mag_refinement.mhca_blks.0.transformer_layers.3.ffn.project_out,13.0,0.36859407755390555,14832
TCFTransformer.mag_refinement.mhca_blks.0.transformer_layers.3.ffn.project_out,14.0,0.38736648875175145,14832
TCFTransformer.mag_refinement.mhca_blks.0.transformer_layers.3.ffn.project_out,15.0,0.4074993661324521,14832
TCFTransformer.mag_refinement.mhca_blks.0.transformer_layers.3.ffn.project_out,16.0,0.42905392651968594,14832
TCFTransformer.mag_refinement.mhca_blks.0.transformer_layers.3.ffn.project_out,17.0,0.45198746957136027,14832
TCFTransformer.mag_refinement.mhca_blks.0.transformer_layers.3.ffn.project_out,18.0,0.47621558676473796,14832
TCFTransformer.mag_refinement.mhca_blks.0.transformer_layers.3.ffn.project_out,19.0,0.5015556058090909,14832
TCFTransformer.mag_refinement.mhca_blks.0.transformer_layers.3.ffn.project_out,20.0,0.5277662653897455,14832
TCFTransformer.mag_refinement.mhca_blks.0.transformer_layers.3.ffn.project_out,21.0,0.5546086567100901,14832
TCFTransformer.mag_refinement.mhca_blks.0.transformer_layers.3.ffn.project_out,22.0,0.5818171693919328,14832
TCFTransformer.mag_refinement.mhca_blks.0.transformer_layers.3.ffn.project_out,23.0,0.6091278144904384,14832
TCFTransformer.mag_refinement.mhca_blks.0.transformer_layers.3.ffn.project_out,24.0,0.6362703565491552,14832
TCFTransformer.mag_refinement.mhca_blks.0.transformer_layers.3.ffn.project_out,25.0,0.6630569492271341,14832
TCFTransformer.mag_refinement.mhca_blks.0.transformer_layers.3.ffn.project_out,26.0,0.6892200414573084,14832
TCFTransformer.mag_refinement.mhca_blks.0.transformer_layers.3.ffn.project_out,27.0,0.7146202085985267,14832
TCFTransformer.mag_refinement.mhca_blks.0.transformer_layers.3.ffn.project_out,28.0,0.7391468546983204,14832
TCFTransformer.mag_refinement.mhca_blks.0.transformer_layers.3.ffn.project_out,29.0,0.7626603206151447,14832
TCFTransformer.mag_refinement.mhca_blks.0.transformer_layers.3.ffn.project_out,30.0,0.7850710215733187,14832
