model,layer,depth,snr,cka,n_utts,n_noises
muse,TCFTransformer.encoder_level1.mhca_blks.0.transformer_layers.0.norm1,0,-10,0.99491024,824,17
muse,TCFTransformer.encoder_level1.mhca_blks.0.transformer_layers.0.norm1,0,-9,0.9950125,824,17
muse,TCFTransformer.encoder_level1.mhca_blks.0.transformer_layers.0.norm1,0,-8,0.9951492,824,17
muse,TCFTransformer.encoder_level1.mhca_blks.0.transformer_layers.0.norm1,0,-7,0.995295,824,17
muse,TCFTransformer.encoder_level1.mhca_blks.0.transformer_layers.0.norm1,0,-6,0.99544924,824,17
muse,TCFTransformer.encoder_level1.mhca_blks.0.transformer_layers.0.norm1,0,-5,0.9956116,824,17
muse,TCFTransformer.encoder_level1.mhca_blks.0.transformer_layers.0.norm1,0,-4,0.9957812,824,17
muse,TCFTransformer.encoder_level1.mhca_blks.0.transformer_layers.0.norm1,0,-3,0.99595684,824,17
muse,TCFTransformer.encoder_level1.mhca_blks.0.transformer_layers.0.norm1,0,-2,0.9961375,824,17
muse,TCFTransformer.encoder_level1.mhca_blks.0.transformer_layers.0.norm1,0,-1,0.99632174,824,17
muse,TCFTransformer.encoder_level1.mhca_blks.0.transformer_layers.0.norm1,0,0,0.9965081,824,17
muse,TCFTransformer.encoder_level1.mhca_blks.0.transformer_layers.0.norm1,0,1,0.99669504,824,17
muse,TCFTransformer.encoder_level1.mhca_blks.0.transformer_layers.0.norm1,0,2,0.9968812,824,17
muse,TCFTransformer.encoder_level1.mhca_blks.0.transformer_layers.0.norm1,0,3,0.997065,824,17
muse,TCFTransformer.encoder_level1.mhca_blks.0.transformer_layers.0.norm1,0,4,0.9972452,824,17
muse,TCFTransformer.encoder_level1.mhca_blks.0.transformer_layers.0.norm1,0,5,0.99742067,824,17
muse,TCFTransformer.encoder_level1.mhca_blks.0.transformer_layers.0.norm1,0,6,0.9975903,824,17
muse,TCFTransformer.encoder_level1.mhca_blks.0.transformer_layers.0.norm1,0,7,0.9977534,824,17
muse,TCFTransformer.encoder_level1.mhca_blks.0.transformer_layers.0.norm1,0,8,0.9979094,824,17
muse,TCFTransformer.encoder_level1.mhca_blks.0.transformer_layers.0.norm1,0,9,0.99805784,824,17
muse,TCFTransformer.encoder_level1.mhca_blks.0.transformer_layers.0.norm1,0,10,0.99819857,824,17
muse,TCFTransformer.encoder_level1.mhca_blks.0.transformer_layers.0.norm1,0,11,0.9983315,824,17
muse,TCFTransformer.encoder_level1.mhca_blks.0.transformer_layers.0.norm1,0,12,0.99845654,824,17
muse,TCFTransformer.encoder_level1.mhca_blks.0.transformer_layers.0.norm1,0,13,0.998574,824,17
muse,TCFTransformer.encoder_level1.mhca_blks.0.transformer_layers.0.norm1,0,14,0.9986841,824,17
muse,TCFTransformer.encoder_level1.mhca_blks.0.transformer_layers.0.norm1,0,15,0.99878705,824,17
muse,TCFTransformer.encoder_level1.mhca_blks.0.transformer_layers.0.norm1,0,16,0.99888325,824,17
muse,TCFTransformer.encoder_level1.mhca_blks.0.transformer_layers.0.norm1,0,17,0.99897283,824,17
muse,TCFTransformer.encoder_level1.mhca_blks.0.transformer_layers.0.norm1,0,18,0.9990564,824,17
muse,TCFTransformer.encoder_level1.mhca_blks.0.transformer_layers.0.norm1,0,19,0.9991341,824,17
muse,TCFTransformer.encoder_level1.mhca_blks.0.transformer_layers.0.norm1,0,20,0.9992064,824,17
muse,TCFTransformer.encoder_level1.mhca_blks.0.transformer_layers.0.norm1,0,21,0.9992736,824,17
muse,TCFTransformer.encoder_level1.mhca_blks.0.transformer_layers.0.norm1,0,22,0.9993361,824,17
muse,TCFTransformer.encoder_level1.mhca_blks.0.transformer_layers.0.norm1,0,23,0.9993941,824,17
muse,TCFTransformer.encoder_level1.mhca_blks.0.transformer_layers.0.norm1,0,24,0.99944794,824,17
muse,TCFTransformer.encoder_level1.mhca_blks.0.transformer_layers.0.norm1,0,25,0.9994979,824,17
muse,TCFTransformer.encoder_level1.mhca_blks.0.transformer_layers.0.norm1,0,26,0.99954426,824,17
muse,TCFTransformer.encoder_level1.mhca_blks.0.transformer_layers.0.norm1,0,27,0.9995872,824,17
muse,TCFTransformer.encoder_level1.mhca_blks.0.transformer_layers.0.norm1,0,28,0.999627,824,17
muse,TCFTransformer.encoder_level1.mhca_blks.0.transformer_layers.0.norm1,0,29,0.9996638,824,17
muse,TCFTransformer.encoder_level1.mhca_blks.0.transformer_layers.0.norm1,0,30,0.9996978,824,17
muse,TCFTransformer.encoder_level1.mhca_blks.0.transformer_layers.1.norm1,1,-10,0.8646052,824,17
muse,TCFTransformer.encoder_level1.mhca_blks.0.transformer_layers.1.norm1,1,-9,0.869061,824,17
muse,TCFTransformer.encoder_level1.mhca_blks.0.transformer_layers.1.norm1,1,-8,0.87206125,824,17
muse,TCFTransformer.encoder_level1.mhca_blks.0.transformer_layers.1.norm1,1,-7,0.87528956,824,17
muse,TCFTransformer.encoder_level1.mhca_blks.0.transformer_layers.1.norm1,1,-6,0.8787469,824,17
muse,TCFTransformer.encoder_level1.mhca_blks.0.transformer_layers.1.norm1,1,-5,0.88242847,824,17
muse,TCFTransformer.encoder_level1.mhca_blks.0.transformer_layers.1.norm1,1,-4,0.88632596,824,17
muse,TCFTransformer.encoder_level1.mhca_blks.0.transformer_layers.1.norm1,1,-3,0.8904291,824,17
muse,TCFTransformer.encoder_level1.mhca_blks.0.transformer_layers.1.norm1,1,-2,0.8947213,824,17
muse,TCFTransformer.encoder_level1.mhca_blks.0.transformer_layers.1.norm1,1,-1,0.89918464,824,17
muse,TCFTransformer.encoder_level1.mhca_blks.0.transformer_layers.1.norm1,1,0,0.90379447,824,17
muse,TCFTransformer.encoder_level1.mhca_blks.0.transformer_layers.1.norm1,1,1,0.90852547,824,17
muse,TCFTransformer.encoder_level1.mhca_blks.0.transformer_layers.1.norm1,1,2,0.91334736,824,17
muse,TCFTransformer.encoder_level1.mhca_blks.0.transformer_layers.1.norm1,1,3,0.9182299,824,17
muse,TCFTransformer.encoder_level1.mhca_blks.0.transformer_layers.1.norm1,1,4,0.9231405,824,17
muse,TCFTransformer.encoder_level1.mhca_blks.0.transformer_layers.1.norm1,1,5,0.92804444,824,17
muse,TCFTransformer.encoder_level1.mhca_blks.0.transformer_layers.1.norm1,1,6,0.93290657,824,17
muse,TCFTransformer.encoder_level1.mhca_blks.0.transformer_layers.1.norm1,1,7,0.93769324,824,17
muse,TCFTransformer.encoder_level1.mhca_blks.0.transformer_layers.1.norm1,1,8,0.94237274,824,17
muse,TCFTransformer.encoder_level1.mhca_blks.0.transformer_layers.1.norm1,1,9,0.946916,824,17
muse,TCFTransformer.encoder_level1.mhca_blks.0.transformer_layers.1.norm1,1,10,0.95129794,824,17
muse,TCFTransformer.encoder_level1.mhca_blks.0.transformer_layers.1.norm1,1,11,0.9554938,824,17
muse,TCFTransformer.encoder_level1.mhca_blks.0.transformer_layers.1.norm1,1,12,0.9594855,824,17
muse,TCFTransformer.encoder_level1.mhca_blks.0.transformer_layers.1.norm1,1,13,0.96325785,824,17
muse,TCFTransformer.encoder_level1.mhca_blks.0.transformer_layers.1.norm1,1,14,0.9668006,824,17
muse,TCFTransformer.encoder_level1.mhca_blks.0.transformer_layers.1.norm1,1,15,0.9701079,824,17
muse,TCFTransformer.encoder_level1.mhca_blks.0.transformer_layers.1.norm1,1,16,0.973179,824,17
muse,TCFTransformer.encoder_level1.mhca_blks.0.transformer_layers.1.norm1,1,17,0.97601384,824,17
muse,TCFTransformer.encoder_level1.mhca_blks.0.transformer_layers.1.norm1,1,18,0.9786175,824,17
muse,TCFTransformer.encoder_level1.mhca_blks.0.transformer_layers.1.norm1,1,19,0.98099697,824,17
muse,TCFTransformer.encoder_level1.mhca_blks.0.transformer_layers.1.norm1,1,20,0.9831616,824,17
muse,TCFTransformer.encoder_level1.mhca_blks.0.transformer_layers.1.norm1,1,21,0.9851221,824,17
muse,TCFTransformer.encoder_level1.mhca_blks.0.transformer_layers.1.norm1,1,22,0.9868904,824,17
muse,TCFTransformer.encoder_level1.mhca_blks.0.transformer_layers.1.norm1,1,23,0.98847973,824,17
muse,TCFTransformer.encoder_level1.mhca_blks.0.transformer_layers.1.norm1,1,24,0.9899033,824,17
muse,TCFTransformer.encoder_level1.mhca_blks.0.transformer_layers.1.norm1,1,25,0.9911739,824,17
muse,TCFTransformer.encoder_level1.mhca_blks.0.transformer_layers.1.norm1,1,26,0.99230444,824,17
muse,TCFTransformer.encoder_level1.mhca_blks.0.transformer_layers.1.norm1,1,27,0.99330777,824,17
muse,TCFTransformer.encoder_level1.mhca_blks.0.transformer_layers.1.norm1,1,28,0.99419606,824,17
muse,TCFTransformer.encoder_level1.mhca_blks.0.transformer_layers.1.norm1,1,29,0.9949803,824,17
muse,TCFTransformer.encoder_level1.mhca_blks.0.transformer_layers.1.norm1,1,30,0.995671,824,17
muse,TCFTransformer.encoder_level1.mhca_blks.0.transformer_layers.2.norm1,2,-10,0.6050074,824,17
muse,TCFTransformer.encoder_level1.mhca_blks.0.transformer_layers.2.norm1,2,-9,0.6121397,824,17
muse,TCFTransformer.encoder_level1.mhca_blks.0.transformer_layers.2.norm1,2,-8,0.61814946,824,17
muse,TCFTransformer.encoder_level1.mhca_blks.0.transformer_layers.2.norm1,2,-7,0.62469083,824,17
muse,TCFTransformer.encoder_level1.mhca_blks.0.transformer_layers.2.norm1,2,-6,0.63178134,824,17
muse,TCFTransformer.encoder_level1.mhca_blks.0.transformer_layers.2.norm1,2,-5,0.6394277,824,17
muse,TCFTransformer.encoder_level1.mhca_blks.0.transformer_layers.2.norm1,2,-4,0.6476363,824,17
muse,TCFTransformer.encoder_level1.mhca_blks.0.transformer_layers.2.norm1,2,-3,0.65640604,824,17
muse,TCFTransformer.encoder_level1.mhca_blks.0.transformer_layers.2.norm1,2,-2,0.665725,824,17
muse,TCFTransformer.encoder_level1.mhca_blks.0.transformer_layers.2.norm1,2,-1,0.6755805,824,17
muse,TCFTransformer.encoder_level1.mhca_blks.0.transformer_layers.2.norm1,2,0,0.68594563,824,17
muse,TCFTransformer.encoder_level1.mhca_blks.0.transformer_layers.2.norm1,2,1,0.6967912,824,17
muse,TCFTransformer.encoder_level1.mhca_blks.0.transformer_layers.2.norm1,2,2,0.70808023,824,17
muse,TCFTransformer.encoder_level1.mhca_blks.0.transformer_layers.2.norm1,2,3,0.7197736,824,17
muse,TCFTransformer.encoder_level1.mhca_blks.0.transformer_layers.2.norm1,2,4,0.73182094,824,17
muse,TCFTransformer.encoder_level1.mhca_blks.0.transformer_layers.2.norm1,2,5,0.7441669,824,17
muse,TCFTransformer.encoder_level1.mhca_blks.0.transformer_layers.2.norm1,2,6,0.75674915,824,17
muse,TCFTransformer.encoder_level1.mhca_blks.0.transformer_layers.2.norm1,2,7,0.76950115,824,17
muse,TCFTransformer.encoder_level1.mhca_blks.0.transformer_layers.2.norm1,2,8,0.78235453,824,17
muse,TCFTransformer.encoder_level1.mhca_blks.0.transformer_layers.2.norm1,2,9,0.7952398,824,17
muse,TCFTransformer.encoder_level1.mhca_blks.0.transformer_layers.2.norm1,2,10,0.80808073,824,17
muse,TCFTransformer.encoder_level1.mhca_blks.0.transformer_layers.2.norm1,2,11,0.8208027,824,17
muse,TCFTransformer.encoder_level1.mhca_blks.0.transformer_layers.2.norm1,2,12,0.8333335,824,17
muse,TCFTransformer.encoder_level1.mhca_blks.0.transformer_layers.2.norm1,2,13,0.84560114,824,17
muse,TCFTransformer.encoder_level1.mhca_blks.0.transformer_layers.2.norm1,2,14,0.8575382,824,17
muse,TCFTransformer.encoder_level1.mhca_blks.0.transformer_layers.2.norm1,2,15,0.8690808,824,17
muse,TCFTransformer.encoder_level1.mhca_blks.0.transformer_layers.2.norm1,2,16,0.8801805,824,17
muse,TCFTransformer.encoder_level1.mhca_blks.0.transformer_layers.2.norm1,2,17,0.89078724,824,17
muse,TCFTransformer.encoder_level1.mhca_blks.0.transformer_layers.2.norm1,2,18,0.90086216,824,17
muse,TCFTransformer.encoder_level1.mhca_blks.0.transformer_layers.2.norm1,2,19,0.91037446,824,17
muse,TCFTransformer.encoder_level1.mhca_blks.0.transformer_layers.2.norm1,2,20,0.9193021,824,17
muse,TCFTransformer.encoder_level1.mhca_blks.0.transformer_layers.2.norm1,2,21,0.9276312,824,17
muse,TCFTransformer.encoder_level1.mhca_blks.0.transformer_layers.2.norm1,2,22,0.9353583,824,17
muse,TCFTransformer.encoder_level1.mhca_blks.0.transformer_layers.2.norm1,2,23,0.9424884,824,17
muse,TCFTransformer.encoder_level1.mhca_blks.0.transformer_layers.2.norm1,2,24,0.94902986,824,17
muse,TCFTransformer.encoder_level1.mhca_blks.0.transformer_layers.2.norm1,2,25,0.9550006,824,17
muse,TCFTransformer.encoder_level1.mhca_blks.0.transformer_layers.2.norm1,2,26,0.9604242,824,17
muse,TCFTransformer.encoder_level1.mhca_blks.0.transformer_layers.2.norm1,2,27,0.9653278,824,17
muse,TCFTransformer.encoder_level1.mhca_blks.0.transformer_layers.2.norm1,2,28,0.96974266,824,17
muse,TCFTransformer.encoder_level1.mhca_blks.0.transformer_layers.2.norm1,2,29,0.9736999,824,17
muse,TCFTransformer.encoder_level1.mhca_blks.0.transformer_layers.2.norm1,2,30,0.97723186,824,17
muse,TCFTransformer.encoder_level1.mhca_blks.0.transformer_layers.3.norm1,3,-10,0.5491065,824,17
muse,TCFTransformer.encoder_level1.mhca_blks.0.transformer_layers.3.norm1,3,-9,0.5560111,824,17
muse,TCFTransformer.encoder_level1.mhca_blks.0.transformer_layers.3.norm1,3,-8,0.5623936,824,17
muse,TCFTransformer.encoder_level1.mhca_blks.0.transformer_layers.3.norm1,3,-7,0.56932616,824,17
muse,TCFTransformer.encoder_level1.mhca_blks.0.transformer_layers.3.norm1,3,-6,0.5768263,824,17
muse,TCFTransformer.encoder_level1.mhca_blks.0.transformer_layers.3.norm1,3,-5,0.5849003,824,17
muse,TCFTransformer.encoder_level1.mhca_blks.0.transformer_layers.3.norm1,3,-4,0.5935567,824,17
muse,TCFTransformer.encoder_level1.mhca_blks.0.transformer_layers.3.norm1,3,-3,0.6027991,824,17
muse,TCFTransformer.encoder_level1.mhca_blks.0.transformer_layers.3.norm1,3,-2,0.6126211,824,17
muse,TCFTransformer.encoder_level1.mhca_blks.0.transformer_layers.3.norm1,3,-1,0.6230182,824,17
muse,TCFTransformer.encoder_level1.mhca_blks.0.transformer_layers.3.norm1,3,0,0.6339729,824,17
muse,TCFTransformer.encoder_level1.mhca_blks.0.transformer_layers.3.norm1,3,1,0.64546597,824,17
muse,TCFTransformer.encoder_level1.mhca_blks.0.transformer_layers.3.norm1,3,2,0.6574719,824,17
muse,TCFTransformer.encoder_level1.mhca_blks.0.transformer_layers.3.norm1,3,3,0.6699615,824,17
muse,TCFTransformer.encoder_level1.mhca_blks.0.transformer_layers.3.norm1,3,4,0.68289644,824,17
muse,TCFTransformer.encoder_level1.mhca_blks.0.transformer_layers.3.norm1,3,5,0.69622904,824,17
muse,TCFTransformer.encoder_level1.mhca_blks.0.transformer_layers.3.norm1,3,6,0.7099026,824,17
muse,TCFTransformer.encoder_level1.mhca_blks.0.transformer_layers.3.norm1,3,7,0.72385293,824,17
muse,TCFTransformer.encoder_level1.mhca_blks.0.transformer_layers.3.norm1,3,8,0.7380126,824,17
muse,TCFTransformer.encoder_level1.mhca_blks.0.transformer_layers.3.norm1,3,9,0.75230837,824,17
muse,TCFTransformer.encoder_level1.mhca_blks.0.transformer_layers.3.norm1,3,10,0.76665854,824,17
muse,TCFTransformer.encoder_level1.mhca_blks.0.transformer_layers.3.norm1,3,11,0.7809796,824,17
muse,TCFTransformer.encoder_level1.mhca_blks.0.transformer_layers.3.norm1,3,12,0.79518926,824,17
muse,TCFTransformer.encoder_level1.mhca_blks.0.transformer_layers.3.norm1,3,13,0.8092029,824,17
muse,TCFTransformer.encoder_level1.mhca_blks.0.transformer_layers.3.norm1,3,14,0.82294196,824,17
muse,TCFTransformer.encoder_level1.mhca_blks.0.transformer_layers.3.norm1,3,15,0.8363299,824,17
muse,TCFTransformer.encoder_level1.mhca_blks.0.transformer_layers.3.norm1,3,16,0.84930354,824,17
muse,TCFTransformer.encoder_level1.mhca_blks.0.transformer_layers.3.norm1,3,17,0.86179805,824,17
muse,TCFTransformer.encoder_level1.mhca_blks.0.transformer_layers.3.norm1,3,18,0.8737607,824,17
muse,TCFTransformer.encoder_level1.mhca_blks.0.transformer_layers.3.norm1,3,19,0.88514555,824,17
muse,TCFTransformer.encoder_level1.mhca_blks.0.transformer_layers.3.norm1,3,20,0.89591867,824,17
muse,TCFTransformer.encoder_level1.mhca_blks.0.transformer_layers.3.norm1,3,21,0.90605164,824,17
muse,TCFTransformer.encoder_level1.mhca_blks.0.transformer_layers.3.norm1,3,22,0.91553044,824,17
muse,TCFTransformer.encoder_level1.mhca_blks.0.transformer_layers.3.norm1,3,23,0.92434996,824,17
muse,TCFTransformer.encoder_level1.mhca_blks.0.transformer_layers.3.norm1,3,24,0.93250936,824,17
muse,TCFTransformer.encoder_level1.mhca_blks.0.transformer_layers.3.norm1,3,25,0.94001883,824,17
muse,TCFTransformer.encoder_level1.mhca_blks.0.transformer_layers.3.norm1,3,26,0.9468964,824,17
muse,TCFTransformer.encoder_level1.mhca_blks.0.transformer_layers.3.norm1,3,27,0.9531659,824,17
muse,TCFTransformer.encoder_level1.mhca_blks.0.transformer_layers.3.norm1,3,28,0.958857,824,17
muse,TCFTransformer.encoder_level1.mhca_blks.0.transformer_layers.3.norm1,3,29,0.96399903,824,17
muse,TCFTransformer.encoder_level1.mhca_blks.0.transformer_layers.3.norm1,3,30,0.9686252,824,17
muse,TCFTransformer.encoder_level2.mhca_blks.0.transformer_layers.0.norm1,4,-10,0.6836394,824,17
muse,TCFTransformer.encoder_level2.mhca_blks.0.transformer_layers.0.norm1,4,-9,0.68959033,824,17
muse,TCFTransformer.encoder_level2.mhca_blks.0.transformer_layers.0.norm1,4,-8,0.6971464,824,17
muse,TCFTransformer.encoder_level2.mhca_blks.0.transformer_layers.0.norm1,4,-7,0.7050637,824,17
muse,TCFTransformer.encoder_level2.mhca_blks.0.transformer_layers.0.norm1,4,-6,0.7133198,824,17
muse,TCFTransformer.encoder_level2.mhca_blks.0.transformer_layers.0.norm1,4,-5,0.72189504,824,17
muse,TCFTransformer.encoder_level2.mhca_blks.0.transformer_layers.0.norm1,4,-4,0.7307706,824,17
muse,TCFTransformer.encoder_level2.mhca_blks.0.transformer_layers.0.norm1,4,-3,0.7399198,824,17
muse,TCFTransformer.encoder_level2.mhca_blks.0.transformer_layers.0.norm1,4,-2,0.7493183,824,17
muse,TCFTransformer.encoder_level2.mhca_blks.0.transformer_layers.0.norm1,4,-1,0.7589404,824,17
muse,TCFTransformer.encoder_level2.mhca_blks.0.transformer_layers.0.norm1,4,0,0.7687608,824,17
muse,TCFTransformer.encoder_level2.mhca_blks.0.transformer_layers.0.norm1,4,1,0.7787493,824,17
muse,TCFTransformer.encoder_level2.mhca_blks.0.transformer_layers.0.norm1,4,2,0.7888808,824,17
muse,TCFTransformer.encoder_level2.mhca_blks.0.transformer_layers.0.norm1,4,3,0.7991272,824,17
muse,TCFTransformer.encoder_level2.mhca_blks.0.transformer_layers.0.norm1,4,4,0.8094504,824,17
muse,TCFTransformer.encoder_level2.mhca_blks.0.transformer_layers.0.norm1,4,5,0.81981355,824,17
muse,TCFTransformer.encoder_level2.mhca_blks.0.transformer_layers.0.norm1,4,6,0.830178,824,17
muse,TCFTransformer.encoder_level2.mhca_blks.0.transformer_layers.0.norm1,4,7,0.8404952,824,17
muse,TCFTransformer.encoder_level2.mhca_blks.0.transformer_layers.0.norm1,4,8,0.85072136,824,17
muse,TCFTransformer.encoder_level2.mhca_blks.0.transformer_layers.0.norm1,4,9,0.86081207,824,17
muse,TCFTransformer.encoder_level2.mhca_blks.0.transformer_layers.0.norm1,4,10,0.8707156,824,17
muse,TCFTransformer.encoder_level2.mhca_blks.0.transformer_layers.0.norm1,4,11,0.8803826,824,17
muse,TCFTransformer.encoder_level2.mhca_blks.0.transformer_layers.0.norm1,4,12,0.8897668,824,17
muse,TCFTransformer.encoder_level2.mhca_blks.0.transformer_layers.0.norm1,4,13,0.89881784,824,17
muse,TCFTransformer.encoder_level2.mhca_blks.0.transformer_layers.0.norm1,4,14,0.90749645,824,17
muse,TCFTransformer.encoder_level2.mhca_blks.0.transformer_layers.0.norm1,4,15,0.9157638,824,17
muse,TCFTransformer.encoder_level2.mhca_blks.0.transformer_layers.0.norm1,4,16,0.92359555,824,17
muse,TCFTransformer.encoder_level2.mhca_blks.0.transformer_layers.0.norm1,4,17,0.93096805,824,17
muse,TCFTransformer.encoder_level2.mhca_blks.0.transformer_layers.0.norm1,4,18,0.93786794,824,17
muse,TCFTransformer.encoder_level2.mhca_blks.0.transformer_layers.0.norm1,4,19,0.9442856,824,17
muse,TCFTransformer.encoder_level2.mhca_blks.0.transformer_layers.0.norm1,4,20,0.9502227,824,17
muse,TCFTransformer.encoder_level2.mhca_blks.0.transformer_layers.0.norm1,4,21,0.9556839,824,17
muse,TCFTransformer.encoder_level2.mhca_blks.0.transformer_layers.0.norm1,4,22,0.96068317,824,17
muse,TCFTransformer.encoder_level2.mhca_blks.0.transformer_layers.0.norm1,4,23,0.9652357,824,17
muse,TCFTransformer.encoder_level2.mhca_blks.0.transformer_layers.0.norm1,4,24,0.9693616,824,17
muse,TCFTransformer.encoder_level2.mhca_blks.0.transformer_layers.0.norm1,4,25,0.9730836,824,17
muse,TCFTransformer.encoder_level2.mhca_blks.0.transformer_layers.0.norm1,4,26,0.9764276,824,17
muse,TCFTransformer.encoder_level2.mhca_blks.0.transformer_layers.0.norm1,4,27,0.97942096,824,17
muse,TCFTransformer.encoder_level2.mhca_blks.0.transformer_layers.0.norm1,4,28,0.9820914,824,17
muse,TCFTransformer.encoder_level2.mhca_blks.0.transformer_layers.0.norm1,4,29,0.98446476,824,17
muse,TCFTransformer.encoder_level2.mhca_blks.0.transformer_layers.0.norm1,4,30,0.98656774,824,17
muse,TCFTransformer.encoder_level2.mhca_blks.0.transformer_layers.1.norm1,5,-10,0.39556414,824,17
muse,TCFTransformer.encoder_level2.mhca_blks.0.transformer_layers.1.norm1,5,-9,0.40517017,824,17
muse,TCFTransformer.encoder_level2.mhca_blks.0.transformer_layers.1.norm1,5,-8,0.41455257,824,17
muse,TCFTransformer.encoder_level2.mhca_blks.0.transformer_layers.1.norm1,5,-7,0.42451787,824,17
muse,TCFTransformer.encoder_level2.mhca_blks.0.transformer_layers.1.norm1,5,-6,0.4350682,824,17
muse,TCFTransformer.encoder_level2.mhca_blks.0.transformer_layers.1.norm1,5,-5,0.44621038,824,17
muse,TCFTransformer.encoder_level2.mhca_blks.0.transformer_layers.1.norm1,5,-4,0.45794636,824,17
muse,TCFTransformer.encoder_level2.mhca_blks.0.transformer_layers.1.norm1,5,-3,0.47027194,824,17
muse,TCFTransformer.encoder_level2.mhca_blks.0.transformer_layers.1.norm1,5,-2,0.4831777,824,17
muse,TCFTransformer.encoder_level2.mhca_blks.0.transformer_layers.1.norm1,5,-1,0.49665207,824,17
muse,TCFTransformer.encoder_level2.mhca_blks.0.transformer_layers.1.norm1,5,0,0.51067305,824,17
muse,TCFTransformer.encoder_level2.mhca_blks.0.transformer_layers.1.norm1,5,1,0.5252202,824,17
muse,TCFTransformer.encoder_level2.mhca_blks.0.transformer_layers.1.norm1,5,2,0.5402691,824,17
muse,TCFTransformer.encoder_level2.mhca_blks.0.transformer_layers.1.norm1,5,3,0.5557903,824,17
muse,TCFTransformer.encoder_level2.mhca_blks.0.transformer_layers.1.norm1,5,4,0.57174313,824,17
muse,TCFTransformer.encoder_level2.mhca_blks.0.transformer_layers.1.norm1,5,5,0.5880839,824,17
muse,TCFTransformer.encoder_level2.mhca_blks.0.transformer_layers.1.norm1,5,6,0.6047634,824,17
muse,TCFTransformer.encoder_level2.mhca_blks.0.transformer_layers.1.norm1,5,7,0.62171566,824,17
muse,TCFTransformer.encoder_level2.mhca_blks.0.transformer_layers.1.norm1,5,8,0.63888586,824,17
muse,TCFTransformer.encoder_level2.mhca_blks.0.transformer_layers.1.norm1,5,9,0.6562166,824,17
muse,TCFTransformer.encoder_level2.mhca_blks.0.transformer_layers.1.norm1,5,10,0.6736318,824,17
muse,TCFTransformer.encoder_level2.mhca_blks.0.transformer_layers.1.norm1,5,11,0.69105685,824,17
muse,TCFTransformer.encoder_level2.mhca_blks.0.transformer_layers.1.norm1,5,12,0.70841724,824,17
muse,TCFTransformer.encoder_level2.mhca_blks.0.transformer_layers.1.norm1,5,13,0.72562826,824,17
muse,TCFTransformer.encoder_level2.mhca_blks.0.transformer_layers.1.norm1,5,14,0.7426041,824,17
muse,TCFTransformer.encoder_level2.mhca_blks.0.transformer_layers.1.norm1,5,15,0.7592596,824,17
muse,TCFTransformer.encoder_level2.mhca_blks.0.transformer_layers.1.norm1,5,16,0.77551913,824,17
muse,TCFTransformer.encoder_level2.mhca_blks.0.transformer_layers.1.norm1,5,17,0.79130167,824,17
muse,TCFTransformer.encoder_level2.mhca_blks.0.transformer_layers.1.norm1,5,18,0.80653995,824,17
muse,TCFTransformer.encoder_level2.mhca_blks.0.transformer_layers.1.norm1,5,19,0.8211683,824,17
muse,TCFTransformer.encoder_level2.mhca_blks.0.transformer_layers.1.norm1,5,20,0.835142,824,17
muse,TCFTransformer.encoder_level2.mhca_blks.0.transformer_layers.1.norm1,5,21,0.8484214,824,17
muse,TCFTransformer.encoder_level2.mhca_blks.0.transformer_layers.1.norm1,5,22,0.8609842,824,17
muse,TCFTransformer.encoder_level2.mhca_blks.0.transformer_layers.1.norm1,5,23,0.87281567,824,17
muse,TCFTransformer.encoder_level2.mhca_blks.0.transformer_layers.1.norm1,5,24,0.8839095,824,17
muse,TCFTransformer.encoder_level2.mhca_blks.0.transformer_layers.1.norm1,5,25,0.8942744,824,17
muse,TCFTransformer.encoder_level2.mhca_blks.0.transformer_layers.1.norm1,5,26,0.90392405,824,17
muse,TCFTransformer.encoder_level2.mhca_blks.0.transformer_layers.1.norm1,5,27,0.9128842,824,17
muse,TCFTransformer.encoder_level2.mhca_blks.0.transformer_layers.1.norm1,5,28,0.921181,824,17
muse,TCFTransformer.encoder_level2.mhca_blks.0.transformer_layers.1.norm1,5,29,0.92884004,824,17
muse,TCFTransformer.encoder_level2.mhca_blks.0.transformer_layers.1.norm1,5,30,0.9358999,824,17
muse,TCFTransformer.encoder_level2.mhca_blks.0.transformer_layers.2.norm1,6,-10,0.34588528,824,17
muse,TCFTransformer.encoder_level2.mhca_blks.0.transformer_layers.2.norm1,6,-9,0.3556977,824,17
muse,TCFTransformer.encoder_level2.mhca_blks.0.transformer_layers.2.norm1,6,-8,0.365546,824,17
muse,TCFTransformer.encoder_level2.mhca_blks.0.transformer_layers.2.norm1,6,-7,0.37603256,824,17
muse,TCFTransformer.encoder_level2.mhca_blks.0.transformer_layers.2.norm1,6,-6,0.38717866,824,17
muse,TCFTransformer.encoder_level2.mhca_blks.0.transformer_layers.2.norm1,6,-5,0.39900842,824,17
muse,TCFTransformer.encoder_level2.mhca_blks.0.transformer_layers.2.norm1,6,-4,0.4115365,824,17
muse,TCFTransformer.encoder_level2.mhca_blks.0.transformer_layers.2.norm1,6,-3,0.42477277,824,17
muse,TCFTransformer.encoder_level2.mhca_blks.0.transformer_layers.2.norm1,6,-2,0.43871734,824,17
muse,TCFTransformer.encoder_level2.mhca_blks.0.transformer_layers.2.norm1,6,-1,0.45336714,824,17
muse,TCFTransformer.encoder_level2.mhca_blks.0.transformer_layers.2.norm1,6,0,0.46870404,824,17
muse,TCFTransformer.encoder_level2.mhca_blks.0.transformer_layers.2.norm1,6,1,0.4847054,824,17
muse,TCFTransformer.encoder_level2.mhca_blks.0.transformer_layers.2.norm1,6,2,0.5013429,824,17
muse,TCFTransformer.encoder_level2.mhca_blks.0.transformer_layers.2.norm1,6,3,0.51857716,824,17
muse,TCFTransformer.encoder_level2.mhca_blks.0.transformer_layers.2.norm1,6,4,0.5363494,824,17
muse,TCFTransformer.encoder_level2.mhca_blks.0.transformer_layers.2.norm1,6,5,0.55459875,824,17
muse,TCFTransformer.encoder_level2.mhca_blks.0.transformer_layers.2.norm1,6,6,0.57325345,824,17
muse,TCFTransformer.encoder_level2.mhca_blks.0.transformer_layers.2.norm1,6,7,0.59222364,824,17
muse,TCFTransformer.encoder_level2.mhca_blks.0.transformer_layers.2.norm1,6,8,0.6114255,824,17
muse,TCFTransformer.encoder_level2.mhca_blks.0.transformer_layers.2.norm1,6,9,0.63077456,824,17
muse,TCFTransformer.encoder_level2.mhca_blks.0.transformer_layers.2.norm1,6,10,0.65016633,824,17
muse,TCFTransformer.encoder_level2.mhca_blks.0.transformer_layers.2.norm1,6,11,0.6695014,824,17
muse,TCFTransformer.encoder_level2.mhca_blks.0.transformer_layers.2.norm1,6,12,0.6886828,824,17
muse,TCFTransformer.encoder_level2.mhca_blks.0.transformer_layers.2.norm1,6,13,0.70760864,824,17
muse,TCFTransformer.encoder_level2.mhca_blks.0.transformer_layers.2.norm1,6,14,0.7261819,824,17
muse,TCFTransformer.encoder_level2.mhca_blks.0.transformer_layers.2.norm1,6,15,0.74431306,824,17
muse,TCFTransformer.encoder_level2.mhca_blks.0.transformer_layers.2.norm1,6,16,0.7619224,824,17
muse,TCFTransformer.encoder_level2.mhca_blks.0.transformer_layers.2.norm1,6,17,0.77892995,824,17
muse,TCFTransformer.encoder_level2.mhca_blks.0.transformer_layers.2.norm1,6,18,0.7952729,824,17
muse,TCFTransformer.encoder_level2.mhca_blks.0.transformer_layers.2.norm1,6,19,0.81089425,824,17
muse,TCFTransformer.encoder_level2.mhca_blks.0.transformer_layers.2.norm1,6,20,0.8257612,824,17
muse,TCFTransformer.encoder_level2.mhca_blks.0.transformer_layers.2.norm1,6,21,0.8398453,824,17
muse,TCFTransformer.encoder_level2.mhca_blks.0.transformer_layers.2.norm1,6,22,0.853132,824,17
muse,TCFTransformer.encoder_level2.mhca_blks.0.transformer_layers.2.norm1,6,23,0.8656211,824,17
muse,TCFTransformer.encoder_level2.mhca_blks.0.transformer_layers.2.norm1,6,24,0.87731445,824,17
muse,TCFTransformer.encoder_level2.mhca_blks.0.transformer_layers.2.norm1,6,25,0.888227,824,17
muse,TCFTransformer.encoder_level2.mhca_blks.0.transformer_layers.2.norm1,6,26,0.8983775,824,17
muse,TCFTransformer.encoder_level2.mhca_blks.0.transformer_layers.2.norm1,6,27,0.90780306,824,17
muse,TCFTransformer.encoder_level2.mhca_blks.0.transformer_layers.2.norm1,6,28,0.9165283,824,17
muse,TCFTransformer.encoder_level2.mhca_blks.0.transformer_layers.2.norm1,6,29,0.92458355,824,17
muse,TCFTransformer.encoder_level2.mhca_blks.0.transformer_layers.2.norm1,6,30,0.9320127,824,17
muse,TCFTransformer.encoder_level2.mhca_blks.0.transformer_layers.3.norm1,7,-10,0.22504792,824,17
muse,TCFTransformer.encoder_level2.mhca_blks.0.transformer_layers.3.norm1,7,-9,0.23358886,824,17
muse,TCFTransformer.encoder_level2.mhca_blks.0.transformer_layers.3.norm1,7,-8,0.24325435,824,17
muse,TCFTransformer.encoder_level2.mhca_blks.0.transformer_layers.3.norm1,7,-7,0.2536108,824,17
muse,TCFTransformer.encoder_level2.mhca_blks.0.transformer_layers.3.norm1,7,-6,0.2646863,824,17
muse,TCFTransformer.encoder_level2.mhca_blks.0.transformer_layers.3.norm1,7,-5,0.2765192,824,17
muse,TCFTransformer.encoder_level2.mhca_blks.0.transformer_layers.3.norm1,7,-4,0.28913435,824,17
muse,TCFTransformer.encoder_level2.mhca_blks.0.transformer_layers.3.norm1,7,-3,0.3025643,824,17
muse,TCFTransformer.encoder_level2.mhca_blks.0.transformer_layers.3.norm1,7,-2,0.3168303,824,17
muse,TCFTransformer.encoder_level2.mhca_blks.0.transformer_layers.3.norm1,7,-1,0.33194777,824,17
muse,TCFTransformer.encoder_level2.mhca_blks.0.transformer_layers.3.norm1,7,0,0.34792566,824,17
muse,TCFTransformer.encoder_level2.mhca_blks.0.transformer_layers.3.norm1,7,1,0.36476895,824,17
muse,TCFTransformer.encoder_level2.mhca_blks.0.transformer_layers.3.norm1,7,2,0.38247514,824,17
muse,TCFTransformer.encoder_level2.mhca_blks.0.transformer_layers.3.norm1,7,3,0.40102905,824,17
muse,TCFTransformer.encoder_level2.mhca_blks.0.transformer_layers.3.norm1,7,4,0.42039764,824,17
muse,TCFTransformer.encoder_level2.mhca_blks.0.transformer_layers.3.norm1,7,5,0.44053894,824,17
muse,TCFTransformer.encoder_level2.mhca_blks.0.transformer_layers.3.norm1,7,6,0.4613959,824,17
muse,TCFTransformer.encoder_level2.mhca_blks.0.transformer_layers.3.norm1,7,7,0.48289362,824,17
muse,TCFTransformer.encoder_level2.mhca_blks.0.transformer_layers.3.norm1,7,8,0.5049451,824,17
muse,TCFTransformer.encoder_level2.mhca_blks.0.transformer_layers.3.norm1,7,9,0.5274602,824,17
muse,TCFTransformer.encoder_level2.mhca_blks.0.transformer_layers.3.norm1,7,10,0.55031836,824,17
muse,TCFTransformer.encoder_level2.mhca_blks.0.transformer_layers.3.norm1,7,11,0.5734105,824,17
muse,TCFTransformer.encoder_level2.mhca_blks.0.transformer_layers.3.norm1,7,12,0.5966094,824,17
muse,TCFTransformer.encoder_level2.mhca_blks.0.transformer_layers.3.norm1,7,13,0.61979836,824,17
muse,TCFTransformer.encoder_level2.mhca_blks.0.transformer_layers.3.norm1,7,14,0.64284885,824,17
muse,TCFTransformer.encoder_level2.mhca_blks.0.transformer_layers.3.norm1,7,15,0.66564554,824,17
muse,TCFTransformer.encoder_level2.mhca_blks.0.transformer_layers.3.norm1,7,16,0.6880697,824,17
muse,TCFTransformer.encoder_level2.mhca_blks.0.transformer_layers.3.norm1,7,17,0.71001,824,17
muse,TCFTransformer.encoder_level2.mhca_blks.0.transformer_layers.3.norm1,7,18,0.7313604,824,17
muse,TCFTransformer.encoder_level2.mhca_blks.0.transformer_layers.3.norm1,7,19,0.7520169,824,17
muse,TCFTransformer.encoder_level2.mhca_blks.0.transformer_layers.3.norm1,7,20,0.7718957,824,17
muse,TCFTransformer.encoder_level2.mhca_blks.0.transformer_layers.3.norm1,7,21,0.7909179,824,17
muse,TCFTransformer.encoder_level2.mhca_blks.0.transformer_layers.3.norm1,7,22,0.8090164,824,17
muse,TCFTransformer.encoder_level2.mhca_blks.0.transformer_layers.3.norm1,7,23,0.8261536,824,17
muse,TCFTransformer.encoder_level2.mhca_blks.0.transformer_layers.3.norm1,7,24,0.8422928,824,17
muse,TCFTransformer.encoder_level2.mhca_blks.0.transformer_layers.3.norm1,7,25,0.8574187,824,17
muse,TCFTransformer.encoder_level2.mhca_blks.0.transformer_layers.3.norm1,7,26,0.87151617,824,17
muse,TCFTransformer.encoder_level2.mhca_blks.0.transformer_layers.3.norm1,7,27,0.88460577,824,17
muse,TCFTransformer.encoder_level2.mhca_blks.0.transformer_layers.3.norm1,7,28,0.8967002,824,17
muse,TCFTransformer.encoder_level2.mhca_blks.0.transformer_layers.3.norm1,7,29,0.9078255,824,17
muse,TCFTransformer.encoder_level2.mhca_blks.0.transformer_layers.3.norm1,7,30,0.91802514,824,17
muse,TCFTransformer.latent.mhca_blks.0.transformer_layers.0.norm1,8,-10,0.5336269,824,17
muse,TCFTransformer.latent.mhca_blks.0.transformer_layers.0.norm1,8,-9,0.54181254,824,17
muse,TCFTransformer.latent.mhca_blks.0.transformer_layers.0.norm1,8,-8,0.5512612,824,17
muse,TCFTransformer.latent.mhca_blks.0.transformer_layers.0.norm1,8,-7,0.56130046,824,17
muse,TCFTransformer.latent.mhca_blks.0.transformer_layers.0.norm1,8,-6,0.5719265,824,17
muse,TCFTransformer.latent.mhca_blks.0.transformer_layers.0.norm1,8,-5,0.58314186,824,17
muse,TCFTransformer.latent.mhca_blks.0.transformer_layers.0.norm1,8,-4,0.59492713,824,17
muse,TCFTransformer.latent.mhca_blks.0.transformer_layers.0.norm1,8,-3,0.60725963,824,17
muse,TCFTransformer.latent.mhca_blks.0.transformer_layers.0.norm1,8,-2,0.62009823,824,17
muse,TCFTransformer.latent.mhca_blks.0.transformer_layers.0.norm1,8,-1,0.63339514,824,17
muse,TCFTransformer.latent.mhca_blks.0.transformer_layers.0.norm1,8,0,0.64709294,824,17
muse,TCFTransformer.latent.mhca_blks.0.transformer_layers.0.norm1,8,1,0.6611316,824,17
muse,TCFTransformer.latent.mhca_blks.0.transformer_layers.0.norm1,8,2,0.6754516,824,17
muse,TCFTransformer.latent.mhca_blks.0.transformer_layers.0.norm1,8,3,0.6899881,824,17
muse,TCFTransformer.latent.mhca_blks.0.transformer_layers.0.norm1,8,4,0.7046709,824,17
muse,TCFTransformer.latent.mhca_blks.0.transformer_layers.0.norm1,8,5,0.7194297,824,17
muse,TCFTransformer.latent.mhca_blks.0.transformer_layers.0.norm1,8,6,0.7341965,824,17
muse,TCFTransformer.latent.mhca_blks.0.transformer_layers.0.norm1,8,7,0.7489019,824,17
muse,TCFTransformer.latent.mhca_blks.0.transformer_layers.0.norm1,8,8,0.7634829,824,17
muse,TCFTransformer.latent.mhca_blks.0.transformer_layers.0.norm1,8,9,0.7778817,824,17
muse,TCFTransformer.latent.mhca_blks.0.transformer_layers.0.norm1,8,10,0.7920296,824,17
muse,TCFTransformer.latent.mhca_blks.0.transformer_layers.0.norm1,8,11,0.80586916,824,17
muse,TCFTransformer.latent.mhca_blks.0.transformer_layers.0.norm1,8,12,0.819347,824,17
muse,TCFTransformer.latent.mhca_blks.0.transformer_layers.0.norm1,8,13,0.83241284,824,17
muse,TCFTransformer.latent.mhca_blks.0.transformer_layers.0.norm1,8,14,0.8450204,824,17
muse,TCFTransformer.latent.mhca_blks.0.transformer_layers.0.norm1,8,15,0.85713893,824,17
muse,TCFTransformer.latent.mhca_blks.0.transformer_layers.0.norm1,8,16,0.8687336,824,17
muse,TCFTransformer.latent.mhca_blks.0.transformer_layers.0.norm1,8,17,0.87977874,824,17
muse,TCFTransformer.latent.mhca_blks.0.transformer_layers.0.norm1,8,18,0.8902539,824,17
muse,TCFTransformer.latent.mhca_blks.0.transformer_layers.0.norm1,8,19,0.9001409,824,17
muse,TCFTransformer.latent.mhca_blks.0.transformer_layers.0.norm1,8,20,0.9094322,824,17
muse,TCFTransformer.latent.mhca_blks.0.transformer_layers.0.norm1,8,21,0.9181292,824,17
muse,TCFTransformer.latent.mhca_blks.0.transformer_layers.0.norm1,8,22,0.9262336,824,17
muse,TCFTransformer.latent.mhca_blks.0.transformer_layers.0.norm1,8,23,0.93375754,824,17
muse,TCFTransformer.latent.mhca_blks.0.transformer_layers.0.norm1,8,24,0.9407135,824,17
muse,TCFTransformer.latent.mhca_blks.0.transformer_layers.0.norm1,8,25,0.9471185,824,17
muse,TCFTransformer.latent.mhca_blks.0.transformer_layers.0.norm1,8,26,0.95299065,824,17
muse,TCFTransformer.latent.mhca_blks.0.transformer_layers.0.norm1,8,27,0.9583573,824,17
muse,TCFTransformer.latent.mhca_blks.0.transformer_layers.0.norm1,8,28,0.9632426,824,17
muse,TCFTransformer.latent.mhca_blks.0.transformer_layers.0.norm1,8,29,0.9676688,824,17
muse,TCFTransformer.latent.mhca_blks.0.transformer_layers.0.norm1,8,30,0.9716644,824,17
muse,TCFTransformer.latent.mhca_blks.0.transformer_layers.1.norm1,9,-10,0.60383266,824,17
muse,TCFTransformer.latent.mhca_blks.0.transformer_layers.1.norm1,9,-9,0.6119813,824,17
muse,TCFTransformer.latent.mhca_blks.0.transformer_layers.1.norm1,9,-8,0.6215036,824,17
muse,TCFTransformer.latent.mhca_blks.0.transformer_layers.1.norm1,9,-7,0.6313521,824,17
muse,TCFTransformer.latent.mhca_blks.0.transformer_layers.1.norm1,9,-6,0.6414671,824,17
muse,TCFTransformer.latent.mhca_blks.0.transformer_layers.1.norm1,9,-5,0.6518192,824,17
muse,TCFTransformer.latent.mhca_blks.0.transformer_layers.1.norm1,9,-4,0.6623765,824,17
muse,TCFTransformer.latent.mhca_blks.0.transformer_layers.1.norm1,9,-3,0.6731247,824,17
muse,TCFTransformer.latent.mhca_blks.0.transformer_layers.1.norm1,9,-2,0.6840461,824,17
muse,TCFTransformer.latent.mhca_blks.0.transformer_layers.1.norm1,9,-1,0.69512546,824,17
muse,TCFTransformer.latent.mhca_blks.0.transformer_layers.1.norm1,9,0,0.70633906,824,17
muse,TCFTransformer.latent.mhca_blks.0.transformer_layers.1.norm1,9,1,0.71766675,824,17
muse,TCFTransformer.latent.mhca_blks.0.transformer_layers.1.norm1,9,2,0.7290857,824,17
muse,TCFTransformer.latent.mhca_blks.0.transformer_layers.1.norm1,9,3,0.74056894,824,17
muse,TCFTransformer.latent.mhca_blks.0.transformer_layers.1.norm1,9,4,0.7520861,824,17
muse,TCFTransformer.latent.mhca_blks.0.transformer_layers.1.norm1,9,5,0.7636014,824,17
muse,TCFTransformer.latent.mhca_blks.0.transformer_layers.1.norm1,9,6,0.7750813,824,17
muse,TCFTransformer.latent.mhca_blks.0.transformer_layers.1.norm1,9,7,0.786489,824,17
muse,TCFTransformer.latent.mhca_blks.0.transformer_layers.1.norm1,9,8,0.7977924,824,17
muse,TCFTransformer.latent.mhca_blks.0.transformer_layers.1.norm1,9,9,0.8089561,824,17
muse,TCFTransformer.latent.mhca_blks.0.transformer_layers.1.norm1,9,10,0.8199361,824,17
muse,TCFTransformer.latent.mhca_blks.0.transformer_layers.1.norm1,9,11,0.83070225,824,17
muse,TCFTransformer.latent.mhca_blks.0.transformer_layers.1.norm1,9,12,0.8412237,824,17
muse,TCFTransformer.latent.mhca_blks.0.transformer_layers.1.norm1,9,13,0.8514725,824,17
muse,TCFTransformer.latent.mhca_blks.0.transformer_layers.1.norm1,9,14,0.86141956,824,17
muse,TCFTransformer.latent.mhca_blks.0.transformer_layers.1.norm1,9,15,0.87104785,824,17
muse,TCFTransformer.latent.mhca_blks.0.transformer_layers.1.norm1,9,16,0.88033634,824,17
muse,TCFTransformer.latent.mhca_blks.0.transformer_layers.1.norm1,9,17,0.8892689,824,17
muse,TCFTransformer.latent.mhca_blks.0.transformer_layers.1.norm1,9,18,0.89782864,824,17
muse,TCFTransformer.latent.mhca_blks.0.transformer_layers.1.norm1,9,19,0.90600467,824,17
muse,TCFTransformer.latent.mhca_blks.0.transformer_layers.1.norm1,9,20,0.91378397,824,17
muse,TCFTransformer.latent.mhca_blks.0.transformer_layers.1.norm1,9,21,0.92115855,824,17
muse,TCFTransformer.latent.mhca_blks.0.transformer_layers.1.norm1,9,22,0.9281259,824,17
muse,TCFTransformer.latent.mhca_blks.0.transformer_layers.1.norm1,9,23,0.9346817,824,17
muse,TCFTransformer.latent.mhca_blks.0.transformer_layers.1.norm1,9,24,0.940823,824,17
muse,TCFTransformer.latent.mhca_blks.0.transformer_layers.1.norm1,9,25,0.94655234,824,17
muse,TCFTransformer.latent.mhca_blks.0.transformer_layers.1.norm1,9,26,0.95187527,824,17
muse,TCFTransformer.latent.mhca_blks.0.transformer_layers.1.norm1,9,27,0.95680445,824,17
muse,TCFTransformer.latent.mhca_blks.0.transformer_layers.1.norm1,9,28,0.9613508,824,17
muse,TCFTransformer.latent.mhca_blks.0.transformer_layers.1.norm1,9,29,0.9655262,824,17
muse,TCFTransformer.latent.mhca_blks.0.transformer_layers.1.norm1,9,30,0.96934956,824,17
muse,TCFTransformer.latent.mhca_blks.0.transformer_layers.2.norm1,10,-10,0.5090327,824,17
muse,TCFTransformer.latent.mhca_blks.0.transformer_layers.2.norm1,10,-9,0.51755106,824,17
muse,TCFTransformer.latent.mhca_blks.0.transformer_layers.2.norm1,10,-8,0.52689505,824,17
muse,TCFTransformer.latent.mhca_blks.0.transformer_layers.2.norm1,10,-7,0.53664076,824,17
muse,TCFTransformer.latent.mhca_blks.0.transformer_layers.2.norm1,10,-6,0.5467848,824,17
muse,TCFTransformer.latent.mhca_blks.0.transformer_layers.2.norm1,10,-5,0.5573498,824,17
muse,TCFTransformer.latent.mhca_blks.0.transformer_layers.2.norm1,10,-4,0.5683373,824,17
muse,TCFTransformer.latent.mhca_blks.0.transformer_layers.2.norm1,10,-3,0.57974786,824,17
muse,TCFTransformer.latent.mhca_blks.0.transformer_layers.2.norm1,10,-2,0.59156555,824,17
muse,TCFTransformer.latent.mhca_blks.0.transformer_layers.2.norm1,10,-1,0.603771,824,17
muse,TCFTransformer.latent.mhca_blks.0.transformer_layers.2.norm1,10,0,0.61633414,824,17
muse,TCFTransformer.latent.mhca_blks.0.transformer_layers.2.norm1,10,1,0.629228,824,17
muse,TCFTransformer.latent.mhca_blks.0.transformer_layers.2.norm1,10,2,0.64242023,824,17
muse,TCFTransformer.latent.mhca_blks.0.transformer_layers.2.norm1,10,3,0.65587133,824,17
muse,TCFTransformer.latent.mhca_blks.0.transformer_layers.2.norm1,10,4,0.6695309,824,17
muse,TCFTransformer.latent.mhca_blks.0.transformer_layers.2.norm1,10,5,0.6833492,824,17
muse,TCFTransformer.latent.mhca_blks.0.transformer_layers.2.norm1,10,6,0.6972763,824,17
muse,TCFTransformer.latent.mhca_blks.0.transformer_layers.2.norm1,10,7,0.7112598,824,17
muse,TCFTransformer.latent.mhca_blks.0.transformer_layers.2.norm1,10,8,0.72525215,824,17
muse,TCFTransformer.latent.mhca_blks.0.transformer_layers.2.norm1,10,9,0.7391967,824,17
muse,TCFTransformer.latent.mhca_blks.0.transformer_layers.2.norm1,10,10,0.753032,824,17
muse,TCFTransformer.latent.mhca_blks.0.transformer_layers.2.norm1,10,11,0.76670766,824,17
muse,TCFTransformer.latent.mhca_blks.0.transformer_layers.2.norm1,10,12,0.78017414,824,17
muse,TCFTransformer.latent.mhca_blks.0.transformer_layers.2.norm1,10,13,0.7933893,824,17
muse,TCFTransformer.latent.mhca_blks.0.transformer_layers.2.norm1,10,14,0.8063073,824,17
muse,TCFTransformer.latent.mhca_blks.0.transformer_layers.2.norm1,10,15,0.81889576,824,17
muse,TCFTransformer.latent.mhca_blks.0.transformer_layers.2.norm1,10,16,0.8311167,824,17
muse,TCFTransformer.latent.mhca_blks.0.transformer_layers.2.norm1,10,17,0.8429415,824,17
muse,TCFTransformer.latent.mhca_blks.0.transformer_layers.2.norm1,10,18,0.8543427,824,17
muse,TCFTransformer.latent.mhca_blks.0.transformer_layers.2.norm1,10,19,0.86530185,824,17
muse,TCFTransformer.latent.mhca_blks.0.transformer_layers.2.norm1,10,20,0.87580115,824,17
muse,TCFTransformer.latent.mhca_blks.0.transformer_layers.2.norm1,10,21,0.8858307,824,17
muse,TCFTransformer.latent.mhca_blks.0.transformer_layers.2.norm1,10,22,0.89538,824,17
muse,TCFTransformer.latent.mhca_blks.0.transformer_layers.2.norm1,10,23,0.90443885,824,17
muse,TCFTransformer.latent.mhca_blks.0.transformer_layers.2.norm1,10,24,0.912998,824,17
muse,TCFTransformer.latent.mhca_blks.0.transformer_layers.2.norm1,10,25,0.9210511,824,17
muse,TCFTransformer.latent.mhca_blks.0.transformer_layers.2.norm1,10,26,0.9285968,824,17
muse,TCFTransformer.latent.mhca_blks.0.transformer_layers.2.norm1,10,27,0.93564063,824,17
muse,TCFTransformer.latent.mhca_blks.0.transformer_layers.2.norm1,10,28,0.942188,824,17
muse,TCFTransformer.latent.mhca_blks.0.transformer_layers.2.norm1,10,29,0.94824743,824,17
muse,TCFTransformer.latent.mhca_blks.0.transformer_layers.2.norm1,10,30,0.9538355,824,17
muse,TCFTransformer.latent.mhca_blks.0.transformer_layers.3.norm1,11,-10,0.3935457,824,17
muse,TCFTransformer.latent.mhca_blks.0.transformer_layers.3.norm1,11,-9,0.40362868,824,17
muse,TCFTransformer.latent.mhca_blks.0.transformer_layers.3.norm1,11,-8,0.41494492,824,17
muse,TCFTransformer.latent.mhca_blks.0.transformer_layers.3.norm1,11,-7,0.42694682,824,17
muse,TCFTransformer.latent.mhca_blks.0.transformer_layers.3.norm1,11,-6,0.4395724,824,17
muse,TCFTransformer.latent.mhca_blks.0.transformer_layers.3.norm1,11,-5,0.4527393,824,17
muse,TCFTransformer.latent.mhca_blks.0.transformer_layers.3.norm1,11,-4,0.46635458,824,17
muse,TCFTransformer.latent.mhca_blks.0.transformer_layers.3.norm1,11,-3,0.48036015,824,17
muse,TCFTransformer.latent.mhca_blks.0.transformer_layers.3.norm1,11,-2,0.4946919,824,17
muse,TCFTransformer.latent.mhca_blks.0.transformer_layers.3.norm1,11,-1,0.50932074,824,17
muse,TCFTransformer.latent.mhca_blks.0.transformer_layers.3.norm1,11,0,0.524212,824,17
muse,TCFTransformer.latent.mhca_blks.0.transformer_layers.3.norm1,11,1,0.5393447,824,17
muse,TCFTransformer.latent.mhca_blks.0.transformer_layers.3.norm1,11,2,0.5546924,824,17
muse,TCFTransformer.latent.mhca_blks.0.transformer_layers.3.norm1,11,3,0.57023615,824,17
muse,TCFTransformer.latent.mhca_blks.0.transformer_layers.3.norm1,11,4,0.5859625,824,17
muse,TCFTransformer.latent.mhca_blks.0.transformer_layers.3.norm1,11,5,0.60184985,824,17
muse,TCFTransformer.latent.mhca_blks.0.transformer_layers.3.norm1,11,6,0.6178757,824,17
muse,TCFTransformer.latent.mhca_blks.0.transformer_layers.3.norm1,11,7,0.6340043,824,17
muse,TCFTransformer.latent.mhca_blks.0.transformer_layers.3.norm1,11,8,0.6502172,824,17
muse,TCFTransformer.latent.mhca_blks.0.transformer_layers.3.norm1,11,9,0.66648495,824,17
muse,TCFTransformer.latent.mhca_blks.0.transformer_layers.3.norm1,11,10,0.6827633,824,17
muse,TCFTransformer.latent.mhca_blks.0.transformer_layers.3.norm1,11,11,0.69900906,824,17
muse,TCFTransformer.latent.mhca_blks.0.transformer_layers.3.norm1,11,12,0.71517664,824,17
muse,TCFTransformer.latent.mhca_blks.0.transformer_layers.3.norm1,11,13,0.73121774,824,17
muse,TCFTransformer.latent.mhca_blks.0.transformer_layers.3.norm1,11,14,0.74706787,824,17
muse,TCFTransformer.latent.mhca_blks.0.transformer_layers.3.norm1,11,15,0.76266855,824,17
muse,TCFTransformer.latent.mhca_blks.0.transformer_layers.3.norm1,11,16,0.7779577,824,17
muse,TCFTransformer.latent.mhca_blks.0.transformer_layers.3.norm1,11,17,0.7928766,824,17
muse,TCFTransformer.latent.mhca_blks.0.transformer_layers.3.norm1,11,18,0.8073593,824,17
muse,TCFTransformer.latent.mhca_blks.0.transformer_layers.3.norm1,11,19,0.82135934,824,17
muse,TCFTransformer.latent.mhca_blks.0.transformer_layers.3.norm1,11,20,0.83483434,824,17
muse,TCFTransformer.latent.mhca_blks.0.transformer_layers.3.norm1,11,21,0.8477606,824,17
muse,TCFTransformer.latent.mhca_blks.0.transformer_layers.3.norm1,11,22,0.8601106,824,17
muse,TCFTransformer.latent.mhca_blks.0.transformer_layers.3.norm1,11,23,0.8718685,824,17
muse,TCFTransformer.latent.mhca_blks.0.transformer_layers.3.norm1,11,24,0.8830233,824,17
muse,TCFTransformer.latent.mhca_blks.0.transformer_layers.3.norm1,11,25,0.89356333,824,17
muse,TCFTransformer.latent.mhca_blks.0.transformer_layers.3.norm1,11,26,0.9034882,824,17
muse,TCFTransformer.latent.mhca_blks.0.transformer_layers.3.norm1,11,27,0.9128098,824,17
muse,TCFTransformer.latent.mhca_blks.0.transformer_layers.3.norm1,11,28,0.92153543,824,17
muse,TCFTransformer.latent.mhca_blks.0.transformer_layers.3.norm1,11,29,0.9296732,824,17
muse,TCFTransformer.latent.mhca_blks.0.transformer_layers.3.norm1,11,30,0.93723905,824,17
muse,TCFTransformer.decoder_level2.mhca_blks.0.transformer_layers.0.norm1,12,-10,0.20956893,824,17
muse,TCFTransformer.decoder_level2.mhca_blks.0.transformer_layers.0.norm1,12,-9,0.21979025,824,17
muse,TCFTransformer.decoder_level2.mhca_blks.0.transformer_layers.0.norm1,12,-8,0.23037471,824,17
muse,TCFTransformer.decoder_level2.mhca_blks.0.transformer_layers.0.norm1,12,-7,0.24190322,824,17
muse,TCFTransformer.decoder_level2.mhca_blks.0.transformer_layers.0.norm1,12,-6,0.25440297,824,17
muse,TCFTransformer.decoder_level2.mhca_blks.0.transformer_layers.0.norm1,12,-5,0.2679234,824,17
muse,TCFTransformer.decoder_level2.mhca_blks.0.transformer_layers.0.norm1,12,-4,0.28250203,824,17
muse,TCFTransformer.decoder_level2.mhca_blks.0.transformer_layers.0.norm1,12,-3,0.2981679,824,17
muse,TCFTransformer.decoder_level2.mhca_blks.0.transformer_layers.0.norm1,12,-2,0.31493977,824,17
muse,TCFTransformer.decoder_level2.mhca_blks.0.transformer_layers.0.norm1,12,-1,0.33277678,824,17
muse,TCFTransformer.decoder_level2.mhca_blks.0.transformer_layers.0.norm1,12,0,0.3516725,824,17
muse,TCFTransformer.decoder_level2.mhca_blks.0.transformer_layers.0.norm1,12,1,0.371618,824,17
muse,TCFTransformer.decoder_level2.mhca_blks.0.transformer_layers.0.norm1,12,2,0.3925702,824,17
muse,TCFTransformer.decoder_level2.mhca_blks.0.transformer_layers.0.norm1,12,3,0.4144763,824,17
muse,TCFTransformer.decoder_level2.mhca_blks.0.transformer_layers.0.norm1,12,4,0.43728116,824,17
muse,TCFTransformer.decoder_level2.mhca_blks.0.transformer_layers.0.norm1,12,5,0.4608797,824,17
muse,TCFTransformer.decoder_level2.mhca_blks.0.transformer_layers.0.norm1,12,6,0.48516622,824,17
muse,TCFTransformer.decoder_level2.mhca_blks.0.transformer_layers.0.norm1,12,7,0.5100278,824,17
muse,TCFTransformer.decoder_level2.mhca_blks.0.transformer_layers.0.norm1,12,8,0.5353518,824,17
muse,TCFTransformer.decoder_level2.mhca_blks.0.transformer_layers.0.norm1,12,9,0.56100804,824,17
muse,TCFTransformer.decoder_level2.mhca_blks.0.transformer_layers.0.norm1,12,10,0.58683735,824,17
muse,TCFTransformer.decoder_level2.mhca_blks.0.transformer_layers.0.norm1,12,11,0.6126752,824,17
muse,TCFTransformer.decoder_level2.mhca_blks.0.transformer_layers.0.norm1,12,12,0.63836986,824,17
muse,TCFTransformer.decoder_level2.mhca_blks.0.transformer_layers.0.norm1,12,13,0.66377324,824,17
muse,TCFTransformer.decoder_level2.mhca_blks.0.transformer_layers.0.norm1,12,14,0.6887259,824,17
muse,TCFTransformer.decoder_level2.mhca_blks.0.transformer_layers.0.norm1,12,15,0.7130747,824,17
muse,TCFTransformer.decoder_level2.mhca_blks.0.transformer_layers.0.norm1,12,16,0.7366761,824,17
muse,TCFTransformer.decoder_level2.mhca_blks.0.transformer_layers.0.norm1,12,17,0.75939935,824,17
muse,TCFTransformer.decoder_level2.mhca_blks.0.transformer_layers.0.norm1,12,18,0.78108823,824,17
muse,TCFTransformer.decoder_level2.mhca_blks.0.transformer_layers.0.norm1,12,19,0.80163777,824,17
muse,TCFTransformer.decoder_level2.mhca_blks.0.transformer_layers.0.norm1,12,20,0.82098794,824,17
muse,TCFTransformer.decoder_level2.mhca_blks.0.transformer_layers.0.norm1,12,21,0.83908695,824,17
muse,TCFTransformer.decoder_level2.mhca_blks.0.transformer_layers.0.norm1,12,22,0.8558828,824,17
muse,TCFTransformer.decoder_level2.mhca_blks.0.transformer_layers.0.norm1,12,23,0.8713824,824,17
muse,TCFTransformer.decoder_level2.mhca_blks.0.transformer_layers.0.norm1,12,24,0.88560116,824,17
muse,TCFTransformer.decoder_level2.mhca_blks.0.transformer_layers.0.norm1,12,25,0.89857566,824,17
muse,TCFTransformer.decoder_level2.mhca_blks.0.transformer_layers.0.norm1,12,26,0.91035795,824,17
muse,TCFTransformer.decoder_level2.mhca_blks.0.transformer_layers.0.norm1,12,27,0.92100567,824,17
muse,TCFTransformer.decoder_level2.mhca_blks.0.transformer_layers.0.norm1,12,28,0.9306085,824,17
muse,TCFTransformer.decoder_level2.mhca_blks.0.transformer_layers.0.norm1,12,29,0.93924797,824,17
muse,TCFTransformer.decoder_level2.mhca_blks.0.transformer_layers.0.norm1,12,30,0.947006,824,17
muse,TCFTransformer.decoder_level2.mhca_blks.0.transformer_layers.1.norm1,13,-10,0.39071915,824,17
muse,TCFTransformer.decoder_level2.mhca_blks.0.transformer_layers.1.norm1,13,-9,0.40165502,824,17
muse,TCFTransformer.decoder_level2.mhca_blks.0.transformer_layers.1.norm1,13,-8,0.41227922,824,17
muse,TCFTransformer.decoder_level2.mhca_blks.0.transformer_layers.1.norm1,13,-7,0.42332417,824,17
muse,TCFTransformer.decoder_level2.mhca_blks.0.transformer_layers.1.norm1,13,-6,0.4348706,824,17
muse,TCFTransformer.decoder_level2.mhca_blks.0.transformer_layers.1.norm1,13,-5,0.44705644,824,17
muse,TCFTransformer.decoder_level2.mhca_blks.0.transformer_layers.1.norm1,13,-4,0.45994854,824,17
muse,TCFTransformer.decoder_level2.mhca_blks.0.transformer_layers.1.norm1,13,-3,0.47357404,824,17
muse,TCFTransformer.decoder_level2.mhca_blks.0.transformer_layers.1.norm1,13,-2,0.48795462,824,17
muse,TCFTransformer.decoder_level2.mhca_blks.0.transformer_layers.1.norm1,13,-1,0.5030481,824,17
muse,TCFTransformer.decoder_level2.mhca_blks.0.transformer_layers.1.norm1,13,0,0.5188021,824,17
muse,TCFTransformer.decoder_level2.mhca_blks.0.transformer_layers.1.norm1,13,1,0.5351688,824,17
muse,TCFTransformer.decoder_level2.mhca_blks.0.transformer_layers.1.norm1,13,2,0.5520812,824,17
muse,TCFTransformer.decoder_level2.mhca_blks.0.transformer_layers.1.norm1,13,3,0.5694711,824,17
muse,TCFTransformer.decoder_level2.mhca_blks.0.transformer_layers.1.norm1,13,4,0.58726835,824,17
muse,TCFTransformer.decoder_level2.mhca_blks.0.transformer_layers.1.norm1,13,5,0.6053701,824,17
muse,TCFTransformer.decoder_level2.mhca_blks.0.transformer_layers.1.norm1,13,6,0.62369484,824,17
muse,TCFTransformer.decoder_level2.mhca_blks.0.transformer_layers.1.norm1,13,7,0.6421742,824,17
muse,TCFTransformer.decoder_level2.mhca_blks.0.transformer_layers.1.norm1,13,8,0.6607435,824,17
muse,TCFTransformer.decoder_level2.mhca_blks.0.transformer_layers.1.norm1,13,9,0.6793234,824,17
muse,TCFTransformer.decoder_level2.mhca_blks.0.transformer_layers.1.norm1,13,10,0.6978293,824,17
muse,TCFTransformer.decoder_level2.mhca_blks.0.transformer_layers.1.norm1,13,11,0.7161762,824,17
muse,TCFTransformer.decoder_level2.mhca_blks.0.transformer_layers.1.norm1,13,12,0.73428804,824,17
muse,TCFTransformer.decoder_level2.mhca_blks.0.transformer_layers.1.norm1,13,13,0.75209737,824,17
muse,TCFTransformer.decoder_level2.mhca_blks.0.transformer_layers.1.norm1,13,14,0.76952726,824,17
muse,TCFTransformer.decoder_level2.mhca_blks.0.transformer_layers.1.norm1,13,15,0.7865055,824,17
muse,TCFTransformer.decoder_level2.mhca_blks.0.transformer_layers.1.norm1,13,16,0.8029614,824,17
muse,TCFTransformer.decoder_level2.mhca_blks.0.transformer_layers.1.norm1,13,17,0.81882936,824,17
muse,TCFTransformer.decoder_level2.mhca_blks.0.transformer_layers.1.norm1,13,18,0.83402103,824,17
muse,TCFTransformer.decoder_level2.mhca_blks.0.transformer_layers.1.norm1,13,19,0.84848106,824,17
muse,TCFTransformer.decoder_level2.mhca_blks.0.transformer_layers.1.norm1,13,20,0.8621763,824,17
muse,TCFTransformer.decoder_level2.mhca_blks.0.transformer_layers.1.norm1,13,21,0.8750772,824,17
muse,TCFTransformer.decoder_level2.mhca_blks.0.transformer_layers.1.norm1,13,22,0.88714784,824,17
muse,TCFTransformer.decoder_level2.mhca_blks.0.transformer_layers.1.norm1,13,23,0.89838934,824,17
muse,TCFTransformer.decoder_level2.mhca_blks.0.transformer_layers.1.norm1,13,24,0.90880454,824,17
muse,TCFTransformer.decoder_level2.mhca_blks.0.transformer_layers.1.norm1,13,25,0.91840756,824,17
muse,TCFTransformer.decoder_level2.mhca_blks.0.transformer_layers.1.norm1,13,26,0.9272244,824,17
muse,TCFTransformer.decoder_level2.mhca_blks.0.transformer_layers.1.norm1,13,27,0.93528223,824,17
muse,TCFTransformer.decoder_level2.mhca_blks.0.transformer_layers.1.norm1,13,28,0.942632,824,17
muse,TCFTransformer.decoder_level2.mhca_blks.0.transformer_layers.1.norm1,13,29,0.9493217,824,17
muse,TCFTransformer.decoder_level2.mhca_blks.0.transformer_layers.1.norm1,13,30,0.9553997,824,17
muse,TCFTransformer.decoder_level2.mhca_blks.0.transformer_layers.2.norm1,14,-10,0.43610927,824,17
muse,TCFTransformer.decoder_level2.mhca_blks.0.transformer_layers.2.norm1,14,-9,0.44783905,824,17
muse,TCFTransformer.decoder_level2.mhca_blks.0.transformer_layers.2.norm1,14,-8,0.4596215,824,17
muse,TCFTransformer.decoder_level2.mhca_blks.0.transformer_layers.2.norm1,14,-7,0.47178105,824,17
muse,TCFTransformer.decoder_level2.mhca_blks.0.transformer_layers.2.norm1,14,-6,0.48429555,824,17
muse,TCFTransformer.decoder_level2.mhca_blks.0.transformer_layers.2.norm1,14,-5,0.49721143,824,17
muse,TCFTransformer.decoder_level2.mhca_blks.0.transformer_layers.2.norm1,14,-4,0.51056737,824,17
muse,TCFTransformer.decoder_level2.mhca_blks.0.transformer_layers.2.norm1,14,-3,0.52439153,824,17
muse,TCFTransformer.decoder_level2.mhca_blks.0.transformer_layers.2.norm1,14,-2,0.53869605,824,17
muse,TCFTransformer.decoder_level2.mhca_blks.0.transformer_layers.2.norm1,14,-1,0.55344456,824,17
muse,TCFTransformer.decoder_level2.mhca_blks.0.transformer_layers.2.norm1,14,0,0.5685895,824,17
muse,TCFTransformer.decoder_level2.mhca_blks.0.transformer_layers.2.norm1,14,1,0.58409214,824,17
muse,TCFTransformer.decoder_level2.mhca_blks.0.transformer_layers.2.norm1,14,2,0.59991133,824,17
muse,TCFTransformer.decoder_level2.mhca_blks.0.transformer_layers.2.norm1,14,3,0.6160097,824,17
muse,TCFTransformer.decoder_level2.mhca_blks.0.transformer_layers.2.norm1,14,4,0.6323409,824,17
muse,TCFTransformer.decoder_level2.mhca_blks.0.transformer_layers.2.norm1,14,5,0.64883816,824,17
muse,TCFTransformer.decoder_level2.mhca_blks.0.transformer_layers.2.norm1,14,6,0.6654479,824,17
muse,TCFTransformer.decoder_level2.mhca_blks.0.transformer_layers.2.norm1,14,7,0.68211895,824,17
muse,TCFTransformer.decoder_level2.mhca_blks.0.transformer_layers.2.norm1,14,8,0.6987976,824,17
muse,TCFTransformer.decoder_level2.mhca_blks.0.transformer_layers.2.norm1,14,9,0.7154193,824,17
muse,TCFTransformer.decoder_level2.mhca_blks.0.transformer_layers.2.norm1,14,10,0.7319144,824,17
muse,TCFTransformer.decoder_level2.mhca_blks.0.transformer_layers.2.norm1,14,11,0.7482181,824,17
muse,TCFTransformer.decoder_level2.mhca_blks.0.transformer_layers.2.norm1,14,12,0.7642724,824,17
muse,TCFTransformer.decoder_level2.mhca_blks.0.transformer_layers.2.norm1,14,13,0.7800216,824,17
muse,TCFTransformer.decoder_level2.mhca_blks.0.transformer_layers.2.norm1,14,14,0.7954058,824,17
muse,TCFTransformer.decoder_level2.mhca_blks.0.transformer_layers.2.norm1,14,15,0.8103666,824,17
muse,TCFTransformer.decoder_level2.mhca_blks.0.transformer_layers.2.norm1,14,16,0.82485014,824,17
muse,TCFTransformer.decoder_level2.mhca_blks.0.transformer_layers.2.norm1,14,17,0.8388029,824,17
muse,TCFTransformer.decoder_level2.mhca_blks.0.transformer_layers.2.norm1,14,18,0.8521597,824,17
muse,TCFTransformer.decoder_level2.mhca_blks.0.transformer_layers.2.norm1,14,19,0.8648782,824,17
muse,TCFTransformer.decoder_level2.mhca_blks.0.transformer_layers.2.norm1,14,20,0.87693083,824,17
muse,TCFTransformer.decoder_level2.mhca_blks.0.transformer_layers.2.norm1,14,21,0.8882956,824,17
muse,TCFTransformer.decoder_level2.mhca_blks.0.transformer_layers.2.norm1,14,22,0.8989472,824,17
muse,TCFTransformer.decoder_level2.mhca_blks.0.transformer_layers.2.norm1,14,23,0.90888387,824,17
muse,TCFTransformer.decoder_level2.mhca_blks.0.transformer_layers.2.norm1,14,24,0.9181065,824,17
muse,TCFTransformer.decoder_level2.mhca_blks.0.transformer_layers.2.norm1,14,25,0.92662555,824,17
muse,TCFTransformer.decoder_level2.mhca_blks.0.transformer_layers.2.norm1,14,26,0.9344622,824,17
muse,TCFTransformer.decoder_level2.mhca_blks.0.transformer_layers.2.norm1,14,27,0.94164246,824,17
muse,TCFTransformer.decoder_level2.mhca_blks.0.transformer_layers.2.norm1,14,28,0.9482044,824,17
muse,TCFTransformer.decoder_level2.mhca_blks.0.transformer_layers.2.norm1,14,29,0.9541856,824,17
muse,TCFTransformer.decoder_level2.mhca_blks.0.transformer_layers.2.norm1,14,30,0.95962596,824,17
muse,TCFTransformer.decoder_level2.mhca_blks.0.transformer_layers.3.norm1,15,-10,0.22546366,824,17
muse,TCFTransformer.decoder_level2.mhca_blks.0.transformer_layers.3.norm1,15,-9,0.23484029,824,17
muse,TCFTransformer.decoder_level2.mhca_blks.0.transformer_layers.3.norm1,15,-8,0.24340217,824,17
muse,TCFTransformer.decoder_level2.mhca_blks.0.transformer_layers.3.norm1,15,-7,0.25228825,824,17
muse,TCFTransformer.decoder_level2.mhca_blks.0.transformer_layers.3.norm1,15,-6,0.2614961,824,17
muse,TCFTransformer.decoder_level2.mhca_blks.0.transformer_layers.3.norm1,15,-5,0.27107573,824,17
muse,TCFTransformer.decoder_level2.mhca_blks.0.transformer_layers.3.norm1,15,-4,0.28107205,824,17
muse,TCFTransformer.decoder_level2.mhca_blks.0.transformer_layers.3.norm1,15,-3,0.2915314,824,17
muse,TCFTransformer.decoder_level2.mhca_blks.0.transformer_layers.3.norm1,15,-2,0.30249912,824,17
muse,TCFTransformer.decoder_level2.mhca_blks.0.transformer_layers.3.norm1,15,-1,0.31399095,824,17
muse,TCFTransformer.decoder_level2.mhca_blks.0.transformer_layers.3.norm1,15,0,0.32598343,824,17
muse,TCFTransformer.decoder_level2.mhca_blks.0.transformer_layers.3.norm1,15,1,0.33845428,824,17
muse,TCFTransformer.decoder_level2.mhca_blks.0.transformer_layers.3.norm1,15,2,0.3513798,824,17
muse,TCFTransformer.decoder_level2.mhca_blks.0.transformer_layers.3.norm1,15,3,0.36474594,824,17
muse,TCFTransformer.decoder_level2.mhca_blks.0.transformer_layers.3.norm1,15,4,0.37851498,824,17
muse,TCFTransformer.decoder_level2.mhca_blks.0.transformer_layers.3.norm1,15,5,0.39264968,824,17
muse,TCFTransformer.decoder_level2.mhca_blks.0.transformer_layers.3.norm1,15,6,0.4071083,824,17
muse,TCFTransformer.decoder_level2.mhca_blks.0.transformer_layers.3.norm1,15,7,0.4218577,824,17
muse,TCFTransformer.decoder_level2.mhca_blks.0.transformer_layers.3.norm1,15,8,0.43686056,824,17
muse,TCFTransformer.decoder_level2.mhca_blks.0.transformer_layers.3.norm1,15,9,0.4520659,824,17
muse,TCFTransformer.decoder_level2.mhca_blks.0.transformer_layers.3.norm1,15,10,0.467433,824,17
muse,TCFTransformer.decoder_level2.mhca_blks.0.transformer_layers.3.norm1,15,11,0.48292235,824,17
muse,TCFTransformer.decoder_level2.mhca_blks.0.transformer_layers.3.norm1,15,12,0.49850774,824,17
muse,TCFTransformer.decoder_level2.mhca_blks.0.transformer_layers.3.norm1,15,13,0.5141717,824,17
muse,TCFTransformer.decoder_level2.mhca_blks.0.transformer_layers.3.norm1,15,14,0.5299234,824,17
muse,TCFTransformer.decoder_level2.mhca_blks.0.transformer_layers.3.norm1,15,15,0.545772,824,17
muse,TCFTransformer.decoder_level2.mhca_blks.0.transformer_layers.3.norm1,15,16,0.5617418,824,17
muse,TCFTransformer.decoder_level2.mhca_blks.0.transformer_layers.3.norm1,15,17,0.5778643,824,17
muse,TCFTransformer.decoder_level2.mhca_blks.0.transformer_layers.3.norm1,15,18,0.5941425,824,17
muse,TCFTransformer.decoder_level2.mhca_blks.0.transformer_layers.3.norm1,15,19,0.61059856,824,17
muse,TCFTransformer.decoder_level2.mhca_blks.0.transformer_layers.3.norm1,15,20,0.6272491,824,17
muse,TCFTransformer.decoder_level2.mhca_blks.0.transformer_layers.3.norm1,15,21,0.6441068,824,17
muse,TCFTransformer.decoder_level2.mhca_blks.0.transformer_layers.3.norm1,15,22,0.66117,824,17
muse,TCFTransformer.decoder_level2.mhca_blks.0.transformer_layers.3.norm1,15,23,0.6783968,824,17
muse,TCFTransformer.decoder_level2.mhca_blks.0.transformer_layers.3.norm1,15,24,0.6957568,824,17
muse,TCFTransformer.decoder_level2.mhca_blks.0.transformer_layers.3.norm1,15,25,0.71318996,824,17
muse,TCFTransformer.decoder_level2.mhca_blks.0.transformer_layers.3.norm1,15,26,0.73062223,824,17
muse,TCFTransformer.decoder_level2.mhca_blks.0.transformer_layers.3.norm1,15,27,0.7479992,824,17
muse,TCFTransformer.decoder_level2.mhca_blks.0.transformer_layers.3.norm1,15,28,0.7652418,824,17
muse,TCFTransformer.decoder_level2.mhca_blks.0.transformer_layers.3.norm1,15,29,0.78225833,824,17
muse,TCFTransformer.decoder_level2.mhca_blks.0.transformer_layers.3.norm1,15,30,0.7989685,824,17
muse,TCFTransformer.decoder_level1.mhca_blks.0.transformer_layers.0.norm1,16,-10,0.14017363,824,17
muse,TCFTransformer.decoder_level1.mhca_blks.0.transformer_layers.0.norm1,16,-9,0.14816053,824,17
muse,TCFTransformer.decoder_level1.mhca_blks.0.transformer_layers.0.norm1,16,-8,0.1563582,824,17
muse,TCFTransformer.decoder_level1.mhca_blks.0.transformer_layers.0.norm1,16,-7,0.16508621,824,17
muse,TCFTransformer.decoder_level1.mhca_blks.0.transformer_layers.0.norm1,16,-6,0.17438743,824,17
muse,TCFTransformer.decoder_level1.mhca_blks.0.transformer_layers.0.norm1,16,-5,0.1843374,824,17
muse,TCFTransformer.decoder_level1.mhca_blks.0.transformer_layers.0.norm1,16,-4,0.19500422,824,17
muse,TCFTransformer.decoder_level1.mhca_blks.0.transformer_layers.0.norm1,16,-3,0.20647141,824,17
muse,TCFTransformer.decoder_level1.mhca_blks.0.transformer_layers.0.norm1,16,-2,0.21883911,824,17
muse,TCFTransformer.decoder_level1.mhca_blks.0.transformer_layers.0.norm1,16,-1,0.23215857,824,17
muse,TCFTransformer.decoder_level1.mhca_blks.0.transformer_layers.0.norm1,16,0,0.24644874,824,17
muse,TCFTransformer.decoder_level1.mhca_blks.0.transformer_layers.0.norm1,16,1,0.26172587,824,17
muse,TCFTransformer.decoder_level1.mhca_blks.0.transformer_layers.0.norm1,16,2,0.27799982,824,17
muse,TCFTransformer.decoder_level1.mhca_blks.0.transformer_layers.0.norm1,16,3,0.29528582,824,17
muse,TCFTransformer.decoder_level1.mhca_blks.0.transformer_layers.0.norm1,16,4,0.3135747,824,17
muse,TCFTransformer.decoder_level1.mhca_blks.0.transformer_layers.0.norm1,16,5,0.33282927,824,17
muse,TCFTransformer.decoder_level1.mhca_blks.0.transformer_layers.0.norm1,16,6,0.35300323,824,17
muse,TCFTransformer.decoder_level1.mhca_blks.0.transformer_layers.0.norm1,16,7,0.37404394,824,17
muse,TCFTransformer.decoder_level1.mhca_blks.0.transformer_layers.0.norm1,16,8,0.3958878,824,17
muse,TCFTransformer.decoder_level1.mhca_blks.0.transformer_layers.0.norm1,16,9,0.4184398,824,17
muse,TCFTransformer.decoder_level1.mhca_blks.0.transformer_layers.0.norm1,16,10,0.44158176,824,17
muse,TCFTransformer.decoder_level1.mhca_blks.0.transformer_layers.0.norm1,16,11,0.46519184,824,17
muse,TCFTransformer.decoder_level1.mhca_blks.0.transformer_layers.0.norm1,16,12,0.4891525,824,17
muse,TCFTransformer.decoder_level1.mhca_blks.0.transformer_layers.0.norm1,16,13,0.5133469,824,17
muse,TCFTransformer.decoder_level1.mhca_blks.0.transformer_layers.0.norm1,16,14,0.5376517,824,17
muse,TCFTransformer.decoder_level1.mhca_blks.0.transformer_layers.0.norm1,16,15,0.56193614,824,17
muse,TCFTransformer.decoder_level1.mhca_blks.0.transformer_layers.0.norm1,16,16,0.58608454,824,17
muse,TCFTransformer.decoder_level1.mhca_blks.0.transformer_layers.0.norm1,16,17,0.60998774,824,17
muse,TCFTransformer.decoder_level1.mhca_blks.0.transformer_layers.0.norm1,16,18,0.6335141,824,17
muse,TCFTransformer.decoder_level1.mhca_blks.0.transformer_layers.0.norm1,16,19,0.65656865,824,17
muse,TCFTransformer.decoder_level1.mhca_blks.0.transformer_layers.0.norm1,16,20,0.6790766,824,17
muse,TCFTransformer.decoder_level1.mhca_blks.0.transformer_layers.0.norm1,16,21,0.7009717,824,17
muse,TCFTransformer.decoder_level1.mhca_blks.0.transformer_layers.0.norm1,16,22,0.72217965,824,17
muse,TCFTransformer.decoder_level1.mhca_blks.0.transformer_layers.0.norm1,16,23,0.7426389,824,17
muse,TCFTransformer.decoder_level1.mhca_blks.0.transformer_layers.0.norm1,16,24,0.7623055,824,17
muse,TCFTransformer.decoder_level1.mhca_blks.0.transformer_layers.0.norm1,16,25,0.78114116,824,17
muse,TCFTransformer.decoder_level1.mhca_blks.0.transformer_layers.0.norm1,16,26,0.7991086,824,17
muse,TCFTransformer.decoder_level1.mhca_blks.0.transformer_layers.0.norm1,16,27,0.81618994,824,17
muse,TCFTransformer.decoder_level1.mhca_blks.0.transformer_layers.0.norm1,16,28,0.8323831,824,17
muse,TCFTransformer.decoder_level1.mhca_blks.0.transformer_layers.0.norm1,16,29,0.8476776,824,17
muse,TCFTransformer.decoder_level1.mhca_blks.0.transformer_layers.0.norm1,16,30,0.8620761,824,17
muse,TCFTransformer.decoder_level1.mhca_blks.0.transformer_layers.1.norm1,17,-10,0.34206432,824,17
muse,TCFTransformer.decoder_level1.mhca_blks.0.transformer_layers.1.norm1,17,-9,0.35137433,824,17
muse,TCFTransformer.decoder_level1.mhca_blks.0.transformer_layers.1.norm1,17,-8,0.3604463,824,17
muse,TCFTransformer.decoder_level1.mhca_blks.0.transformer_layers.1.norm1,17,-7,0.36972582,824,17
muse,TCFTransformer.decoder_level1.mhca_blks.0.transformer_layers.1.norm1,17,-6,0.37929243,824,17
muse,TCFTransformer.decoder_level1.mhca_blks.0.transformer_layers.1.norm1,17,-5,0.3892853,824,17
muse,TCFTransformer.decoder_level1.mhca_blks.0.transformer_layers.1.norm1,17,-4,0.39977545,824,17
muse,TCFTransformer.decoder_level1.mhca_blks.0.transformer_layers.1.norm1,17,-3,0.41081583,824,17
muse,TCFTransformer.decoder_level1.mhca_blks.0.transformer_layers.1.norm1,17,-2,0.42249218,824,17
muse,TCFTransformer.decoder_level1.mhca_blks.0.transformer_layers.1.norm1,17,-1,0.43482056,824,17
muse,TCFTransformer.decoder_level1.mhca_blks.0.transformer_layers.1.norm1,17,0,0.44776657,824,17
muse,TCFTransformer.decoder_level1.mhca_blks.0.transformer_layers.1.norm1,17,1,0.46130055,824,17
muse,TCFTransformer.decoder_level1.mhca_blks.0.transformer_layers.1.norm1,17,2,0.47539857,824,17
muse,TCFTransformer.decoder_level1.mhca_blks.0.transformer_layers.1.norm1,17,3,0.4900235,824,17
muse,TCFTransformer.decoder_level1.mhca_blks.0.transformer_layers.1.norm1,17,4,0.50511295,824,17
muse,TCFTransformer.decoder_level1.mhca_blks.0.transformer_layers.1.norm1,17,5,0.52059317,824,17
muse,TCFTransformer.decoder_level1.mhca_blks.0.transformer_layers.1.norm1,17,6,0.5364091,824,17
muse,TCFTransformer.decoder_level1.mhca_blks.0.transformer_layers.1.norm1,17,7,0.55251473,824,17
muse,TCFTransformer.decoder_level1.mhca_blks.0.transformer_layers.1.norm1,17,8,0.5688687,824,17
muse,TCFTransformer.decoder_level1.mhca_blks.0.transformer_layers.1.norm1,17,9,0.5854044,824,17
muse,TCFTransformer.decoder_level1.mhca_blks.0.transformer_layers.1.norm1,17,10,0.60204816,824,17
muse,TCFTransformer.decoder_level1.mhca_blks.0.transformer_layers.1.norm1,17,11,0.6187325,824,17
muse,TCFTransformer.decoder_level1.mhca_blks.0.transformer_layers.1.norm1,17,12,0.63540304,824,17
muse,TCFTransformer.decoder_level1.mhca_blks.0.transformer_layers.1.norm1,17,13,0.6520084,824,17
muse,TCFTransformer.decoder_level1.mhca_blks.0.transformer_layers.1.norm1,17,14,0.66849667,824,17
muse,TCFTransformer.decoder_level1.mhca_blks.0.transformer_layers.1.norm1,17,15,0.6848202,824,17
muse,TCFTransformer.decoder_level1.mhca_blks.0.transformer_layers.1.norm1,17,16,0.70094335,824,17
muse,TCFTransformer.decoder_level1.mhca_blks.0.transformer_layers.1.norm1,17,17,0.7168337,824,17
muse,TCFTransformer.decoder_level1.mhca_blks.0.transformer_layers.1.norm1,17,18,0.73243845,824,17
muse,TCFTransformer.decoder_level1.mhca_blks.0.transformer_layers.1.norm1,17,19,0.7477303,824,17
muse,TCFTransformer.decoder_level1.mhca_blks.0.transformer_layers.1.norm1,17,20,0.76269144,824,17
muse,TCFTransformer.decoder_level1.mhca_blks.0.transformer_layers.1.norm1,17,21,0.7773031,824,17
muse,TCFTransformer.decoder_level1.mhca_blks.0.transformer_layers.1.norm1,17,22,0.7915384,824,17
muse,TCFTransformer.decoder_level1.mhca_blks.0.transformer_layers.1.norm1,17,23,0.805372,824,17
muse,TCFTransformer.decoder_level1.mhca_blks.0.transformer_layers.1.norm1,17,24,0.81878895,824,17
muse,TCFTransformer.decoder_level1.mhca_blks.0.transformer_layers.1.norm1,17,25,0.83176994,824,17
muse,TCFTransformer.decoder_level1.mhca_blks.0.transformer_layers.1.norm1,17,26,0.84429145,824,17
muse,TCFTransformer.decoder_level1.mhca_blks.0.transformer_layers.1.norm1,17,27,0.8563406,824,17
muse,TCFTransformer.decoder_level1.mhca_blks.0.transformer_layers.1.norm1,17,28,0.8679092,824,17
muse,TCFTransformer.decoder_level1.mhca_blks.0.transformer_layers.1.norm1,17,29,0.87898076,824,17
muse,TCFTransformer.decoder_level1.mhca_blks.0.transformer_layers.1.norm1,17,30,0.88954383,824,17
muse,TCFTransformer.decoder_level1.mhca_blks.0.transformer_layers.2.norm1,18,-10,0.38679078,824,17
muse,TCFTransformer.decoder_level1.mhca_blks.0.transformer_layers.2.norm1,18,-9,0.39654905,824,17
muse,TCFTransformer.decoder_level1.mhca_blks.0.transformer_layers.2.norm1,18,-8,0.4059524,824,17
muse,TCFTransformer.decoder_level1.mhca_blks.0.transformer_layers.2.norm1,18,-7,0.41558722,824,17
muse,TCFTransformer.decoder_level1.mhca_blks.0.transformer_layers.2.norm1,18,-6,0.42549318,824,17
muse,TCFTransformer.decoder_level1.mhca_blks.0.transformer_layers.2.norm1,18,-5,0.43577805,824,17
muse,TCFTransformer.decoder_level1.mhca_blks.0.transformer_layers.2.norm1,18,-4,0.44649053,824,17
muse,TCFTransformer.decoder_level1.mhca_blks.0.transformer_layers.2.norm1,18,-3,0.45766255,824,17
muse,TCFTransformer.decoder_level1.mhca_blks.0.transformer_layers.2.norm1,18,-2,0.46936265,824,17
muse,TCFTransformer.decoder_level1.mhca_blks.0.transformer_layers.2.norm1,18,-1,0.48159754,824,17
muse,TCFTransformer.decoder_level1.mhca_blks.0.transformer_layers.2.norm1,18,0,0.49433362,824,17
muse,TCFTransformer.decoder_level1.mhca_blks.0.transformer_layers.2.norm1,18,1,0.50754344,824,17
muse,TCFTransformer.decoder_level1.mhca_blks.0.transformer_layers.2.norm1,18,2,0.5212076,824,17
muse,TCFTransformer.decoder_level1.mhca_blks.0.transformer_layers.2.norm1,18,3,0.5352868,824,17
muse,TCFTransformer.decoder_level1.mhca_blks.0.transformer_layers.2.norm1,18,4,0.54971504,824,17
muse,TCFTransformer.decoder_level1.mhca_blks.0.transformer_layers.2.norm1,18,5,0.5644152,824,17
muse,TCFTransformer.decoder_level1.mhca_blks.0.transformer_layers.2.norm1,18,6,0.57933,824,17
muse,TCFTransformer.decoder_level1.mhca_blks.0.transformer_layers.2.norm1,18,7,0.59441304,824,17
muse,TCFTransformer.decoder_level1.mhca_blks.0.transformer_layers.2.norm1,18,8,0.60962284,824,17
muse,TCFTransformer.decoder_level1.mhca_blks.0.transformer_layers.2.norm1,18,9,0.6248977,824,17
muse,TCFTransformer.decoder_level1.mhca_blks.0.transformer_layers.2.norm1,18,10,0.64017415,824,17
muse,TCFTransformer.decoder_level1.mhca_blks.0.transformer_layers.2.norm1,18,11,0.6553891,824,17
muse,TCFTransformer.decoder_level1.mhca_blks.0.transformer_layers.2.norm1,18,12,0.67049336,824,17
muse,TCFTransformer.decoder_level1.mhca_blks.0.transformer_layers.2.norm1,18,13,0.68544453,824,17
muse,TCFTransformer.decoder_level1.mhca_blks.0.transformer_layers.2.norm1,18,14,0.70020324,824,17
muse,TCFTransformer.decoder_level1.mhca_blks.0.transformer_layers.2.norm1,18,15,0.7147339,824,17
muse,TCFTransformer.decoder_level1.mhca_blks.0.transformer_layers.2.norm1,18,16,0.7290164,824,17
muse,TCFTransformer.decoder_level1.mhca_blks.0.transformer_layers.2.norm1,18,17,0.7430359,824,17
muse,TCFTransformer.decoder_level1.mhca_blks.0.transformer_layers.2.norm1,18,18,0.7567617,824,17
muse,TCFTransformer.decoder_level1.mhca_blks.0.transformer_layers.2.norm1,18,19,0.7701847,824,17
muse,TCFTransformer.decoder_level1.mhca_blks.0.transformer_layers.2.norm1,18,20,0.78330624,824,17
muse,TCFTransformer.decoder_level1.mhca_blks.0.transformer_layers.2.norm1,18,21,0.79612666,824,17
muse,TCFTransformer.decoder_level1.mhca_blks.0.transformer_layers.2.norm1,18,22,0.8086371,824,17
muse,TCFTransformer.decoder_level1.mhca_blks.0.transformer_layers.2.norm1,18,23,0.82082516,824,17
muse,TCFTransformer.decoder_level1.mhca_blks.0.transformer_layers.2.norm1,18,24,0.8326884,824,17
muse,TCFTransformer.decoder_level1.mhca_blks.0.transformer_layers.2.norm1,18,25,0.84421444,824,17
muse,TCFTransformer.decoder_level1.mhca_blks.0.transformer_layers.2.norm1,18,26,0.85538495,824,17
muse,TCFTransformer.decoder_level1.mhca_blks.0.transformer_layers.2.norm1,18,27,0.86618793,824,17
muse,TCFTransformer.decoder_level1.mhca_blks.0.transformer_layers.2.norm1,18,28,0.8766121,824,17
muse,TCFTransformer.decoder_level1.mhca_blks.0.transformer_layers.2.norm1,18,29,0.8866381,824,17
muse,TCFTransformer.decoder_level1.mhca_blks.0.transformer_layers.2.norm1,18,30,0.89624995,824,17
muse,TCFTransformer.decoder_level1.mhca_blks.0.transformer_layers.3.norm1,19,-10,0.35649547,824,17
muse,TCFTransformer.decoder_level1.mhca_blks.0.transformer_layers.3.norm1,19,-9,0.36440068,824,17
muse,TCFTransformer.decoder_level1.mhca_blks.0.transformer_layers.3.norm1,19,-8,0.3733866,824,17
muse,TCFTransformer.decoder_level1.mhca_blks.0.transformer_layers.3.norm1,19,-7,0.38265136,824,17
muse,TCFTransformer.decoder_level1.mhca_blks.0.transformer_layers.3.norm1,19,-6,0.39218593,824,17
muse,TCFTransformer.decoder_level1.mhca_blks.0.transformer_layers.3.norm1,19,-5,0.40204486,824,17
muse,TCFTransformer.decoder_level1.mhca_blks.0.transformer_layers.3.norm1,19,-4,0.41226092,824,17
muse,TCFTransformer.decoder_level1.mhca_blks.0.transformer_layers.3.norm1,19,-3,0.42286122,824,17
muse,TCFTransformer.decoder_level1.mhca_blks.0.transformer_layers.3.norm1,19,-2,0.43389815,824,17
muse,TCFTransformer.decoder_level1.mhca_blks.0.transformer_layers.3.norm1,19,-1,0.44538158,824,17
muse,TCFTransformer.decoder_level1.mhca_blks.0.transformer_layers.3.norm1,19,0,0.45730036,824,17
muse,TCFTransformer.decoder_level1.mhca_blks.0.transformer_layers.3.norm1,19,1,0.46964937,824,17
muse,TCFTransformer.decoder_level1.mhca_blks.0.transformer_layers.3.norm1,19,2,0.48243114,824,17
muse,TCFTransformer.decoder_level1.mhca_blks.0.transformer_layers.3.norm1,19,3,0.4956294,824,17
muse,TCFTransformer.decoder_level1.mhca_blks.0.transformer_layers.3.norm1,19,4,0.5092086,824,17
muse,TCFTransformer.decoder_level1.mhca_blks.0.transformer_layers.3.norm1,19,5,0.5231184,824,17
muse,TCFTransformer.decoder_level1.mhca_blks.0.transformer_layers.3.norm1,19,6,0.5373166,824,17
muse,TCFTransformer.decoder_level1.mhca_blks.0.transformer_layers.3.norm1,19,7,0.5517697,824,17
muse,TCFTransformer.decoder_level1.mhca_blks.0.transformer_layers.3.norm1,19,8,0.56644,824,17
muse,TCFTransformer.decoder_level1.mhca_blks.0.transformer_layers.3.norm1,19,9,0.5812776,824,17
muse,TCFTransformer.decoder_level1.mhca_blks.0.transformer_layers.3.norm1,19,10,0.5962249,824,17
muse,TCFTransformer.decoder_level1.mhca_blks.0.transformer_layers.3.norm1,19,11,0.6112237,824,17
muse,TCFTransformer.decoder_level1.mhca_blks.0.transformer_layers.3.norm1,19,12,0.6262286,824,17
muse,TCFTransformer.decoder_level1.mhca_blks.0.transformer_layers.3.norm1,19,13,0.64119875,824,17
muse,TCFTransformer.decoder_level1.mhca_blks.0.transformer_layers.3.norm1,19,14,0.65609795,824,17
muse,TCFTransformer.decoder_level1.mhca_blks.0.transformer_layers.3.norm1,19,15,0.67089075,824,17
muse,TCFTransformer.decoder_level1.mhca_blks.0.transformer_layers.3.norm1,19,16,0.6855591,824,17
muse,TCFTransformer.decoder_level1.mhca_blks.0.transformer_layers.3.norm1,19,17,0.70008945,824,17
muse,TCFTransformer.decoder_level1.mhca_blks.0.transformer_layers.3.norm1,19,18,0.7144537,824,17
muse,TCFTransformer.decoder_level1.mhca_blks.0.transformer_layers.3.norm1,19,19,0.7286435,824,17
muse,TCFTransformer.decoder_level1.mhca_blks.0.transformer_layers.3.norm1,19,20,0.7426577,824,17
muse,TCFTransformer.decoder_level1.mhca_blks.0.transformer_layers.3.norm1,19,21,0.75649637,824,17
muse,TCFTransformer.decoder_level1.mhca_blks.0.transformer_layers.3.norm1,19,22,0.77015114,824,17
muse,TCFTransformer.decoder_level1.mhca_blks.0.transformer_layers.3.norm1,19,23,0.7836023,824,17
muse,TCFTransformer.decoder_level1.mhca_blks.0.transformer_layers.3.norm1,19,24,0.79683745,824,17
muse,TCFTransformer.decoder_level1.mhca_blks.0.transformer_layers.3.norm1,19,25,0.80983204,824,17
muse,TCFTransformer.decoder_level1.mhca_blks.0.transformer_layers.3.norm1,19,26,0.8225564,824,17
muse,TCFTransformer.decoder_level1.mhca_blks.0.transformer_layers.3.norm1,19,27,0.8349886,824,17
muse,TCFTransformer.decoder_level1.mhca_blks.0.transformer_layers.3.norm1,19,28,0.8471049,824,17
muse,TCFTransformer.decoder_level1.mhca_blks.0.transformer_layers.3.norm1,19,29,0.8588727,824,17
muse,TCFTransformer.decoder_level1.mhca_blks.0.transformer_layers.3.norm1,19,30,0.87026054,824,17
muse,TCFTransformer.mag_refinement.mhca_blks.0.transformer_layers.0.norm1,20,-10,0.13278212,824,17
muse,TCFTransformer.mag_refinement.mhca_blks.0.transformer_layers.0.norm1,20,-9,0.14041048,824,17
muse,TCFTransformer.mag_refinement.mhca_blks.0.transformer_layers.0.norm1,20,-8,0.14854968,824,17
muse,TCFTransformer.mag_refinement.mhca_blks.0.transformer_layers.0.norm1,20,-7,0.15725175,824,17
muse,TCFTransformer.mag_refinement.mhca_blks.0.transformer_layers.0.norm1,20,-6,0.1665525,824,17
muse,TCFTransformer.mag_refinement.mhca_blks.0.transformer_layers.0.norm1,20,-5,0.17652208,824,17
muse,TCFTransformer.mag_refinement.mhca_blks.0.transformer_layers.0.norm1,20,-4,0.18721433,824,17
muse,TCFTransformer.mag_refinement.mhca_blks.0.transformer_layers.0.norm1,20,-3,0.1986963,824,17
muse,TCFTransformer.mag_refinement.mhca_blks.0.transformer_layers.0.norm1,20,-2,0.21103951,824,17
muse,TCFTransformer.mag_refinement.mhca_blks.0.transformer_layers.0.norm1,20,-1,0.2242825,824,17
muse,TCFTransformer.mag_refinement.mhca_blks.0.transformer_layers.0.norm1,20,0,0.23843847,824,17
muse,TCFTransformer.mag_refinement.mhca_blks.0.transformer_layers.0.norm1,20,1,0.25352928,824,17
muse,TCFTransformer.mag_refinement.mhca_blks.0.transformer_layers.0.norm1,20,2,0.26956454,824,17
muse,TCFTransformer.mag_refinement.mhca_blks.0.transformer_layers.0.norm1,20,3,0.28655857,824,17
muse,TCFTransformer.mag_refinement.mhca_blks.0.transformer_layers.0.norm1,20,4,0.3045033,824,17
muse,TCFTransformer.mag_refinement.mhca_blks.0.transformer_layers.0.norm1,20,5,0.32336444,824,17
muse,TCFTransformer.mag_refinement.mhca_blks.0.transformer_layers.0.norm1,20,6,0.3431015,824,17
muse,TCFTransformer.mag_refinement.mhca_blks.0.transformer_layers.0.norm1,20,7,0.363663,824,17
muse,TCFTransformer.mag_refinement.mhca_blks.0.transformer_layers.0.norm1,20,8,0.38498747,824,17
muse,TCFTransformer.mag_refinement.mhca_blks.0.transformer_layers.0.norm1,20,9,0.40699002,824,17
muse,TCFTransformer.mag_refinement.mhca_blks.0.transformer_layers.0.norm1,20,10,0.42956707,824,17
muse,TCFTransformer.mag_refinement.mhca_blks.0.transformer_layers.0.norm1,20,11,0.4526045,824,17
muse,TCFTransformer.mag_refinement.mhca_blks.0.transformer_layers.0.norm1,20,12,0.4759915,824,17
muse,TCFTransformer.mag_refinement.mhca_blks.0.transformer_layers.0.norm1,20,13,0.49961698,824,17
muse,TCFTransformer.mag_refinement.mhca_blks.0.transformer_layers.0.norm1,20,14,0.5233624,824,17
muse,TCFTransformer.mag_refinement.mhca_blks.0.transformer_layers.0.norm1,20,15,0.54710877,824,17
muse,TCFTransformer.mag_refinement.mhca_blks.0.transformer_layers.0.norm1,20,16,0.57075775,824,17
muse,TCFTransformer.mag_refinement.mhca_blks.0.transformer_layers.0.norm1,20,17,0.5942127,824,17
muse,TCFTransformer.mag_refinement.mhca_blks.0.transformer_layers.0.norm1,20,18,0.61735874,824,17
muse,TCFTransformer.mag_refinement.mhca_blks.0.transformer_layers.0.norm1,20,19,0.6401104,824,17
muse,TCFTransformer.mag_refinement.mhca_blks.0.transformer_layers.0.norm1,20,20,0.66239935,824,17
muse,TCFTransformer.mag_refinement.mhca_blks.0.transformer_layers.0.norm1,20,21,0.68416786,824,17
muse,TCFTransformer.mag_refinement.mhca_blks.0.transformer_layers.0.norm1,20,22,0.7053488,824,17
muse,TCFTransformer.mag_refinement.mhca_blks.0.transformer_layers.0.norm1,20,23,0.7258847,824,17
muse,TCFTransformer.mag_refinement.mhca_blks.0.transformer_layers.0.norm1,20,24,0.74573284,824,17
muse,TCFTransformer.mag_refinement.mhca_blks.0.transformer_layers.0.norm1,20,25,0.76485103,824,17
muse,TCFTransformer.mag_refinement.mhca_blks.0.transformer_layers.0.norm1,20,26,0.7831977,824,17
muse,TCFTransformer.mag_refinement.mhca_blks.0.transformer_layers.0.norm1,20,27,0.8007489,824,17
muse,TCFTransformer.mag_refinement.mhca_blks.0.transformer_layers.0.norm1,20,28,0.8174954,824,17
muse,TCFTransformer.mag_refinement.mhca_blks.0.transformer_layers.0.norm1,20,29,0.8334257,824,17
muse,TCFTransformer.mag_refinement.mhca_blks.0.transformer_layers.0.norm1,20,30,0.8485308,824,17
muse,TCFTransformer.mag_refinement.mhca_blks.0.transformer_layers.1.norm1,21,-10,0.28480545,824,17
muse,TCFTransformer.mag_refinement.mhca_blks.0.transformer_layers.1.norm1,21,-9,0.29516926,824,17
muse,TCFTransformer.mag_refinement.mhca_blks.0.transformer_layers.1.norm1,21,-8,0.30580905,824,17
muse,TCFTransformer.mag_refinement.mhca_blks.0.transformer_layers.1.norm1,21,-7,0.31680858,824,17
muse,TCFTransformer.mag_refinement.mhca_blks.0.transformer_layers.1.norm1,21,-6,0.32819226,824,17
muse,TCFTransformer.mag_refinement.mhca_blks.0.transformer_layers.1.norm1,21,-5,0.34004954,824,17
muse,TCFTransformer.mag_refinement.mhca_blks.0.transformer_layers.1.norm1,21,-4,0.35244933,824,17
muse,TCFTransformer.mag_refinement.mhca_blks.0.transformer_layers.1.norm1,21,-3,0.36546755,824,17
muse,TCFTransformer.mag_refinement.mhca_blks.0.transformer_layers.1.norm1,21,-2,0.37917924,824,17
muse,TCFTransformer.mag_refinement.mhca_blks.0.transformer_layers.1.norm1,21,-1,0.3935945,824,17
muse,TCFTransformer.mag_refinement.mhca_blks.0.transformer_layers.1.norm1,21,0,0.4086781,824,17
muse,TCFTransformer.mag_refinement.mhca_blks.0.transformer_layers.1.norm1,21,1,0.42440245,824,17
muse,TCFTransformer.mag_refinement.mhca_blks.0.transformer_layers.1.norm1,21,2,0.44074062,824,17
muse,TCFTransformer.mag_refinement.mhca_blks.0.transformer_layers.1.norm1,21,3,0.45766637,824,17
muse,TCFTransformer.mag_refinement.mhca_blks.0.transformer_layers.1.norm1,21,4,0.4751347,824,17
muse,TCFTransformer.mag_refinement.mhca_blks.0.transformer_layers.1.norm1,21,5,0.4930808,824,17
muse,TCFTransformer.mag_refinement.mhca_blks.0.transformer_layers.1.norm1,21,6,0.511448,824,17
muse,TCFTransformer.mag_refinement.mhca_blks.0.transformer_layers.1.norm1,21,7,0.53017783,824,17
muse,TCFTransformer.mag_refinement.mhca_blks.0.transformer_layers.1.norm1,21,8,0.54920954,824,17
muse,TCFTransformer.mag_refinement.mhca_blks.0.transformer_layers.1.norm1,21,9,0.56846774,824,17
muse,TCFTransformer.mag_refinement.mhca_blks.0.transformer_layers.1.norm1,21,10,0.5878721,824,17
muse,TCFTransformer.mag_refinement.mhca_blks.0.transformer_layers.1.norm1,21,11,0.6073316,824,17
muse,TCFTransformer.mag_refinement.mhca_blks.0.transformer_layers.1.norm1,21,12,0.62676525,824,17
muse,TCFTransformer.mag_refinement.mhca_blks.0.transformer_layers.1.norm1,21,13,0.6460986,824,17
muse,TCFTransformer.mag_refinement.mhca_blks.0.transformer_layers.1.norm1,21,14,0.66524994,824,17
muse,TCFTransformer.mag_refinement.mhca_blks.0.transformer_layers.1.norm1,21,15,0.68413687,824,17
muse,TCFTransformer.mag_refinement.mhca_blks.0.transformer_layers.1.norm1,21,16,0.7026914,824,17
muse,TCFTransformer.mag_refinement.mhca_blks.0.transformer_layers.1.norm1,21,17,0.7208484,824,17
muse,TCFTransformer.mag_refinement.mhca_blks.0.transformer_layers.1.norm1,21,18,0.7385345,824,17
muse,TCFTransformer.mag_refinement.mhca_blks.0.transformer_layers.1.norm1,21,19,0.7556999,824,17
muse,TCFTransformer.mag_refinement.mhca_blks.0.transformer_layers.1.norm1,21,20,0.77230275,824,17
muse,TCFTransformer.mag_refinement.mhca_blks.0.transformer_layers.1.norm1,21,21,0.7883133,824,17
muse,TCFTransformer.mag_refinement.mhca_blks.0.transformer_layers.1.norm1,21,22,0.8037025,824,17
muse,TCFTransformer.mag_refinement.mhca_blks.0.transformer_layers.1.norm1,21,23,0.81844455,824,17
muse,TCFTransformer.mag_refinement.mhca_blks.0.transformer_layers.1.norm1,21,24,0.83252597,824,17
muse,TCFTransformer.mag_refinement.mhca_blks.0.transformer_layers.1.norm1,21,25,0.84593844,824,17
muse,TCFTransformer.mag_refinement.mhca_blks.0.transformer_layers.1.norm1,21,26,0.8586744,824,17
muse,TCFTransformer.mag_refinement.mhca_blks.0.transformer_layers.1.norm1,21,27,0.870737,824,17
muse,TCFTransformer.mag_refinement.mhca_blks.0.transformer_layers.1.norm1,21,28,0.8821388,824,17
muse,TCFTransformer.mag_refinement.mhca_blks.0.transformer_layers.1.norm1,21,29,0.8928913,824,17
muse,TCFTransformer.mag_refinement.mhca_blks.0.transformer_layers.1.norm1,21,30,0.90300477,824,17
muse,TCFTransformer.mag_refinement.mhca_blks.0.transformer_layers.2.norm1,22,-10,0.30473316,824,17
muse,TCFTransformer.mag_refinement.mhca_blks.0.transformer_layers.2.norm1,22,-9,0.31654805,824,17
muse,TCFTransformer.mag_refinement.mhca_blks.0.transformer_layers.2.norm1,22,-8,0.32860112,824,17
muse,TCFTransformer.mag_refinement.mhca_blks.0.transformer_layers.2.norm1,22,-7,0.341034,824,17
muse,TCFTransformer.mag_refinement.mhca_blks.0.transformer_layers.2.norm1,22,-6,0.3538296,824,17
muse,TCFTransformer.mag_refinement.mhca_blks.0.transformer_layers.2.norm1,22,-5,0.36704487,824,17
muse,TCFTransformer.mag_refinement.mhca_blks.0.transformer_layers.2.norm1,22,-4,0.38071868,824,17
muse,TCFTransformer.mag_refinement.mhca_blks.0.transformer_layers.2.norm1,22,-3,0.3948886,824,17
muse,TCFTransformer.mag_refinement.mhca_blks.0.transformer_layers.2.norm1,22,-2,0.40959346,824,17
muse,TCFTransformer.mag_refinement.mhca_blks.0.transformer_layers.2.norm1,22,-1,0.42480677,824,17
muse,TCFTransformer.mag_refinement.mhca_blks.0.transformer_layers.2.norm1,22,0,0.44048083,824,17
muse,TCFTransformer.mag_refinement.mhca_blks.0.transformer_layers.2.norm1,22,1,0.45657572,824,17
muse,TCFTransformer.mag_refinement.mhca_blks.0.transformer_layers.2.norm1,22,2,0.47305575,824,17
muse,TCFTransformer.mag_refinement.mhca_blks.0.transformer_layers.2.norm1,22,3,0.48989743,824,17
muse,TCFTransformer.mag_refinement.mhca_blks.0.transformer_layers.2.norm1,22,4,0.5070733,824,17
muse,TCFTransformer.mag_refinement.mhca_blks.0.transformer_layers.2.norm1,22,5,0.52453333,824,17
muse,TCFTransformer.mag_refinement.mhca_blks.0.transformer_layers.2.norm1,22,6,0.5422308,824,17
muse,TCFTransformer.mag_refinement.mhca_blks.0.transformer_layers.2.norm1,22,7,0.56012124,824,17
muse,TCFTransformer.mag_refinement.mhca_blks.0.transformer_layers.2.norm1,22,8,0.578155,824,17
muse,TCFTransformer.mag_refinement.mhca_blks.0.transformer_layers.2.norm1,22,9,0.59626955,824,17
muse,TCFTransformer.mag_refinement.mhca_blks.0.transformer_layers.2.norm1,22,10,0.61440724,824,17
muse,TCFTransformer.mag_refinement.mhca_blks.0.transformer_layers.2.norm1,22,11,0.6324958,824,17
muse,TCFTransformer.mag_refinement.mhca_blks.0.transformer_layers.2.norm1,22,12,0.6504695,824,17
muse,TCFTransformer.mag_refinement.mhca_blks.0.transformer_layers.2.norm1,22,13,0.6682688,824,17
muse,TCFTransformer.mag_refinement.mhca_blks.0.transformer_layers.2.norm1,22,14,0.6858297,824,17
muse,TCFTransformer.mag_refinement.mhca_blks.0.transformer_layers.2.norm1,22,15,0.70308715,824,17
muse,TCFTransformer.mag_refinement.mhca_blks.0.transformer_layers.2.norm1,22,16,0.7199873,824,17
muse,TCFTransformer.mag_refinement.mhca_blks.0.transformer_layers.2.norm1,22,17,0.7364825,824,17
muse,TCFTransformer.mag_refinement.mhca_blks.0.transformer_layers.2.norm1,22,18,0.75251806,824,17
muse,TCFTransformer.mag_refinement.mhca_blks.0.transformer_layers.2.norm1,22,19,0.7680594,824,17
muse,TCFTransformer.mag_refinement.mhca_blks.0.transformer_layers.2.norm1,22,20,0.78308076,824,17
muse,TCFTransformer.mag_refinement.mhca_blks.0.transformer_layers.2.norm1,22,21,0.79756886,824,17
muse,TCFTransformer.mag_refinement.mhca_blks.0.transformer_layers.2.norm1,22,22,0.8115147,824,17
muse,TCFTransformer.mag_refinement.mhca_blks.0.transformer_layers.2.norm1,22,23,0.8249111,824,17
muse,TCFTransformer.mag_refinement.mhca_blks.0.transformer_layers.2.norm1,22,24,0.8377532,824,17
muse,TCFTransformer.mag_refinement.mhca_blks.0.transformer_layers.2.norm1,22,25,0.85003376,824,17
muse,TCFTransformer.mag_refinement.mhca_blks.0.transformer_layers.2.norm1,22,26,0.86175025,824,17
muse,TCFTransformer.mag_refinement.mhca_blks.0.transformer_layers.2.norm1,22,27,0.87290704,824,17
muse,TCFTransformer.mag_refinement.mhca_blks.0.transformer_layers.2.norm1,22,28,0.8835153,824,17
muse,TCFTransformer.mag_refinement.mhca_blks.0.transformer_layers.2.norm1,22,29,0.89358705,824,17
muse,TCFTransformer.mag_refinement.mhca_blks.0.transformer_layers.2.norm1,22,30,0.90312076,824,17
muse,TCFTransformer.mag_refinement.mhca_blks.0.transformer_layers.3.norm1,23,-10,0.2024479,824,17
muse,TCFTransformer.mag_refinement.mhca_blks.0.transformer_layers.3.norm1,23,-9,0.21378535,824,17
muse,TCFTransformer.mag_refinement.mhca_blks.0.transformer_layers.3.norm1,23,-8,0.22560792,824,17
muse,TCFTransformer.mag_refinement.mhca_blks.0.transformer_layers.3.norm1,23,-7,0.23804948,824,17
muse,TCFTransformer.mag_refinement.mhca_blks.0.transformer_layers.3.norm1,23,-6,0.25111732,824,17
muse,TCFTransformer.mag_refinement.mhca_blks.0.transformer_layers.3.norm1,23,-5,0.26485592,824,17
muse,TCFTransformer.mag_refinement.mhca_blks.0.transformer_layers.3.norm1,23,-4,0.27930278,824,17
muse,TCFTransformer.mag_refinement.mhca_blks.0.transformer_layers.3.norm1,23,-3,0.29450536,824,17
muse,TCFTransformer.mag_refinement.mhca_blks.0.transformer_layers.3.norm1,23,-2,0.3105146,824,17
muse,TCFTransformer.mag_refinement.mhca_blks.0.transformer_layers.3.norm1,23,-1,0.32733312,824,17
muse,TCFTransformer.mag_refinement.mhca_blks.0.transformer_layers.3.norm1,23,0,0.34494716,824,17
muse,TCFTransformer.mag_refinement.mhca_blks.0.transformer_layers.3.norm1,23,1,0.363344,824,17
muse,TCFTransformer.mag_refinement.mhca_blks.0.transformer_layers.3.norm1,23,2,0.3824998,824,17
muse,TCFTransformer.mag_refinement.mhca_blks.0.transformer_layers.3.norm1,23,3,0.4023906,824,17
muse,TCFTransformer.mag_refinement.mhca_blks.0.transformer_layers.3.norm1,23,4,0.42297718,824,17
muse,TCFTransformer.mag_refinement.mhca_blks.0.transformer_layers.3.norm1,23,5,0.44418836,824,17
muse,TCFTransformer.mag_refinement.mhca_blks.0.transformer_layers.3.norm1,23,6,0.46595174,824,17
muse,TCFTransformer.mag_refinement.mhca_blks.0.transformer_layers.3.norm1,23,7,0.48818755,824,17
muse,TCFTransformer.mag_refinement.mhca_blks.0.transformer_layers.3.norm1,23,8,0.510807,824,17
muse,TCFTransformer.mag_refinement.mhca_blks.0.transformer_layers.3.norm1,23,9,0.5337064,824,17
muse,TCFTransformer.mag_refinement.mhca_blks.0.transformer_layers.3.norm1,23,10,0.5567753,824,17
muse,TCFTransformer.mag_refinement.mhca_blks.0.transformer_layers.3.norm1,23,11,0.5798853,824,17
muse,TCFTransformer.mag_refinement.mhca_blks.0.transformer_layers.3.norm1,23,12,0.602922,824,17
muse,TCFTransformer.mag_refinement.mhca_blks.0.transformer_layers.3.norm1,23,13,0.6257803,824,17
muse,TCFTransformer.mag_refinement.mhca_blks.0.transformer_layers.3.norm1,23,14,0.64834136,824,17
muse,TCFTransformer.mag_refinement.mhca_blks.0.transformer_layers.3.norm1,23,15,0.6704795,824,17
muse,TCFTransformer.mag_refinement.mhca_blks.0.transformer_layers.3.norm1,23,16,0.69209194,824,17
muse,TCFTransformer.mag_refinement.mhca_blks.0.transformer_layers.3.norm1,23,17,0.71308494,824,17
muse,TCFTransformer.mag_refinement.mhca_blks.0.transformer_layers.3.norm1,23,18,0.73335844,824,17
muse,TCFTransformer.mag_refinement.mhca_blks.0.transformer_layers.3.norm1,23,19,0.7528482,824,17
muse,TCFTransformer.mag_refinement.mhca_blks.0.transformer_layers.3.norm1,23,20,0.7715009,824,17
muse,TCFTransformer.mag_refinement.mhca_blks.0.transformer_layers.3.norm1,23,21,0.7892856,824,17
muse,TCFTransformer.mag_refinement.mhca_blks.0.transformer_layers.3.norm1,23,22,0.80618286,824,17
muse,TCFTransformer.mag_refinement.mhca_blks.0.transformer_layers.3.norm1,23,23,0.82217854,824,17
muse,TCFTransformer.mag_refinement.mhca_blks.0.transformer_layers.3.norm1,23,24,0.8372705,824,17
muse,TCFTransformer.mag_refinement.mhca_blks.0.transformer_layers.3.norm1,23,25,0.8514655,824,17
muse,TCFTransformer.mag_refinement.mhca_blks.0.transformer_layers.3.norm1,23,26,0.86478126,824,17
muse,TCFTransformer.mag_refinement.mhca_blks.0.transformer_layers.3.norm1,23,27,0.8772373,824,17
muse,TCFTransformer.mag_refinement.mhca_blks.0.transformer_layers.3.norm1,23,28,0.8888687,824,17
muse,TCFTransformer.mag_refinement.mhca_blks.0.transformer_layers.3.norm1,23,29,0.89970833,824,17
muse,TCFTransformer.mag_refinement.mhca_blks.0.transformer_layers.3.norm1,23,30,0.90977746,824,17
mpsenet,TSTransformer.0.time_transformer.norm1,0,-10,0.8972473,824,17
mpsenet,TSTransformer.0.time_transformer.norm1,0,-9,0.89888173,824,17
mpsenet,TSTransformer.0.time_transformer.norm1,0,-8,0.90064156,824,17
mpsenet,TSTransformer.0.time_transformer.norm1,0,-7,0.9025397,824,17
mpsenet,TSTransformer.0.time_transformer.norm1,0,-6,0.9045902,824,17
mpsenet,TSTransformer.0.time_transformer.norm1,0,-5,0.90680534,824,17
mpsenet,TSTransformer.0.time_transformer.norm1,0,-4,0.90919524,824,17
mpsenet,TSTransformer.0.time_transformer.norm1,0,-3,0.9117675,824,17
mpsenet,TSTransformer.0.time_transformer.norm1,0,-2,0.9145278,824,17
mpsenet,TSTransformer.0.time_transformer.norm1,0,-1,0.9174688,824,17
mpsenet,TSTransformer.0.time_transformer.norm1,0,0,0.9205814,824,17
mpsenet,TSTransformer.0.time_transformer.norm1,0,1,0.9238456,824,17
mpsenet,TSTransformer.0.time_transformer.norm1,0,2,0.9272382,824,17
mpsenet,TSTransformer.0.time_transformer.norm1,0,3,0.9307268,824,17
mpsenet,TSTransformer.0.time_transformer.norm1,0,4,0.9342779,824,17
mpsenet,TSTransformer.0.time_transformer.norm1,0,5,0.93785083,824,17
mpsenet,TSTransformer.0.time_transformer.norm1,0,6,0.9414118,824,17
mpsenet,TSTransformer.0.time_transformer.norm1,0,7,0.94492894,824,17
mpsenet,TSTransformer.0.time_transformer.norm1,0,8,0.94837046,824,17
mpsenet,TSTransformer.0.time_transformer.norm1,0,9,0.95171154,824,17
mpsenet,TSTransformer.0.time_transformer.norm1,0,10,0.9549344,824,17
mpsenet,TSTransformer.0.time_transformer.norm1,0,11,0.9580251,824,17
mpsenet,TSTransformer.0.time_transformer.norm1,0,12,0.9609714,824,17
mpsenet,TSTransformer.0.time_transformer.norm1,0,13,0.96376824,824,17
mpsenet,TSTransformer.0.time_transformer.norm1,0,14,0.9664118,824,17
mpsenet,TSTransformer.0.time_transformer.norm1,0,15,0.96890295,824,17
mpsenet,TSTransformer.0.time_transformer.norm1,0,16,0.9712436,824,17
mpsenet,TSTransformer.0.time_transformer.norm1,0,17,0.9734376,824,17
mpsenet,TSTransformer.0.time_transformer.norm1,0,18,0.97549194,824,17
mpsenet,TSTransformer.0.time_transformer.norm1,0,19,0.97741055,824,17
mpsenet,TSTransformer.0.time_transformer.norm1,0,20,0.9791998,824,17
mpsenet,TSTransformer.0.time_transformer.norm1,0,21,0.9808666,824,17
mpsenet,TSTransformer.0.time_transformer.norm1,0,22,0.9824174,824,17
mpsenet,TSTransformer.0.time_transformer.norm1,0,23,0.9838592,824,17
mpsenet,TSTransformer.0.time_transformer.norm1,0,24,0.9851993,824,17
mpsenet,TSTransformer.0.time_transformer.norm1,0,25,0.9864433,824,17
mpsenet,TSTransformer.0.time_transformer.norm1,0,26,0.98759955,824,17
mpsenet,TSTransformer.0.time_transformer.norm1,0,27,0.98867255,824,17
mpsenet,TSTransformer.0.time_transformer.norm1,0,28,0.9896681,824,17
mpsenet,TSTransformer.0.time_transformer.norm1,0,29,0.9905917,824,17
mpsenet,TSTransformer.0.time_transformer.norm1,0,30,0.99144715,824,17
mpsenet,TSTransformer.0.freq_transformer.norm1,1,-10,0.3667501,824,17
mpsenet,TSTransformer.0.freq_transformer.norm1,1,-9,0.37608814,824,17
mpsenet,TSTransformer.0.freq_transformer.norm1,1,-8,0.3861475,824,17
mpsenet,TSTransformer.0.freq_transformer.norm1,1,-7,0.39698756,824,17
mpsenet,TSTransformer.0.freq_transformer.norm1,1,-6,0.40868634,824,17
mpsenet,TSTransformer.0.freq_transformer.norm1,1,-5,0.42131764,824,17
mpsenet,TSTransformer.0.freq_transformer.norm1,1,-4,0.43496716,824,17
mpsenet,TSTransformer.0.freq_transformer.norm1,1,-3,0.4497115,824,17
mpsenet,TSTransformer.0.freq_transformer.norm1,1,-2,0.46562898,824,17
mpsenet,TSTransformer.0.freq_transformer.norm1,1,-1,0.48276705,824,17
mpsenet,TSTransformer.0.freq_transformer.norm1,1,0,0.5011514,824,17
mpsenet,TSTransformer.0.freq_transformer.norm1,1,1,0.520765,824,17
mpsenet,TSTransformer.0.freq_transformer.norm1,1,2,0.5415638,824,17
mpsenet,TSTransformer.0.freq_transformer.norm1,1,3,0.5634422,824,17
mpsenet,TSTransformer.0.freq_transformer.norm1,1,4,0.58627963,824,17
mpsenet,TSTransformer.0.freq_transformer.norm1,1,5,0.60988784,824,17
mpsenet,TSTransformer.0.freq_transformer.norm1,1,6,0.634042,824,17
mpsenet,TSTransformer.0.freq_transformer.norm1,1,7,0.6584772,824,17
mpsenet,TSTransformer.0.freq_transformer.norm1,1,8,0.6829102,824,17
mpsenet,TSTransformer.0.freq_transformer.norm1,1,9,0.7070625,824,17
mpsenet,TSTransformer.0.freq_transformer.norm1,1,10,0.7306885,824,17
mpsenet,TSTransformer.0.freq_transformer.norm1,1,11,0.7535953,824,17
mpsenet,TSTransformer.0.freq_transformer.norm1,1,12,0.77561545,824,17
mpsenet,TSTransformer.0.freq_transformer.norm1,1,13,0.79664886,824,17
mpsenet,TSTransformer.0.freq_transformer.norm1,1,14,0.81662285,824,17
mpsenet,TSTransformer.0.freq_transformer.norm1,1,15,0.83547246,824,17
mpsenet,TSTransformer.0.freq_transformer.norm1,1,16,0.8531065,824,17
mpsenet,TSTransformer.0.freq_transformer.norm1,1,17,0.86942387,824,17
mpsenet,TSTransformer.0.freq_transformer.norm1,1,18,0.88437146,824,17
mpsenet,TSTransformer.0.freq_transformer.norm1,1,19,0.8979117,824,17
mpsenet,TSTransformer.0.freq_transformer.norm1,1,20,0.9100732,824,17
mpsenet,TSTransformer.0.freq_transformer.norm1,1,21,0.92091423,824,17
mpsenet,TSTransformer.0.freq_transformer.norm1,1,22,0.9305305,824,17
mpsenet,TSTransformer.0.freq_transformer.norm1,1,23,0.939024,824,17
mpsenet,TSTransformer.0.freq_transformer.norm1,1,24,0.9465066,824,17
mpsenet,TSTransformer.0.freq_transformer.norm1,1,25,0.953087,824,17
mpsenet,TSTransformer.0.freq_transformer.norm1,1,26,0.9588714,824,17
mpsenet,TSTransformer.0.freq_transformer.norm1,1,27,0.9639529,824,17
mpsenet,TSTransformer.0.freq_transformer.norm1,1,28,0.9684205,824,17
mpsenet,TSTransformer.0.freq_transformer.norm1,1,29,0.97235024,824,17
mpsenet,TSTransformer.0.freq_transformer.norm1,1,30,0.9758083,824,17
mpsenet,TSTransformer.1.time_transformer.norm1,2,-10,0.38775238,824,17
mpsenet,TSTransformer.1.time_transformer.norm1,2,-9,0.39425418,824,17
mpsenet,TSTransformer.1.time_transformer.norm1,2,-8,0.40111446,824,17
mpsenet,TSTransformer.1.time_transformer.norm1,2,-7,0.40837824,824,17
mpsenet,TSTransformer.1.time_transformer.norm1,2,-6,0.4161024,824,17
mpsenet,TSTransformer.1.time_transformer.norm1,2,-5,0.42435557,824,17
mpsenet,TSTransformer.1.time_transformer.norm1,2,-4,0.4332132,824,17
mpsenet,TSTransformer.1.time_transformer.norm1,2,-3,0.44275686,824,17
mpsenet,TSTransformer.1.time_transformer.norm1,2,-2,0.45307618,824,17
mpsenet,TSTransformer.1.time_transformer.norm1,2,-1,0.46425816,824,17
mpsenet,TSTransformer.1.time_transformer.norm1,2,0,0.47639006,824,17
mpsenet,TSTransformer.1.time_transformer.norm1,2,1,0.4895374,824,17
mpsenet,TSTransformer.1.time_transformer.norm1,2,2,0.50374895,824,17
mpsenet,TSTransformer.1.time_transformer.norm1,2,3,0.5190393,824,17
mpsenet,TSTransformer.1.time_transformer.norm1,2,4,0.5353954,824,17
mpsenet,TSTransformer.1.time_transformer.norm1,2,5,0.5527668,824,17
mpsenet,TSTransformer.1.time_transformer.norm1,2,6,0.5710671,824,17
mpsenet,TSTransformer.1.time_transformer.norm1,2,7,0.5901698,824,17
mpsenet,TSTransformer.1.time_transformer.norm1,2,8,0.60991883,824,17
mpsenet,TSTransformer.1.time_transformer.norm1,2,9,0.6301377,824,17
mpsenet,TSTransformer.1.time_transformer.norm1,2,10,0.6506375,824,17
mpsenet,TSTransformer.1.time_transformer.norm1,2,11,0.6712409,824,17
mpsenet,TSTransformer.1.time_transformer.norm1,2,12,0.69177115,824,17
mpsenet,TSTransformer.1.time_transformer.norm1,2,13,0.71208376,824,17
mpsenet,TSTransformer.1.time_transformer.norm1,2,14,0.73205346,824,17
mpsenet,TSTransformer.1.time_transformer.norm1,2,15,0.75156975,824,17
mpsenet,TSTransformer.1.time_transformer.norm1,2,16,0.7705225,824,17
mpsenet,TSTransformer.1.time_transformer.norm1,2,17,0.788812,824,17
mpsenet,TSTransformer.1.time_transformer.norm1,2,18,0.80635524,824,17
mpsenet,TSTransformer.1.time_transformer.norm1,2,19,0.82307374,824,17
mpsenet,TSTransformer.1.time_transformer.norm1,2,20,0.8389097,824,17
mpsenet,TSTransformer.1.time_transformer.norm1,2,21,0.8538168,824,17
mpsenet,TSTransformer.1.time_transformer.norm1,2,22,0.86777467,824,17
mpsenet,TSTransformer.1.time_transformer.norm1,2,23,0.88077354,824,17
mpsenet,TSTransformer.1.time_transformer.norm1,2,24,0.8928239,824,17
mpsenet,TSTransformer.1.time_transformer.norm1,2,25,0.90394217,824,17
mpsenet,TSTransformer.1.time_transformer.norm1,2,26,0.91415775,824,17
mpsenet,TSTransformer.1.time_transformer.norm1,2,27,0.9235095,824,17
mpsenet,TSTransformer.1.time_transformer.norm1,2,28,0.9320409,824,17
mpsenet,TSTransformer.1.time_transformer.norm1,2,29,0.9398017,824,17
mpsenet,TSTransformer.1.time_transformer.norm1,2,30,0.94683695,824,17
mpsenet,TSTransformer.1.freq_transformer.norm1,3,-10,0.2258126,824,17
mpsenet,TSTransformer.1.freq_transformer.norm1,3,-9,0.2367729,824,17
mpsenet,TSTransformer.1.freq_transformer.norm1,3,-8,0.24866353,824,17
mpsenet,TSTransformer.1.freq_transformer.norm1,3,-7,0.26153514,824,17
mpsenet,TSTransformer.1.freq_transformer.norm1,3,-6,0.2754324,824,17
mpsenet,TSTransformer.1.freq_transformer.norm1,3,-5,0.2903938,824,17
mpsenet,TSTransformer.1.freq_transformer.norm1,3,-4,0.30644736,824,17
mpsenet,TSTransformer.1.freq_transformer.norm1,3,-3,0.32360318,824,17
mpsenet,TSTransformer.1.freq_transformer.norm1,3,-2,0.34186554,824,17
mpsenet,TSTransformer.1.freq_transformer.norm1,3,-1,0.36121532,824,17
mpsenet,TSTransformer.1.freq_transformer.norm1,3,0,0.38161454,824,17
mpsenet,TSTransformer.1.freq_transformer.norm1,3,1,0.4030045,824,17
mpsenet,TSTransformer.1.freq_transformer.norm1,3,2,0.42529407,824,17
mpsenet,TSTransformer.1.freq_transformer.norm1,3,3,0.4483615,824,17
mpsenet,TSTransformer.1.freq_transformer.norm1,3,4,0.472066,824,17
mpsenet,TSTransformer.1.freq_transformer.norm1,3,5,0.49623188,824,17
mpsenet,TSTransformer.1.freq_transformer.norm1,3,6,0.52066964,824,17
mpsenet,TSTransformer.1.freq_transformer.norm1,3,7,0.54517573,824,17
mpsenet,TSTransformer.1.freq_transformer.norm1,3,8,0.5695526,824,17
mpsenet,TSTransformer.1.freq_transformer.norm1,3,9,0.59361595,824,17
mpsenet,TSTransformer.1.freq_transformer.norm1,3,10,0.61720407,824,17
mpsenet,TSTransformer.1.freq_transformer.norm1,3,11,0.6401891,824,17
mpsenet,TSTransformer.1.freq_transformer.norm1,3,12,0.66245323,824,17
mpsenet,TSTransformer.1.freq_transformer.norm1,3,13,0.68392426,824,17
mpsenet,TSTransformer.1.freq_transformer.norm1,3,14,0.70454496,824,17
mpsenet,TSTransformer.1.freq_transformer.norm1,3,15,0.7242776,824,17
mpsenet,TSTransformer.1.freq_transformer.norm1,3,16,0.7430747,824,17
mpsenet,TSTransformer.1.freq_transformer.norm1,3,17,0.7609039,824,17
mpsenet,TSTransformer.1.freq_transformer.norm1,3,18,0.7777584,824,17
mpsenet,TSTransformer.1.freq_transformer.norm1,3,19,0.79363614,824,17
mpsenet,TSTransformer.1.freq_transformer.norm1,3,20,0.80855227,824,17
mpsenet,TSTransformer.1.freq_transformer.norm1,3,21,0.8225377,824,17
mpsenet,TSTransformer.1.freq_transformer.norm1,3,22,0.83563745,824,17
mpsenet,TSTransformer.1.freq_transformer.norm1,3,23,0.8478997,824,17
mpsenet,TSTransformer.1.freq_transformer.norm1,3,24,0.85937756,824,17
mpsenet,TSTransformer.1.freq_transformer.norm1,3,25,0.87012625,824,17
mpsenet,TSTransformer.1.freq_transformer.norm1,3,26,0.8802036,824,17
mpsenet,TSTransformer.1.freq_transformer.norm1,3,27,0.88965493,824,17
mpsenet,TSTransformer.1.freq_transformer.norm1,3,28,0.89852476,824,17
mpsenet,TSTransformer.1.freq_transformer.norm1,3,29,0.90686256,824,17
mpsenet,TSTransformer.1.freq_transformer.norm1,3,30,0.9146944,824,17
mpsenet,TSTransformer.2.time_transformer.norm1,4,-10,0.31971925,824,17
mpsenet,TSTransformer.2.time_transformer.norm1,4,-9,0.3300943,824,17
mpsenet,TSTransformer.2.time_transformer.norm1,4,-8,0.34124872,824,17
mpsenet,TSTransformer.2.time_transformer.norm1,4,-7,0.3532114,824,17
mpsenet,TSTransformer.2.time_transformer.norm1,4,-6,0.36600098,824,17
mpsenet,TSTransformer.2.time_transformer.norm1,4,-5,0.37960353,824,17
mpsenet,TSTransformer.2.time_transformer.norm1,4,-4,0.39402363,824,17
mpsenet,TSTransformer.2.time_transformer.norm1,4,-3,0.40926066,824,17
mpsenet,TSTransformer.2.time_transformer.norm1,4,-2,0.42530736,824,17
mpsenet,TSTransformer.2.time_transformer.norm1,4,-1,0.44214982,824,17
mpsenet,TSTransformer.2.time_transformer.norm1,4,0,0.45976594,824,17
mpsenet,TSTransformer.2.time_transformer.norm1,4,1,0.4781277,824,17
mpsenet,TSTransformer.2.time_transformer.norm1,4,2,0.49715912,824,17
mpsenet,TSTransformer.2.time_transformer.norm1,4,3,0.5167768,824,17
mpsenet,TSTransformer.2.time_transformer.norm1,4,4,0.53689814,824,17
mpsenet,TSTransformer.2.time_transformer.norm1,4,5,0.55740416,824,17
mpsenet,TSTransformer.2.time_transformer.norm1,4,6,0.57816774,824,17
mpsenet,TSTransformer.2.time_transformer.norm1,4,7,0.59906465,824,17
mpsenet,TSTransformer.2.time_transformer.norm1,4,8,0.61997366,824,17
mpsenet,TSTransformer.2.time_transformer.norm1,4,9,0.6407614,824,17
mpsenet,TSTransformer.2.time_transformer.norm1,4,10,0.6613102,824,17
mpsenet,TSTransformer.2.time_transformer.norm1,4,11,0.6815125,824,17
mpsenet,TSTransformer.2.time_transformer.norm1,4,12,0.70127445,824,17
mpsenet,TSTransformer.2.time_transformer.norm1,4,13,0.72051656,824,17
mpsenet,TSTransformer.2.time_transformer.norm1,4,14,0.7391744,824,17
mpsenet,TSTransformer.2.time_transformer.norm1,4,15,0.7571853,824,17
mpsenet,TSTransformer.2.time_transformer.norm1,4,16,0.77450764,824,17
mpsenet,TSTransformer.2.time_transformer.norm1,4,17,0.79108,824,17
mpsenet,TSTransformer.2.time_transformer.norm1,4,18,0.8068728,824,17
mpsenet,TSTransformer.2.time_transformer.norm1,4,19,0.82185954,824,17
mpsenet,TSTransformer.2.time_transformer.norm1,4,20,0.8360233,824,17
mpsenet,TSTransformer.2.time_transformer.norm1,4,21,0.84935826,824,17
mpsenet,TSTransformer.2.time_transformer.norm1,4,22,0.8618767,824,17
mpsenet,TSTransformer.2.time_transformer.norm1,4,23,0.873603,824,17
mpsenet,TSTransformer.2.time_transformer.norm1,4,24,0.8845545,824,17
mpsenet,TSTransformer.2.time_transformer.norm1,4,25,0.89475536,824,17
mpsenet,TSTransformer.2.time_transformer.norm1,4,26,0.9042443,824,17
mpsenet,TSTransformer.2.time_transformer.norm1,4,27,0.91305095,824,17
mpsenet,TSTransformer.2.time_transformer.norm1,4,28,0.92121315,824,17
mpsenet,TSTransformer.2.time_transformer.norm1,4,29,0.9287558,824,17
mpsenet,TSTransformer.2.time_transformer.norm1,4,30,0.93571997,824,17
mpsenet,TSTransformer.2.freq_transformer.norm1,5,-10,0.28402668,824,17
mpsenet,TSTransformer.2.freq_transformer.norm1,5,-9,0.2951054,824,17
mpsenet,TSTransformer.2.freq_transformer.norm1,5,-8,0.30699238,824,17
mpsenet,TSTransformer.2.freq_transformer.norm1,5,-7,0.3197397,824,17
mpsenet,TSTransformer.2.freq_transformer.norm1,5,-6,0.33339,824,17
mpsenet,TSTransformer.2.freq_transformer.norm1,5,-5,0.3479518,824,17
mpsenet,TSTransformer.2.freq_transformer.norm1,5,-4,0.36344823,824,17
mpsenet,TSTransformer.2.freq_transformer.norm1,5,-3,0.37987378,824,17
mpsenet,TSTransformer.2.freq_transformer.norm1,5,-2,0.39720613,824,17
mpsenet,TSTransformer.2.freq_transformer.norm1,5,-1,0.41541678,824,17
mpsenet,TSTransformer.2.freq_transformer.norm1,5,0,0.43446904,824,17
mpsenet,TSTransformer.2.freq_transformer.norm1,5,1,0.45431852,824,17
mpsenet,TSTransformer.2.freq_transformer.norm1,5,2,0.4748907,824,17
mpsenet,TSTransformer.2.freq_transformer.norm1,5,3,0.49610576,824,17
mpsenet,TSTransformer.2.freq_transformer.norm1,5,4,0.51788765,824,17
mpsenet,TSTransformer.2.freq_transformer.norm1,5,5,0.540123,824,17
mpsenet,TSTransformer.2.freq_transformer.norm1,5,6,0.56268305,824,17
mpsenet,TSTransformer.2.freq_transformer.norm1,5,7,0.58544254,824,17
mpsenet,TSTransformer.2.freq_transformer.norm1,5,8,0.6082647,824,17
mpsenet,TSTransformer.2.freq_transformer.norm1,5,9,0.63100463,824,17
mpsenet,TSTransformer.2.freq_transformer.norm1,5,10,0.65352875,824,17
mpsenet,TSTransformer.2.freq_transformer.norm1,5,11,0.6757156,824,17
mpsenet,TSTransformer.2.freq_transformer.norm1,5,12,0.6974454,824,17
mpsenet,TSTransformer.2.freq_transformer.norm1,5,13,0.71861655,824,17
mpsenet,TSTransformer.2.freq_transformer.norm1,5,14,0.7391409,824,17
mpsenet,TSTransformer.2.freq_transformer.norm1,5,15,0.75893533,824,17
mpsenet,TSTransformer.2.freq_transformer.norm1,5,16,0.7779233,824,17
mpsenet,TSTransformer.2.freq_transformer.norm1,5,17,0.79603434,824,17
mpsenet,TSTransformer.2.freq_transformer.norm1,5,18,0.8132172,824,17
mpsenet,TSTransformer.2.freq_transformer.norm1,5,19,0.82942706,824,17
mpsenet,TSTransformer.2.freq_transformer.norm1,5,20,0.84463865,824,17
mpsenet,TSTransformer.2.freq_transformer.norm1,5,21,0.8588363,824,17
mpsenet,TSTransformer.2.freq_transformer.norm1,5,22,0.8720332,824,17
mpsenet,TSTransformer.2.freq_transformer.norm1,5,23,0.88425434,824,17
mpsenet,TSTransformer.2.freq_transformer.norm1,5,24,0.8955164,824,17
mpsenet,TSTransformer.2.freq_transformer.norm1,5,25,0.90585726,824,17
mpsenet,TSTransformer.2.freq_transformer.norm1,5,26,0.9153259,824,17
mpsenet,TSTransformer.2.freq_transformer.norm1,5,27,0.9239705,824,17
mpsenet,TSTransformer.2.freq_transformer.norm1,5,28,0.9318459,824,17
mpsenet,TSTransformer.2.freq_transformer.norm1,5,29,0.9389997,824,17
mpsenet,TSTransformer.2.freq_transformer.norm1,5,30,0.94548666,824,17
mpsenet,TSTransformer.3.time_transformer.norm1,6,-10,0.23965004,824,17
mpsenet,TSTransformer.3.time_transformer.norm1,6,-9,0.24936217,824,17
mpsenet,TSTransformer.3.time_transformer.norm1,6,-8,0.2599632,824,17
mpsenet,TSTransformer.3.time_transformer.norm1,6,-7,0.27152392,824,17
mpsenet,TSTransformer.3.time_transformer.norm1,6,-6,0.28408492,824,17
mpsenet,TSTransformer.3.time_transformer.norm1,6,-5,0.29765096,824,17
mpsenet,TSTransformer.3.time_transformer.norm1,6,-4,0.31224334,824,17
mpsenet,TSTransformer.3.time_transformer.norm1,6,-3,0.3278703,824,17
mpsenet,TSTransformer.3.time_transformer.norm1,6,-2,0.34452108,824,17
mpsenet,TSTransformer.3.time_transformer.norm1,6,-1,0.36215866,824,17
mpsenet,TSTransformer.3.time_transformer.norm1,6,0,0.38075435,824,17
mpsenet,TSTransformer.3.time_transformer.norm1,6,1,0.40025625,824,17
mpsenet,TSTransformer.3.time_transformer.norm1,6,2,0.4205928,824,17
mpsenet,TSTransformer.3.time_transformer.norm1,6,3,0.44169474,824,17
mpsenet,TSTransformer.3.time_transformer.norm1,6,4,0.4634873,824,17
mpsenet,TSTransformer.3.time_transformer.norm1,6,5,0.48586702,824,17
mpsenet,TSTransformer.3.time_transformer.norm1,6,6,0.5087252,824,17
mpsenet,TSTransformer.3.time_transformer.norm1,6,7,0.5319359,824,17
mpsenet,TSTransformer.3.time_transformer.norm1,6,8,0.5553705,824,17
mpsenet,TSTransformer.3.time_transformer.norm1,6,9,0.57890195,824,17
mpsenet,TSTransformer.3.time_transformer.norm1,6,10,0.6023885,824,17
mpsenet,TSTransformer.3.time_transformer.norm1,6,11,0.6257208,824,17
mpsenet,TSTransformer.3.time_transformer.norm1,6,12,0.6487851,824,17
mpsenet,TSTransformer.3.time_transformer.norm1,6,13,0.67145425,824,17
mpsenet,TSTransformer.3.time_transformer.norm1,6,14,0.6936382,824,17
mpsenet,TSTransformer.3.time_transformer.norm1,6,15,0.71524054,824,17
mpsenet,TSTransformer.3.time_transformer.norm1,6,16,0.73616487,824,17
mpsenet,TSTransformer.3.time_transformer.norm1,6,17,0.7563266,824,17
mpsenet,TSTransformer.3.time_transformer.norm1,6,18,0.7756504,824,17
mpsenet,TSTransformer.3.time_transformer.norm1,6,19,0.79407036,824,17
mpsenet,TSTransformer.3.time_transformer.norm1,6,20,0.81154346,824,17
mpsenet,TSTransformer.3.time_transformer.norm1,6,21,0.8280292,824,17
mpsenet,TSTransformer.3.time_transformer.norm1,6,22,0.8435175,824,17
mpsenet,TSTransformer.3.time_transformer.norm1,6,23,0.8580136,824,17
mpsenet,TSTransformer.3.time_transformer.norm1,6,24,0.8715134,824,17
mpsenet,TSTransformer.3.time_transformer.norm1,6,25,0.88403594,824,17
mpsenet,TSTransformer.3.time_transformer.norm1,6,26,0.8956167,824,17
mpsenet,TSTransformer.3.time_transformer.norm1,6,27,0.9062834,824,17
mpsenet,TSTransformer.3.time_transformer.norm1,6,28,0.9160862,824,17
mpsenet,TSTransformer.3.time_transformer.norm1,6,29,0.92505896,824,17
mpsenet,TSTransformer.3.time_transformer.norm1,6,30,0.9332489,824,17
mpsenet,TSTransformer.3.freq_transformer.norm1,7,-10,0.15054342,824,17
mpsenet,TSTransformer.3.freq_transformer.norm1,7,-9,0.15751106,824,17
mpsenet,TSTransformer.3.freq_transformer.norm1,7,-8,0.16522485,824,17
mpsenet,TSTransformer.3.freq_transformer.norm1,7,-7,0.17381026,824,17
mpsenet,TSTransformer.3.freq_transformer.norm1,7,-6,0.18336639,824,17
mpsenet,TSTransformer.3.freq_transformer.norm1,7,-5,0.19397771,824,17
mpsenet,TSTransformer.3.freq_transformer.norm1,7,-4,0.20573571,824,17
mpsenet,TSTransformer.3.freq_transformer.norm1,7,-3,0.21872252,824,17
mpsenet,TSTransformer.3.freq_transformer.norm1,7,-2,0.23301747,824,17
mpsenet,TSTransformer.3.freq_transformer.norm1,7,-1,0.24867447,824,17
mpsenet,TSTransformer.3.freq_transformer.norm1,7,0,0.26575375,824,17
mpsenet,TSTransformer.3.freq_transformer.norm1,7,1,0.28427586,824,17
mpsenet,TSTransformer.3.freq_transformer.norm1,7,2,0.30423,824,17
mpsenet,TSTransformer.3.freq_transformer.norm1,7,3,0.32559678,824,17
mpsenet,TSTransformer.3.freq_transformer.norm1,7,4,0.34833613,824,17
mpsenet,TSTransformer.3.freq_transformer.norm1,7,5,0.3723584,824,17
mpsenet,TSTransformer.3.freq_transformer.norm1,7,6,0.39755252,824,17
mpsenet,TSTransformer.3.freq_transformer.norm1,7,7,0.4237763,824,17
mpsenet,TSTransformer.3.freq_transformer.norm1,7,8,0.45086208,824,17
mpsenet,TSTransformer.3.freq_transformer.norm1,7,9,0.4786346,824,17
mpsenet,TSTransformer.3.freq_transformer.norm1,7,10,0.5068656,824,17
mpsenet,TSTransformer.3.freq_transformer.norm1,7,11,0.53538966,824,17
mpsenet,TSTransformer.3.freq_transformer.norm1,7,12,0.5640029,824,17
mpsenet,TSTransformer.3.freq_transformer.norm1,7,13,0.59247214,824,17
mpsenet,TSTransformer.3.freq_transformer.norm1,7,14,0.62060875,824,17
mpsenet,TSTransformer.3.freq_transformer.norm1,7,15,0.64822304,824,17
mpsenet,TSTransformer.3.freq_transformer.norm1,7,16,0.675112,824,17
mpsenet,TSTransformer.3.freq_transformer.norm1,7,17,0.7011267,824,17
mpsenet,TSTransformer.3.freq_transformer.norm1,7,18,0.72609895,824,17
mpsenet,TSTransformer.3.freq_transformer.norm1,7,19,0.74992454,824,17
mpsenet,TSTransformer.3.freq_transformer.norm1,7,20,0.7724951,824,17
mpsenet,TSTransformer.3.freq_transformer.norm1,7,21,0.7937583,824,17
mpsenet,TSTransformer.3.freq_transformer.norm1,7,22,0.8136559,824,17
mpsenet,TSTransformer.3.freq_transformer.norm1,7,23,0.8321728,824,17
mpsenet,TSTransformer.3.freq_transformer.norm1,7,24,0.8493143,824,17
mpsenet,TSTransformer.3.freq_transformer.norm1,7,25,0.86510456,824,17
mpsenet,TSTransformer.3.freq_transformer.norm1,7,26,0.8796003,824,17
mpsenet,TSTransformer.3.freq_transformer.norm1,7,27,0.8928308,824,17
mpsenet,TSTransformer.3.freq_transformer.norm1,7,28,0.90487903,824,17
mpsenet,TSTransformer.3.freq_transformer.norm1,7,29,0.9158035,824,17
mpsenet,TSTransformer.3.freq_transformer.norm1,7,30,0.925674,824,17
demucs,encoder.0,0,-10,0.08808553,824,17
demucs,encoder.0,0,-9,0.10879967,824,17
demucs,encoder.0,0,-8,0.1337501,824,17
demucs,encoder.0,0,-7,0.16346236,824,17
demucs,encoder.0,0,-6,0.19836172,824,17
demucs,encoder.0,0,-5,0.23869102,824,17
demucs,encoder.0,0,-4,0.28441983,824,17
demucs,encoder.0,0,-3,0.33516264,824,17
demucs,encoder.0,0,-2,0.39012876,824,17
demucs,encoder.0,0,-1,0.44812834,824,17
demucs,encoder.0,0,0,0.50764936,824,17
demucs,encoder.0,0,1,0.5670025,824,17
demucs,encoder.0,0,2,0.6245086,824,17
demucs,encoder.0,0,3,0.6786868,824,17
demucs,encoder.0,0,4,0.7283982,824,17
demucs,encoder.0,0,5,0.7729197,824,17
demucs,encoder.0,0,6,0.8119425,824,17
demucs,encoder.0,0,7,0.84551185,824,17
demucs,encoder.0,0,8,0.87393594,824,17
demucs,encoder.0,0,9,0.89768994,824,17
demucs,encoder.0,0,10,0.9173304,824,17
demucs,encoder.0,0,11,0.9334326,824,17
demucs,encoder.0,0,12,0.9465457,824,17
demucs,encoder.0,0,13,0.9571682,824,17
demucs,encoder.0,0,14,0.9657381,824,17
demucs,encoder.0,0,15,0.9726304,824,17
demucs,encoder.0,0,16,0.97816044,824,17
demucs,encoder.0,0,17,0.9825881,824,17
demucs,encoder.0,0,18,0.9861271,824,17
demucs,encoder.0,0,19,0.988952,824,17
demucs,encoder.0,0,20,0.991204,824,17
demucs,encoder.0,0,21,0.99299634,824,17
demucs,encoder.0,0,22,0.9944217,824,17
demucs,encoder.0,0,23,0.995554,824,17
demucs,encoder.0,0,24,0.9964526,824,17
demucs,encoder.0,0,25,0.99716467,824,17
demucs,encoder.0,0,26,0.99773,824,17
demucs,encoder.0,0,27,0.99817926,824,17
demucs,encoder.0,0,28,0.9985364,824,17
demucs,encoder.0,0,29,0.99882025,824,17
demucs,encoder.0,0,30,0.99904656,824,17
demucs,encoder.1,1,-10,0.08523033,824,17
demucs,encoder.1,1,-9,0.10502296,824,17
demucs,encoder.1,1,-8,0.12885582,824,17
demucs,encoder.1,1,-7,0.15725066,824,17
demucs,encoder.1,1,-6,0.19064929,824,17
demucs,encoder.1,1,-5,0.2293413,824,17
demucs,encoder.1,1,-4,0.27337572,824,17
demucs,encoder.1,1,-3,0.3224761,824,17
demucs,encoder.1,1,-2,0.37597993,824,17
demucs,encoder.1,1,-1,0.4328237,824,17
demucs,encoder.1,1,0,0.49159914,824,17
demucs,encoder.1,1,1,0.55067754,824,17
demucs,encoder.1,1,2,0.608386,824,17
demucs,encoder.1,1,3,0.6632009,824,17
demucs,encoder.1,1,4,0.713901,824,17
demucs,encoder.1,1,5,0.759658,824,17
demucs,encoder.1,1,6,0.80005443,824,17
demucs,encoder.1,1,7,0.83503693,824,17
demucs,encoder.1,1,8,0.8648355,824,17
demucs,encoder.1,1,9,0.889872,824,17
demucs,encoder.1,1,10,0.910671,824,17
demucs,encoder.1,1,11,0.9277941,824,17
demucs,encoder.1,1,12,0.94178843,824,17
demucs,encoder.1,1,13,0.95316195,824,17
demucs,encoder.1,1,14,0.96236396,824,17
demucs,encoder.1,1,15,0.96978587,824,17
demucs,encoder.1,1,16,0.9757575,824,17
demucs,encoder.1,1,17,0.9805536,824,17
demucs,encoder.1,1,18,0.9844016,824,17
demucs,encoder.1,1,19,0.98748696,824,17
demucs,encoder.1,1,20,0.98995906,824,17
demucs,encoder.1,1,21,0.9919418,824,17
demucs,encoder.1,1,22,0.9935312,824,17
demucs,encoder.1,1,23,0.994806,824,17
demucs,encoder.1,1,24,0.9958295,824,17
demucs,encoder.1,1,25,0.99665046,824,17
demucs,encoder.1,1,26,0.9973102,824,17
demucs,encoder.1,1,27,0.99783957,824,17
demucs,encoder.1,1,28,0.9982647,824,17
demucs,encoder.1,1,29,0.998606,824,17
demucs,encoder.1,1,30,0.9988799,824,17
demucs,encoder.2,2,-10,0.055507693,824,17
demucs,encoder.2,2,-9,0.06725329,824,17
demucs,encoder.2,2,-8,0.0815491,824,17
demucs,encoder.2,2,-7,0.098831296,824,17
demucs,encoder.2,2,-6,0.11955842,824,17
demucs,encoder.2,2,-5,0.14418802,824,17
demucs,encoder.2,2,-4,0.17314196,824,17
demucs,encoder.2,2,-3,0.20675994,824,17
demucs,encoder.2,2,-2,0.2452407,824,17
demucs,encoder.2,2,-1,0.28857148,824,17
demucs,encoder.2,2,0,0.33646175,824,17
demucs,encoder.2,2,1,0.38828716,824,17
demucs,encoder.2,2,2,0.44306746,824,17
demucs,encoder.2,2,3,0.49950808,824,17
demucs,encoder.2,2,4,0.55609715,824,17
demucs,encoder.2,2,5,0.6112652,824,17
demucs,encoder.2,2,6,0.66357476,824,17
demucs,encoder.2,2,7,0.71188205,824,17
demucs,encoder.2,2,8,0.75542694,824,17
demucs,encoder.2,2,9,0.7938535,824,17
demucs,encoder.2,2,10,0.8271612,824,17
demucs,encoder.2,2,11,0.85561717,824,17
demucs,encoder.2,2,12,0.8796551,824,17
demucs,encoder.2,2,13,0.8997895,824,17
demucs,encoder.2,2,14,0.9165527,824,17
demucs,encoder.2,2,15,0.93045115,824,17
demucs,encoder.2,2,16,0.941944,824,17
demucs,encoder.2,2,17,0.95143604,824,17
demucs,encoder.2,2,18,0.95927376,824,17
demucs,encoder.2,2,19,0.96575177,824,17
demucs,encoder.2,2,20,0.9711138,824,17
demucs,encoder.2,2,21,0.9755621,824,17
demucs,encoder.2,2,22,0.979263,824,17
demucs,encoder.2,2,23,0.982352,824,17
demucs,encoder.2,2,24,0.98493874,824,17
demucs,encoder.2,2,25,0.9871116,824,17
demucs,encoder.2,2,26,0.98894346,824,17
demucs,encoder.2,2,27,0.9904932,824,17
demucs,encoder.2,2,28,0.9918096,824,17
demucs,encoder.2,2,29,0.99293303,824,17
demucs,encoder.2,2,30,0.9938961,824,17
demucs,encoder.3,3,-10,0.06381641,824,17
demucs,encoder.3,3,-9,0.076442055,824,17
demucs,encoder.3,3,-8,0.092319906,824,17
demucs,encoder.3,3,-7,0.11206094,824,17
demucs,encoder.3,3,-6,0.13626538,824,17
demucs,encoder.3,3,-5,0.1654632,824,17
demucs,encoder.3,3,-4,0.20004609,824,17
demucs,encoder.3,3,-3,0.2401998,824,17
demucs,encoder.3,3,-2,0.28583652,824,17
demucs,encoder.3,3,-1,0.33650813,824,17
demucs,encoder.3,3,0,0.39135632,824,17
demucs,encoder.3,3,1,0.44909117,824,17
demucs,encoder.3,3,2,0.5080655,824,17
demucs,encoder.3,3,3,0.566455,824,17
demucs,encoder.3,3,4,0.62248224,824,17
demucs,encoder.3,3,5,0.67463714,824,17
demucs,encoder.3,3,6,0.721864,824,17
demucs,encoder.3,3,7,0.7635953,824,17
demucs,encoder.3,3,8,0.7997204,824,17
demucs,encoder.3,3,9,0.83048093,824,17
demucs,encoder.3,3,10,0.8563476,824,17
demucs,encoder.3,3,11,0.87792104,824,17
demucs,encoder.3,3,12,0.8958255,824,17
demucs,encoder.3,3,13,0.91065806,824,17
demucs,encoder.3,3,14,0.92295766,824,17
demucs,encoder.3,3,15,0.93318945,824,17
demucs,encoder.3,3,16,0.9417411,824,17
demucs,encoder.3,3,17,0.94892764,824,17
demucs,encoder.3,3,18,0.955006,824,17
demucs,encoder.3,3,19,0.960185,824,17
demucs,encoder.3,3,20,0.96463186,824,17
demucs,encoder.3,3,21,0.9684786,824,17
demucs,encoder.3,3,22,0.9718324,824,17
demucs,encoder.3,3,23,0.9747806,824,17
demucs,encoder.3,3,24,0.97739124,824,17
demucs,encoder.3,3,25,0.9797163,824,17
demucs,encoder.3,3,26,0.9817947,824,17
demucs,encoder.3,3,27,0.983657,824,17
demucs,encoder.3,3,28,0.98532706,824,17
demucs,encoder.3,3,29,0.98682946,824,17
demucs,encoder.3,3,30,0.98818654,824,17
demucs,encoder.4,4,-10,0.17007,824,17
demucs,encoder.4,4,-9,0.18624407,824,17
demucs,encoder.4,4,-8,0.20434809,824,17
demucs,encoder.4,4,-7,0.22449555,824,17
demucs,encoder.4,4,-6,0.24676694,824,17
demucs,encoder.4,4,-5,0.2712025,824,17
demucs,encoder.4,4,-4,0.29778853,824,17
demucs,encoder.4,4,-3,0.32643962,824,17
demucs,encoder.4,4,-2,0.35698795,824,17
demucs,encoder.4,4,-1,0.3891659,824,17
demucs,encoder.4,4,0,0.42262632,824,17
demucs,encoder.4,4,1,0.45695022,824,17
demucs,encoder.4,4,2,0.49163407,824,17
demucs,encoder.4,4,3,0.5261745,824,17
demucs,encoder.4,4,4,0.5600955,824,17
demucs,encoder.4,4,5,0.5929489,824,17
demucs,encoder.4,4,6,0.6243085,824,17
demucs,encoder.4,4,7,0.6539245,824,17
demucs,encoder.4,4,8,0.6815644,824,17
demucs,encoder.4,4,9,0.7071023,824,17
demucs,encoder.4,4,10,0.73050606,824,17
demucs,encoder.4,4,11,0.75186026,824,17
demucs,encoder.4,4,12,0.7712478,824,17
demucs,encoder.4,4,13,0.78876346,824,17
demucs,encoder.4,4,14,0.80458015,824,17
demucs,encoder.4,4,15,0.8188431,824,17
demucs,encoder.4,4,16,0.8317221,824,17
demucs,encoder.4,4,17,0.8434125,824,17
demucs,encoder.4,4,18,0.85405666,824,17
demucs,encoder.4,4,19,0.8637855,824,17
demucs,encoder.4,4,20,0.87274504,824,17
demucs,encoder.4,4,21,0.8810201,824,17
demucs,encoder.4,4,22,0.88870156,824,17
demucs,encoder.4,4,23,0.89586204,824,17
demucs,encoder.4,4,24,0.9025916,824,17
demucs,encoder.4,4,25,0.9089651,824,17
demucs,encoder.4,4,26,0.9150221,824,17
demucs,encoder.4,4,27,0.9207642,824,17
demucs,encoder.4,4,28,0.9261777,824,17
demucs,encoder.4,4,29,0.9312954,824,17
demucs,encoder.4,4,30,0.9361579,824,17
demucs,lstm,5,-10,0.7404242,824,17
demucs,lstm,5,-9,0.7523507,824,17
demucs,lstm,5,-8,0.7637516,824,17
demucs,lstm,5,-7,0.77457154,824,17
demucs,lstm,5,-6,0.7847622,824,17
demucs,lstm,5,-5,0.79423165,824,17
demucs,lstm,5,-4,0.80292916,824,17
demucs,lstm,5,-3,0.81066585,824,17
demucs,lstm,5,-2,0.817641,824,17
demucs,lstm,5,-1,0.824043,824,17
demucs,lstm,5,0,0.82999575,824,17
demucs,lstm,5,1,0.83549017,824,17
demucs,lstm,5,2,0.8406009,824,17
demucs,lstm,5,3,0.84538084,824,17
demucs,lstm,5,4,0.8500015,824,17
demucs,lstm,5,5,0.8545975,824,17
demucs,lstm,5,6,0.8592573,824,17
demucs,lstm,5,7,0.8638505,824,17
demucs,lstm,5,8,0.8684066,824,17
demucs,lstm,5,9,0.8729861,824,17
demucs,lstm,5,10,0.87750036,824,17
demucs,lstm,5,11,0.88177985,824,17
demucs,lstm,5,12,0.8857908,824,17
demucs,lstm,5,13,0.8896928,824,17
demucs,lstm,5,14,0.89345723,824,17
demucs,lstm,5,15,0.8970703,824,17
demucs,lstm,5,16,0.9004669,824,17
demucs,lstm,5,17,0.9036649,824,17
demucs,lstm,5,18,0.9066922,824,17
demucs,lstm,5,19,0.90961605,824,17
demucs,lstm,5,20,0.912405,824,17
demucs,lstm,5,21,0.9150183,824,17
demucs,lstm,5,22,0.9174543,824,17
demucs,lstm,5,23,0.9197661,824,17
demucs,lstm,5,24,0.92193824,824,17
demucs,lstm,5,25,0.9240571,824,17
demucs,lstm,5,26,0.92618436,824,17
demucs,lstm,5,27,0.92835975,824,17
demucs,lstm,5,28,0.93068135,824,17
demucs,lstm,5,29,0.93311393,824,17
demucs,lstm,5,30,0.9356183,824,17
demucs,decoder.0,6,-10,0.5858556,824,17
demucs,decoder.0,6,-9,0.60486335,824,17
demucs,decoder.0,6,-8,0.62290895,824,17
demucs,decoder.0,6,-7,0.63975805,824,17
demucs,decoder.0,6,-6,0.65518016,824,17
demucs,decoder.0,6,-5,0.66932476,824,17
demucs,decoder.0,6,-4,0.6820594,824,17
demucs,decoder.0,6,-3,0.6933056,824,17
demucs,decoder.0,6,-2,0.70332646,824,17
demucs,decoder.0,6,-1,0.7125393,824,17
demucs,decoder.0,6,0,0.7211845,824,17
demucs,decoder.0,6,1,0.72930336,824,17
demucs,decoder.0,6,2,0.73689276,824,17
demucs,decoder.0,6,3,0.7438846,824,17
demucs,decoder.0,6,4,0.7503884,824,17
demucs,decoder.0,6,5,0.756892,824,17
demucs,decoder.0,6,6,0.7637265,824,17
demucs,decoder.0,6,7,0.7706704,824,17
demucs,decoder.0,6,8,0.777804,824,17
demucs,decoder.0,6,9,0.7848807,824,17
demucs,decoder.0,6,10,0.7918642,824,17
demucs,decoder.0,6,11,0.7987421,824,17
demucs,decoder.0,6,12,0.8053347,824,17
demucs,decoder.0,6,13,0.8117822,824,17
demucs,decoder.0,6,14,0.8178077,824,17
demucs,decoder.0,6,15,0.82332724,824,17
demucs,decoder.0,6,16,0.82781,824,17
demucs,decoder.0,6,17,0.831628,824,17
demucs,decoder.0,6,18,0.8348809,824,17
demucs,decoder.0,6,19,0.8376361,824,17
demucs,decoder.0,6,20,0.8400178,824,17
demucs,decoder.0,6,21,0.8419328,824,17
demucs,decoder.0,6,22,0.84351957,824,17
demucs,decoder.0,6,23,0.84458613,824,17
demucs,decoder.0,6,24,0.8453701,824,17
demucs,decoder.0,6,25,0.84602565,824,17
demucs,decoder.0,6,26,0.846706,824,17
demucs,decoder.0,6,27,0.84746605,824,17
demucs,decoder.0,6,28,0.84846,824,17
demucs,decoder.0,6,29,0.8496111,824,17
demucs,decoder.0,6,30,0.8510719,824,17
demucs,decoder.1,7,-10,0.6003588,824,17
demucs,decoder.1,7,-9,0.62204266,824,17
demucs,decoder.1,7,-8,0.64229435,824,17
demucs,decoder.1,7,-7,0.6609528,824,17
demucs,decoder.1,7,-6,0.678243,824,17
demucs,decoder.1,7,-5,0.6943754,824,17
demucs,decoder.1,7,-4,0.70908445,824,17
demucs,decoder.1,7,-3,0.7223178,824,17
demucs,decoder.1,7,-2,0.73430806,824,17
demucs,decoder.1,7,-1,0.74552727,824,17
demucs,decoder.1,7,0,0.75613153,824,17
demucs,decoder.1,7,1,0.7659942,824,17
demucs,decoder.1,7,2,0.774987,824,17
demucs,decoder.1,7,3,0.7832369,824,17
demucs,decoder.1,7,4,0.7911468,824,17
demucs,decoder.1,7,5,0.7989759,824,17
demucs,decoder.1,7,6,0.8066029,824,17
demucs,decoder.1,7,7,0.8135553,824,17
demucs,decoder.1,7,8,0.82005835,824,17
demucs,decoder.1,7,9,0.826267,824,17
demucs,decoder.1,7,10,0.83269835,824,17
demucs,decoder.1,7,11,0.8393162,824,17
demucs,decoder.1,7,12,0.8456878,824,17
demucs,decoder.1,7,13,0.851881,824,17
demucs,decoder.1,7,14,0.85763997,824,17
demucs,decoder.1,7,15,0.86295253,824,17
demucs,decoder.1,7,16,0.86736447,824,17
demucs,decoder.1,7,17,0.8709583,824,17
demucs,decoder.1,7,18,0.8737774,824,17
demucs,decoder.1,7,19,0.8759336,824,17
demucs,decoder.1,7,20,0.8774362,824,17
demucs,decoder.1,7,21,0.87833124,824,17
demucs,decoder.1,7,22,0.87844515,824,17
demucs,decoder.1,7,23,0.8775457,824,17
demucs,decoder.1,7,24,0.8754945,824,17
demucs,decoder.1,7,25,0.8724589,824,17
demucs,decoder.1,7,26,0.8686432,824,17
demucs,decoder.1,7,27,0.86436313,824,17
demucs,decoder.1,7,28,0.8598307,824,17
demucs,decoder.1,7,29,0.8551177,824,17
demucs,decoder.1,7,30,0.85048884,824,17
demucs,decoder.2,8,-10,0.5020931,824,17
demucs,decoder.2,8,-9,0.52317184,824,17
demucs,decoder.2,8,-8,0.5429495,824,17
demucs,decoder.2,8,-7,0.5612544,824,17
demucs,decoder.2,8,-6,0.5782845,824,17
demucs,decoder.2,8,-5,0.59411657,824,17
demucs,decoder.2,8,-4,0.60848826,824,17
demucs,decoder.2,8,-3,0.6213605,824,17
demucs,decoder.2,8,-2,0.6329728,824,17
demucs,decoder.2,8,-1,0.6439503,824,17
demucs,decoder.2,8,0,0.6544376,824,17
demucs,decoder.2,8,1,0.664293,824,17
demucs,decoder.2,8,2,0.6733715,824,17
demucs,decoder.2,8,3,0.6822408,824,17
demucs,decoder.2,8,4,0.6914264,824,17
demucs,decoder.2,8,5,0.7010747,824,17
demucs,decoder.2,8,6,0.7108987,824,17
demucs,decoder.2,8,7,0.7203575,824,17
demucs,decoder.2,8,8,0.7300684,824,17
demucs,decoder.2,8,9,0.74042875,824,17
demucs,decoder.2,8,10,0.7509424,824,17
demucs,decoder.2,8,11,0.7610752,824,17
demucs,decoder.2,8,12,0.77065074,824,17
demucs,decoder.2,8,13,0.7799462,824,17
demucs,decoder.2,8,14,0.7882836,824,17
demucs,decoder.2,8,15,0.7951174,824,17
demucs,decoder.2,8,16,0.7996864,824,17
demucs,decoder.2,8,17,0.80246335,824,17
demucs,decoder.2,8,18,0.80376136,824,17
demucs,decoder.2,8,19,0.8038349,824,17
demucs,decoder.2,8,20,0.8025686,824,17
demucs,decoder.2,8,21,0.7999732,824,17
demucs,decoder.2,8,22,0.7957239,824,17
demucs,decoder.2,8,23,0.7893242,824,17
demucs,decoder.2,8,24,0.7809719,824,17
demucs,decoder.2,8,25,0.7708685,824,17
demucs,decoder.2,8,26,0.75954306,824,17
demucs,decoder.2,8,27,0.7474313,824,17
demucs,decoder.2,8,28,0.7348266,824,17
demucs,decoder.2,8,29,0.72181416,824,17
demucs,decoder.2,8,30,0.708842,824,17
demucs,decoder.3,9,-10,0.47572535,824,17
demucs,decoder.3,9,-9,0.49336994,824,17
demucs,decoder.3,9,-8,0.50971824,824,17
demucs,decoder.3,9,-7,0.52460337,824,17
demucs,decoder.3,9,-6,0.53824306,824,17
demucs,decoder.3,9,-5,0.5508781,824,17
demucs,decoder.3,9,-4,0.56222665,824,17
demucs,decoder.3,9,-3,0.57225966,824,17
demucs,decoder.3,9,-2,0.5812252,824,17
demucs,decoder.3,9,-1,0.5898729,824,17
demucs,decoder.3,9,0,0.59849954,824,17
demucs,decoder.3,9,1,0.60689104,824,17
demucs,decoder.3,9,2,0.6146502,824,17
demucs,decoder.3,9,3,0.6225784,824,17
demucs,decoder.3,9,4,0.6312803,824,17
demucs,decoder.3,9,5,0.6405608,824,17
demucs,decoder.3,9,6,0.65005255,824,17
demucs,decoder.3,9,7,0.65932596,824,17
demucs,decoder.3,9,8,0.66920984,824,17
demucs,decoder.3,9,9,0.6805142,824,17
demucs,decoder.3,9,10,0.69223356,824,17
demucs,decoder.3,9,11,0.70331484,824,17
demucs,decoder.3,9,12,0.7137149,824,17
demucs,decoder.3,9,13,0.7237198,824,17
demucs,decoder.3,9,14,0.7323572,824,17
demucs,decoder.3,9,15,0.7389045,824,17
demucs,decoder.3,9,16,0.7424161,824,17
demucs,decoder.3,9,17,0.7435795,824,17
demucs,decoder.3,9,18,0.74259937,824,17
demucs,decoder.3,9,19,0.7398577,824,17
demucs,decoder.3,9,20,0.7352664,824,17
demucs,decoder.3,9,21,0.7287552,824,17
demucs,decoder.3,9,22,0.719898,824,17
demucs,decoder.3,9,23,0.70800894,824,17
demucs,decoder.3,9,24,0.6934633,824,17
demucs,decoder.3,9,25,0.6768592,824,17
demucs,decoder.3,9,26,0.65891165,824,17
demucs,decoder.3,9,27,0.6402438,824,17
demucs,decoder.3,9,28,0.621324,824,17
demucs,decoder.3,9,29,0.6021747,824,17
demucs,decoder.3,9,30,0.5832915,824,17
demucs,decoder.4,10,-10,0.36553806,824,17
demucs,decoder.4,10,-9,0.40684876,824,17
demucs,decoder.4,10,-8,0.4490271,824,17
demucs,decoder.4,10,-7,0.49158052,824,17
demucs,decoder.4,10,-6,0.5341467,824,17
demucs,decoder.4,10,-5,0.5759971,824,17
demucs,decoder.4,10,-4,0.61653024,824,17
demucs,decoder.4,10,-3,0.65531886,824,17
demucs,decoder.4,10,-2,0.6918995,824,17
demucs,decoder.4,10,-1,0.7260566,824,17
demucs,decoder.4,10,0,0.75755167,824,17
demucs,decoder.4,10,1,0.78622806,824,17
demucs,decoder.4,10,2,0.81213504,824,17
demucs,decoder.4,10,3,0.8354249,824,17
demucs,decoder.4,10,4,0.8561389,824,17
demucs,decoder.4,10,5,0.87445325,824,17
demucs,decoder.4,10,6,0.8906109,824,17
demucs,decoder.4,10,7,0.90474325,824,17
demucs,decoder.4,10,8,0.91704094,824,17
demucs,decoder.4,10,9,0.9277094,824,17
demucs,decoder.4,10,10,0.93694884,824,17
demucs,decoder.4,10,11,0.94499815,824,17
demucs,decoder.4,10,12,0.95197135,824,17
demucs,decoder.4,10,13,0.95806545,824,17
demucs,decoder.4,10,14,0.96333855,824,17
demucs,decoder.4,10,15,0.9678524,824,17
demucs,decoder.4,10,16,0.9717157,824,17
demucs,decoder.4,10,17,0.97517,824,17
demucs,decoder.4,10,18,0.9782346,824,17
demucs,decoder.4,10,19,0.98091227,824,17
demucs,decoder.4,10,20,0.9832233,824,17
demucs,decoder.4,10,21,0.98522365,824,17
demucs,decoder.4,10,22,0.9869261,824,17
demucs,decoder.4,10,23,0.9883637,824,17
demucs,decoder.4,10,24,0.9895588,824,17
demucs,decoder.4,10,25,0.99054587,824,17
demucs,decoder.4,10,26,0.9913531,824,17
demucs,decoder.4,10,27,0.9920051,824,17
demucs,decoder.4,10,28,0.9925201,824,17
demucs,decoder.4,10,29,0.9929151,824,17
demucs,decoder.4,10,30,0.993205,824,17
