tag_a,tag_b,arm_a,arm_b,layer,depth,stage,frozen_in_a,frozen_in_b,n_units,d_auc,d_auc_lo,d_auc_hi,d_auc_sig,d_c_low,d_c_low_lo,d_c_low_hi,d_c_low_sig,d_beta,d_beta_lo,d_beta_hi,d_beta_sig
full_ft__seed1234,pre_ft,full_ft,pre_ft,TCFTransformer.encoder_level1.mhca_blks.0.transformer_layers.0.norm1,0,encoder_level1,False,False,780,0.00018573799385512846,0.00017725758705095518,0.0001947543441167765,True,0.0005391212151607538,0.0005138394366472731,0.0005673309159584056,True,-1.8588804063387512e-05,-1.9583650850742345e-05,-1.7712919787318252e-05,True
full_ft__seed1234,pre_ft,full_ft,pre_ft,TCFTransformer.encoder_level1.mhca_blks.0.transformer_layers.1.norm1,1,encoder_level1,False,False,780,0.0006850269194853542,0.0006606682523388419,0.0007132754722430412,True,0.0018668341178145198,0.0018104273359739408,0.001939026476480246,True,-6.314835470468399e-05,-6.565189877507215e-05,-6.122067197423803e-05,True
full_ft__seed1234,pre_ft,full_ft,pre_ft,TCFTransformer.encoder_level1.mhca_blks.0.transformer_layers.2.norm1,2,encoder_level1,False,False,780,-0.000826304490622487,-0.0009090019133194849,-0.000744124509219335,True,-0.001239472658205787,-0.0014205757765422683,-0.0010478176497488666,True,5.456515818321069e-05,4.7702406809089146e-05,6.101566860294349e-05,True
full_ft__seed1234,pre_ft,full_ft,pre_ft,TCFTransformer.encoder_level1.mhca_blks.0.transformer_layers.3.norm1,3,encoder_level1,False,False,780,-0.000598954256528561,-0.0007054500813219094,-0.0005011245115291136,True,-0.0006711449378594692,-0.0009116823852842404,-0.0004320935014737739,True,3.865246586008892e-05,3.017550691408661e-05,4.7037283942263945e-05,True
full_ft__seed1234,pre_ft,full_ft,pre_ft,TCFTransformer.encoder_level2.mhca_blks.0.transformer_layers.0.norm1,4,encoder_level2,False,False,780,-0.00037408567901386913,-0.0005069604164675418,-0.00024319366071165474,True,-2.9746614970571628e-05,-0.00035507317231384117,0.0002807158877433239,False,4.176678910172433e-06,-7.43848225298796e-06,1.596601096534397e-05,False
full_ft__seed1234,pre_ft,full_ft,pre_ft,TCFTransformer.encoder_level2.mhca_blks.0.transformer_layers.1.norm1,5,encoder_level2,False,False,780,0.0039949502108191925,0.003524982547530764,0.004459762623358873,True,0.013913132059269473,0.012678141964170142,0.015112981917384421,True,-0.0003806913239615215,-0.0004233716238213199,-0.00033653769736036073,True
full_ft__seed1234,pre_ft,full_ft,pre_ft,TCFTransformer.encoder_level2.mhca_blks.0.transformer_layers.2.norm1,6,encoder_level2,False,False,780,-0.00018917879997149,-0.000972323521828114,0.0004956915213798839,False,0.005028049594317241,0.0033044952807504717,0.006742010990396634,True,0.00010617332567329192,4.294677848092685e-05,0.00016959958967274237,True
full_ft__seed1234,pre_ft,full_ft,pre_ft,TCFTransformer.encoder_level2.mhca_blks.0.transformer_layers.3.norm1,7,encoder_level2,False,False,780,0.014348523420655401,0.012573469512188674,0.015789312819384865,True,0.05788228805248585,0.05379548562165256,0.06135986917312978,True,-0.0016018227364151092,-0.0017273868042651176,-0.0014514521890390166,True
full_ft__seed1234,pre_ft,full_ft,pre_ft,TCFTransformer.latent.mhca_blks.0.transformer_layers.0.norm1,8,latent,False,False,780,0.0027910110940276844,0.0017624711628972194,0.0036823668916292017,True,0.008205800805336172,0.005891728669786311,0.010391425849916943,True,-8.737285102238587e-05,-0.000164841684499199,-6.804444332890019e-06,True
full_ft__seed1234,pre_ft,full_ft,pre_ft,TCFTransformer.latent.mhca_blks.0.transformer_layers.1.norm1,9,latent,False,False,780,0.012663391596103857,0.011793416143116247,0.013557898370198745,True,0.02919989807483414,0.027446530395210826,0.030836028236226845,True,-0.0009121219186455187,-0.0009717592976124253,-0.0008523512999913775,True
full_ft__seed1234,pre_ft,full_ft,pre_ft,TCFTransformer.latent.mhca_blks.0.transformer_layers.2.norm1,10,latent,False,False,780,0.017884797423313392,0.016826077269008255,0.01902553788508851,True,0.036771707320825575,0.03473602699278332,0.03880480498419391,True,-0.0011997839383388414,-0.0012747981507834276,-0.0011284424674304543,True
full_ft__seed1234,pre_ft,full_ft,pre_ft,TCFTransformer.latent.mhca_blks.0.transformer_layers.3.norm1,11,latent,False,False,780,0.0268862388114256,0.025066904907122784,0.028770052413997202,True,0.044093211148028555,0.0407256304715293,0.0472029989266228,True,-0.0014833343251721316,-0.001592606055618133,-0.0013666994478869292,True
full_ft__seed1234,pre_ft,full_ft,pre_ft,TCFTransformer.decoder_level2.mhca_blks.0.transformer_layers.0.norm1,12,decoder_level2,False,False,780,0.0213959085052976,0.01875107616701113,0.02426338714067473,True,0.025181431609850202,0.019528842874062244,0.030657190926945153,True,-0.0006372767012197541,-0.0008394577951562071,-0.0004415356783446668,True
full_ft__seed1234,pre_ft,full_ft,pre_ft,TCFTransformer.decoder_level2.mhca_blks.0.transformer_layers.1.norm1,13,decoder_level2,False,False,780,0.02720228587555773,0.025147975655343748,0.029594336391028417,True,0.03884338295612566,0.034757904033439826,0.042924410834527395,True,-0.0011977386944526914,-0.001349936134740851,-0.0010542925026617057,True
full_ft__seed1234,pre_ft,full_ft,pre_ft,TCFTransformer.decoder_level2.mhca_blks.0.transformer_layers.2.norm1,14,decoder_level2,False,False,780,0.026507920211770064,0.02417849044632346,0.029024212485147267,True,0.0381046100992416,0.03360550524657527,0.042515319249570444,True,-0.0011156340103211215,-0.0012794213561952781,-0.0009532012661415998,True
full_ft__seed1234,pre_ft,full_ft,pre_ft,TCFTransformer.decoder_level2.mhca_blks.0.transformer_layers.3.norm1,15,decoder_level2,False,False,780,0.13282785411414677,0.12571422826151302,0.13985841682733174,True,0.16710312500213953,0.15819314215303748,0.17608182796148172,True,-0.004795974454306354,-0.005085450883625797,-0.0045266966934057766,True
full_ft__seed1234,pre_ft,full_ft,pre_ft,TCFTransformer.decoder_level1.mhca_blks.0.transformer_layers.0.norm1,16,decoder_level1,False,False,780,0.07357805229643832,0.06864080960026997,0.07846949901518951,True,0.07833236851371128,0.07140185770057991,0.08550148378704271,True,-0.0020412759418536198,-0.0022732029912897224,-0.0017979589520763744,True
full_ft__seed1234,pre_ft,full_ft,pre_ft,TCFTransformer.decoder_level1.mhca_blks.0.transformer_layers.1.norm1,17,decoder_level1,False,False,780,0.04127169088643623,0.037610722143091864,0.04493576186892273,True,0.026608521900115645,0.021458112648855478,0.03173992473727676,True,-0.00023753740870468935,-0.0004055380158439414,-6.0269671723446345e-05,True
full_ft__seed1234,pre_ft,full_ft,pre_ft,TCFTransformer.decoder_level1.mhca_blks.0.transformer_layers.2.norm1,18,decoder_level1,False,False,780,0.03905520954861863,0.03585696661210411,0.04240262636377509,True,0.02916369359462545,0.024132805588916582,0.03374803802351918,True,-0.00044116118960926994,-0.0005849650454717658,-0.0002729660334192831,True
full_ft__seed1234,pre_ft,full_ft,pre_ft,TCFTransformer.decoder_level1.mhca_blks.0.transformer_layers.3.norm1,19,decoder_level1,False,False,780,0.04460281921916831,0.04081373511605862,0.04819819227517715,True,0.03152169903883739,0.026613174420135634,0.035935124686514226,True,-0.0002895959565490753,-0.0004214162160658863,-0.00013349939448442796,True
full_ft__seed1234,pre_ft,full_ft,pre_ft,TCFTransformer.mag_refinement.mhca_blks.0.transformer_layers.0.norm1,20,mag_refinement,False,False,780,0.07096357198798253,0.06676899344958821,0.07519548716603079,True,0.08607050660328974,0.08042880601894313,0.09164732092714414,True,-0.0022888055697028523,-0.0024597548821340214,-0.00210597962434817,True
full_ft__seed1234,pre_ft,full_ft,pre_ft,TCFTransformer.mag_refinement.mhca_blks.0.transformer_layers.1.norm1,21,mag_refinement,False,False,780,0.053270811943863405,0.0499598140831016,0.05649706569566342,True,0.06683494967527848,0.06188522070455331,0.0716532794298272,True,-0.001839952803121614,-0.001981827364821198,-0.0016674811906048225,True
full_ft__seed1234,pre_ft,full_ft,pre_ft,TCFTransformer.mag_refinement.mhca_blks.0.transformer_layers.2.norm1,22,mag_refinement,False,False,780,0.05201821065085932,0.04893199829605195,0.055167324249923225,True,0.05885461862652763,0.05395839373834137,0.06323862646539172,True,-0.001568447347315803,-0.0017045606626471255,-0.0014005319689127463,True
full_ft__seed1234,pre_ft,full_ft,pre_ft,TCFTransformer.mag_refinement.mhca_blks.0.transformer_layers.3.norm1,23,mag_refinement,False,False,780,0.066910748265397,0.06313898976980942,0.07084423029275863,True,0.0748533593576679,0.0684965155683463,0.08054677034169545,True,-0.0020387718206931324,-0.002221253610894636,-0.00182980056088991,True
full_ft__seed2345,pre_ft,full_ft,pre_ft,TCFTransformer.encoder_level1.mhca_blks.0.transformer_layers.0.norm1,0,encoder_level1,False,False,780,0.00019091524756886802,0.0001823264330818003,0.00020000848231426226,True,0.0005527144517659677,0.0005272164914099098,0.0005810584559667598,True,-1.9095303072518226e-05,-2.009994849489653e-05,-1.821324461684414e-05,True
full_ft__seed2345,pre_ft,full_ft,pre_ft,TCFTransformer.encoder_level1.mhca_blks.0.transformer_layers.1.norm1,1,encoder_level1,False,False,780,0.0007377053351482754,0.0007117772120506128,0.0007672677196430249,True,0.001977367202440239,0.0019185114063509563,0.0020494719801042696,True,-6.735867488616211e-05,-6.985193918574861e-05,-6.531603685666267e-05,True
full_ft__seed2345,pre_ft,full_ft,pre_ft,TCFTransformer.encoder_level1.mhca_blks.0.transformer_layers.2.norm1,2,encoder_level1,False,False,780,-0.0008001524420122585,-0.000879105871829719,-0.0007193120538905584,True,-0.001252362911517979,-0.001427466337496308,-0.0010595290920680511,True,5.375633709327302e-05,4.6820330316656855e-05,5.9974375908780075e-05,True
full_ft__seed2345,pre_ft,full_ft,pre_ft,TCFTransformer.encoder_level1.mhca_blks.0.transformer_layers.3.norm1,3,encoder_level1,False,False,780,-0.0007342640393310784,-0.000842449949703783,-0.0006350664335306067,True,-0.0011133464635966206,-0.001351467570434728,-0.000868231551006352,True,5.2803481656371826e-05,4.45999590090536e-05,6.11812485493503e-05,True
full_ft__seed2345,pre_ft,full_ft,pre_ft,TCFTransformer.encoder_level2.mhca_blks.0.transformer_layers.0.norm1,4,encoder_level2,False,False,780,-0.00022785881136233588,-0.0003685689995493541,-9.63343213926993e-05,True,0.00031117129020052925,-3.4549005522663263e-05,0.000623201726338493,False,-8.561062255204872e-06,-2.0110311434909066e-05,3.796003524197316e-06,False
full_ft__seed2345,pre_ft,full_ft,pre_ft,TCFTransformer.encoder_level2.mhca_blks.0.transformer_layers.1.norm1,5,encoder_level2,False,False,780,0.001291184339385576,0.0008008617566434839,0.0018067549569137833,True,0.007860863667269125,0.0065503925555028516,0.009198627561332821,True,-0.00015144152317494693,-0.0001989182987677699,-0.00010499715526261853,True
full_ft__seed2345,pre_ft,full_ft,pre_ft,TCFTransformer.encoder_level2.mhca_blks.0.transformer_layers.2.norm1,6,encoder_level2,False,False,780,-0.0015882109519511634,-0.002371635353208526,-0.0008654264769977632,True,0.0033388832287908343,0.0015714349735224593,0.005078726777662881,True,0.00017091243688270455,0.00010865755709383492,0.00023552009104993923,True
full_ft__seed2345,pre_ft,full_ft,pre_ft,TCFTransformer.encoder_level2.mhca_blks.0.transformer_layers.3.norm1,7,encoder_level2,False,False,780,0.01604369075125045,0.014280943091974635,0.017460661066838846,True,0.059396128180700614,0.05533037379231229,0.06289943959124612,True,-0.0016986027874554646,-0.0018261788215690766,-0.0015513515483572473,True
full_ft__seed2345,pre_ft,full_ft,pre_ft,TCFTransformer.latent.mhca_blks.0.transformer_layers.0.norm1,8,latent,False,False,780,0.003949574255025734,0.0029839655536138933,0.004833213715376521,True,0.011224284554138708,0.008994551886350597,0.013316131723614266,True,-0.0001951046846859184,-0.00026578533328749227,-0.00011509422072896613,True
full_ft__seed2345,pre_ft,full_ft,pre_ft,TCFTransformer.latent.mhca_blks.0.transformer_layers.1.norm1,9,latent,False,False,780,0.012504355309483906,0.011621998332775127,0.013386515610986931,True,0.028311845644925393,0.0266019386870735,0.029915510364451506,True,-0.0008778747435722913,-0.0009356872713550866,-0.0008189886504435031,True
full_ft__seed2345,pre_ft,full_ft,pre_ft,TCFTransformer.latent.mhca_blks.0.transformer_layers.2.norm1,10,latent,False,False,780,0.018249829888471236,0.0171546107068754,0.01940793458358012,True,0.036962402799192495,0.03482903059400205,0.039065030236657826,True,-0.0012034986313043342,-0.0012821506151853657,-0.001128340716757037,True
full_ft__seed2345,pre_ft,full_ft,pre_ft,TCFTransformer.latent.mhca_blks.0.transformer_layers.3.norm1,11,latent,False,False,780,0.027048712118376894,0.02519066321941324,0.029006130733471677,True,0.03839979708958918,0.034958304537220486,0.04156640089761656,True,-0.0013550163274014368,-0.0014676612880211784,-0.001235033320683591,True
full_ft__seed2345,pre_ft,full_ft,pre_ft,TCFTransformer.decoder_level2.mhca_blks.0.transformer_layers.0.norm1,12,decoder_level2,False,False,780,0.01125418082994012,0.008371349828604319,0.014116182431642331,True,0.007234798035561707,0.0014176245809369992,0.012873668740958147,True,6.581966020116018e-05,-0.0001370268189376079,0.00027995690633395053,False
full_ft__seed2345,pre_ft,full_ft,pre_ft,TCFTransformer.decoder_level2.mhca_blks.0.transformer_layers.1.norm1,13,decoder_level2,False,False,780,0.02133082595422975,0.01911936750215967,0.02372299179683875,True,0.028652868018701927,0.024375832742415265,0.032998270200996035,True,-0.0007703914715223165,-0.0009298024645881907,-0.0006173810458143032,True
full_ft__seed2345,pre_ft,full_ft,pre_ft,TCFTransformer.decoder_level2.mhca_blks.0.transformer_layers.2.norm1,14,decoder_level2,False,False,780,0.024983560469351906,0.02263832364310931,0.027498251459123716,True,0.035702472886978476,0.031200060406749025,0.040068289201803366,True,-0.0010092555239154476,-0.00116151445748508,-0.0008494283227383383,True
full_ft__seed2345,pre_ft,full_ft,pre_ft,TCFTransformer.decoder_level2.mhca_blks.0.transformer_layers.3.norm1,15,decoder_level2,False,False,780,0.11941657471701383,0.11236000641008748,0.12619559445735234,True,0.14187164249328477,0.132954167192849,0.15080977125761816,True,-0.003729222109138757,-0.004020999651807207,-0.003459779496889341,True
full_ft__seed2345,pre_ft,full_ft,pre_ft,TCFTransformer.decoder_level1.mhca_blks.0.transformer_layers.0.norm1,16,decoder_level1,False,False,780,0.05562447700856443,0.050691666307879205,0.06070544660176574,True,0.04086082858534845,0.03263832441669651,0.04864306118454006,True,-0.0005227777762340808,-0.0007840136540775191,-0.00026067610768397236,True
full_ft__seed2345,pre_ft,full_ft,pre_ft,TCFTransformer.decoder_level1.mhca_blks.0.transformer_layers.1.norm1,17,decoder_level1,False,False,780,0.02506739099406552,0.02126770803263909,0.0286714627270901,True,-0.006885049182635328,-0.01310309423850126,-0.0012460852895787445,True,0.0010963934835967687,0.0009088207136080695,0.0012949669433659709,True
full_ft__seed2345,pre_ft,full_ft,pre_ft,TCFTransformer.decoder_level1.mhca_blks.0.transformer_layers.2.norm1,18,decoder_level1,False,False,780,0.026298009216403462,0.02289114669929278,0.02979930776235045,True,0.0006464512684414281,-0.0054244693504316936,0.006164656463341256,False,0.0006658846084148943,0.0004773283965064622,0.0008672249528825474,True
full_ft__seed2345,pre_ft,full_ft,pre_ft,TCFTransformer.decoder_level1.mhca_blks.0.transformer_layers.3.norm1,19,decoder_level1,False,False,780,0.04392289232430824,0.04003804495975258,0.04782054508044397,True,0.03464817523956398,0.029116519635112807,0.03983382196418737,True,-0.00039171881630705764,-0.0005524957225436785,-0.0002207415151138954,True
full_ft__seed2345,pre_ft,full_ft,pre_ft,TCFTransformer.mag_refinement.mhca_blks.0.transformer_layers.0.norm1,20,mag_refinement,False,False,780,0.070051852753784,0.06576590416369503,0.07436460463898484,True,0.08521762803578903,0.07938926542626729,0.09117704184295962,True,-0.0022454748841768007,-0.0024304314680592466,-0.0020579835831379977,True
full_ft__seed2345,pre_ft,full_ft,pre_ft,TCFTransformer.mag_refinement.mhca_blks.0.transformer_layers.1.norm1,21,mag_refinement,False,False,780,0.04257556368557058,0.039301323952408,0.04586772920939522,True,0.04453819717352203,0.03912754255170196,0.04973382433446536,True,-0.0009564151681957915,-0.0011308670979212297,-0.0007768577675541495,True
full_ft__seed2345,pre_ft,full_ft,pre_ft,TCFTransformer.mag_refinement.mhca_blks.0.transformer_layers.2.norm1,22,mag_refinement,False,False,780,0.0459631915247215,0.04259058553010678,0.049209477680369595,True,0.04868833544162632,0.04300537270823313,0.053819088863638814,True,-0.0011131551298130702,-0.0012775170776320296,-0.0009288350108493082,True
full_ft__seed2345,pre_ft,full_ft,pre_ft,TCFTransformer.mag_refinement.mhca_blks.0.transformer_layers.3.norm1,23,mag_refinement,False,False,780,0.06070056357317466,0.056715222663246,0.06494111463012828,True,0.06375268742059925,0.05637873874432754,0.07055011414985046,True,-0.001511954735251798,-0.0017438881051115387,-0.0012700027089289432,True
full_ft__seed3456,pre_ft,full_ft,pre_ft,TCFTransformer.encoder_level1.mhca_blks.0.transformer_layers.0.norm1,0,encoder_level1,False,False,780,0.0001840908265010599,0.0001756121081453038,0.00019312351758965228,True,0.0005339089876574832,0.000508602590896931,0.0005623495899706954,True,-1.840793135876253e-05,-1.9412695405913995e-05,-1.753754653824075e-05,True
full_ft__seed3456,pre_ft,full_ft,pre_ft,TCFTransformer.encoder_level1.mhca_blks.0.transformer_layers.1.norm1,1,encoder_level1,False,False,780,0.000667132744804344,0.0006427477771877354,0.0006954553832860227,True,0.001809180394195642,0.0017538014149808463,0.001880981690227415,True,-6.118254780463428e-05,-6.365002329059832e-05,-5.924432021139836e-05,True
full_ft__seed3456,pre_ft,full_ft,pre_ft,TCFTransformer.encoder_level1.mhca_blks.0.transformer_layers.2.norm1,2,encoder_level1,False,False,780,-0.0008179561309837879,-0.0009007627055778123,-0.0007323822456962448,True,-0.0012417640441498845,-0.0014366445560478392,-0.0010521796808036612,True,5.500441942457785e-05,4.81078510336468e-05,6.171974065558052e-05,True
full_ft__seed3456,pre_ft,full_ft,pre_ft,TCFTransformer.encoder_level1.mhca_blks.0.transformer_layers.3.norm1,3,encoder_level1,False,False,780,-0.0006743019628219216,-0.0007853093449915694,-0.0005655337676059414,True,-0.0008860623989362937,-0.0011415290897481612,-0.0006245843045989659,True,4.663672011219087e-05,3.756040058765389e-05,5.548624971626256e-05,True
full_ft__seed3456,pre_ft,full_ft,pre_ft,TCFTransformer.encoder_level2.mhca_blks.0.transformer_layers.0.norm1,4,encoder_level2,False,False,780,-1.8062084021996938e-05,-0.00014813640123094717,0.00011649559592624673,False,0.0008894668786925131,0.0005481178378413442,0.0012085321457726307,True,-2.5826296493245326e-05,-3.7402381120060416e-05,-1.3889904922718648e-05,True
full_ft__seed3456,pre_ft,full_ft,pre_ft,TCFTransformer.encoder_level2.mhca_blks.0.transformer_layers.1.norm1,5,encoder_level2,False,False,780,0.0025273546735697927,0.0020459439946799384,0.0030209673807884132,True,0.01008368600637477,0.008825424152688405,0.011363817018193183,True,-0.00024221917137892896,-0.0002876939117799066,-0.0001980165608981236,True
full_ft__seed3456,pre_ft,full_ft,pre_ft,TCFTransformer.encoder_level2.mhca_blks.0.transformer_layers.2.norm1,6,encoder_level2,False,False,780,0.0007482880646852985,-2.9167766499238437e-05,0.0015002848734583295,False,0.007248519628475947,0.005459683616192581,0.008980466491138027,True,1.2125379772491649e-05,-4.9808799510893926e-05,7.704880493701948e-05,False
full_ft__seed3456,pre_ft,full_ft,pre_ft,TCFTransformer.encoder_level2.mhca_blks.0.transformer_layers.3.norm1,7,encoder_level2,False,False,780,0.011273970131435718,0.00938841473019825,0.012782118255948993,True,0.05068409583507427,0.04650446913238515,0.05437690934080303,True,-0.0013220057704308587,-0.0014501086573646075,-0.001171586952887331,True
full_ft__seed3456,pre_ft,full_ft,pre_ft,TCFTransformer.latent.mhca_blks.0.transformer_layers.0.norm1,8,latent,False,False,780,-4.795451003791751e-05,-0.0011207128762243557,0.0008818810147229236,False,0.00200427150114868,-0.00035446972571827323,0.004261171671060564,False,0.00014521438150415927,6.733413444719604e-05,0.0002292177931981599,True
full_ft__seed3456,pre_ft,full_ft,pre_ft,TCFTransformer.latent.mhca_blks.0.transformer_layers.1.norm1,9,latent,False,False,780,0.011144402078710813,0.010268451063806264,0.012036416575694825,True,0.02610856149441043,0.024256373504796015,0.027790415661457603,True,-0.0007887795997626747,-0.0008512978329897358,-0.0007241136152481265,True
full_ft__seed3456,pre_ft,full_ft,pre_ft,TCFTransformer.latent.mhca_blks.0.transformer_layers.2.norm1,10,latent,False,False,780,0.015159036794151537,0.01405653606140271,0.016312508844459873,True,0.03002816330163982,0.02789710362599553,0.032112168137462996,True,-0.0009537927074545378,-0.001035015544681653,-0.0008746402025382597,True
full_ft__seed3456,pre_ft,full_ft,pre_ft,TCFTransformer.latent.mhca_blks.0.transformer_layers.3.norm1,11,latent,False,False,780,0.024714960208496284,0.022867764245376457,0.026598786621275114,True,0.034480415651430785,0.03106202826591481,0.03754872258465955,True,-0.0011608543497772686,-0.0012703799903745242,-0.0010379117050256872,True
full_ft__seed3456,pre_ft,full_ft,pre_ft,TCFTransformer.decoder_level2.mhca_blks.0.transformer_layers.0.norm1,12,decoder_level2,False,False,780,0.014413824347285997,0.011510325105980263,0.017275384511838934,True,0.007168325407383436,0.0009876579550604642,0.012865378652054784,True,2.4382593145368635e-05,-0.00019387375734395605,0.00024386691813248679,False
full_ft__seed3456,pre_ft,full_ft,pre_ft,TCFTransformer.decoder_level2.mhca_blks.0.transformer_layers.1.norm1,13,decoder_level2,False,False,780,0.022310748037555173,0.02006791659668209,0.02468141959152302,True,0.026946961749822695,0.022569166244795887,0.031229818222232975,True,-0.0007576853779881249,-0.0009155397095985194,-0.0006016915370768709,True
full_ft__seed3456,pre_ft,full_ft,pre_ft,TCFTransformer.decoder_level2.mhca_blks.0.transformer_layers.2.norm1,14,decoder_level2,False,False,780,0.02659369603913886,0.024166811953107614,0.029098228879384437,True,0.03671326619692261,0.032084855394868494,0.04109357051876197,True,-0.0010684705926317958,-0.0012334827957497323,-0.0009074545025028082,True
full_ft__seed3456,pre_ft,full_ft,pre_ft,TCFTransformer.decoder_level2.mhca_blks.0.transformer_layers.3.norm1,15,decoder_level2,False,False,780,0.13099507154403345,0.12380488487844889,0.13796469088119986,True,0.1626630891515659,0.15365273131153045,0.17164145740025905,True,-0.004637180610294554,-0.004931107318615462,-0.00435572855714575,True
full_ft__seed3456,pre_ft,full_ft,pre_ft,TCFTransformer.decoder_level1.mhca_blks.0.transformer_layers.0.norm1,16,decoder_level1,False,False,780,0.07019308795197288,0.06518599979447737,0.07522633413014848,True,0.07025122006352147,0.06262483321913431,0.07798063316492285,True,-0.0017157893192687214,-0.0019707408440754887,-0.001462599391369083,True
full_ft__seed3456,pre_ft,full_ft,pre_ft,TCFTransformer.decoder_level1.mhca_blks.0.transformer_layers.1.norm1,17,decoder_level1,False,False,780,0.03612521908413224,0.03237040801911474,0.03995378669111778,True,0.013505781415181217,0.007574246215705724,0.01930151059000797,True,0.00026469536568625787,7.625516858924685e-05,0.0004645226838690241,True
full_ft__seed3456,pre_ft,full_ft,pre_ft,TCFTransformer.decoder_level1.mhca_blks.0.transformer_layers.2.norm1,18,decoder_level1,False,False,780,0.032167340339376405,0.0288272419165675,0.035664421939330955,True,0.01126594347831511,0.005680370782620414,0.01666299566951254,True,0.00022863356337878872,6.265949924902927e-05,0.0004194370609311409,True
full_ft__seed3456,pre_ft,full_ft,pre_ft,TCFTransformer.decoder_level1.mhca_blks.0.transformer_layers.3.norm1,19,decoder_level1,False,False,780,0.039605246363606295,0.03575165586734736,0.04335213353113164,True,0.021858820724182992,0.016425202871744447,0.026608328008880907,True,9.21563399815797e-05,-5.252624725408832e-05,0.0002711375212125334,False
full_ft__seed3456,pre_ft,full_ft,pre_ft,TCFTransformer.mag_refinement.mhca_blks.0.transformer_layers.0.norm1,20,mag_refinement,False,False,780,0.07231564340874208,0.06802432322836491,0.07670840200140257,True,0.08992684416281838,0.08399318052637231,0.09577105853343516,True,-0.0024197394260220637,-0.002599419525043137,-0.0022267616247511226,True
full_ft__seed3456,pre_ft,full_ft,pre_ft,TCFTransformer.mag_refinement.mhca_blks.0.transformer_layers.1.norm1,21,mag_refinement,False,False,780,0.05094688421736193,0.04768893991316771,0.054231763628844715,True,0.06297290096680241,0.0581641632450307,0.0677819430694353,True,-0.0016760563196414596,-0.001826888927041837,-0.0015065144006497547,True
full_ft__seed3456,pre_ft,full_ft,pre_ft,TCFTransformer.mag_refinement.mhca_blks.0.transformer_layers.2.norm1,22,mag_refinement,False,False,780,0.05033194966900778,0.0471274909376543,0.05355769135027714,True,0.058217908090505754,0.05311578846417055,0.06291782258947584,True,-0.00149792759211581,-0.0016412441582579487,-0.0013266268012111268,True
full_ft__seed3456,pre_ft,full_ft,pre_ft,TCFTransformer.mag_refinement.mhca_blks.0.transformer_layers.3.norm1,23,mag_refinement,False,False,780,0.06248311479185864,0.058481938252599036,0.06667401671643604,True,0.06586778785937897,0.0588038321842371,0.07252695964429556,True,-0.0016432879716451751,-0.001854206295525592,-0.0014124027800109934,True
freeze_encoder__seed1234,pre_ft,freeze_encoder,pre_ft,TCFTransformer.encoder_level1.mhca_blks.0.transformer_layers.0.norm1,0,encoder_level1,True,False,780,0.00023253724233740503,0.000224344082765901,0.00024120783146723278,True,0.0006716576906343752,0.0006469385608648765,0.0006991671365816715,True,-2.3480342891602555e-05,-2.4454501721344626e-05,-2.2644149918691104e-05,True
freeze_encoder__seed1234,pre_ft,freeze_encoder,pre_ft,TCFTransformer.encoder_level1.mhca_blks.0.transformer_layers.1.norm1,1,encoder_level1,True,False,780,0.0008909791440535608,0.0008594466111918247,0.0009242996875607228,True,0.002270252444803944,0.002203841264431086,0.002345167672020465,True,-7.900782426196238e-05,-8.157981862044561e-05,-7.67072442796398e-05,True
freeze_encoder__seed1234,pre_ft,freeze_encoder,pre_ft,TCFTransformer.encoder_level1.mhca_blks.0.transformer_layers.2.norm1,2,encoder_level1,True,False,780,0.0009253579970348591,0.0008500400203575953,0.000992743149112854,True,0.0022842844785786465,0.0021137672899634945,0.0024370493300466005,True,-7.684236447487658e-05,-8.205995012608284e-05,-7.091242940823441e-05,True
freeze_encoder__seed1234,pre_ft,freeze_encoder,pre_ft,TCFTransformer.encoder_level1.mhca_blks.0.transformer_layers.3.norm1,3,encoder_level1,True,False,780,0.0015944866428515558,0.001465559605158978,0.001719995190922624,True,0.003982514769599654,0.0036872514344941597,0.004259530375017362,True,-0.00013222246473691798,-0.00014160334308001648,-0.00012204119031377888,True
freeze_encoder__seed1234,pre_ft,freeze_encoder,pre_ft,TCFTransformer.encoder_level2.mhca_blks.0.transformer_layers.0.norm1,4,encoder_level2,True,False,780,0.003613128747440686,0.0034384455166948822,0.003798831944489081,True,0.009613003470957615,0.009194219360366653,0.01005304415409473,True,-0.00032619721421257977,-0.00034140251020824646,-0.00031169319763490794,True
freeze_encoder__seed1234,pre_ft,freeze_encoder,pre_ft,TCFTransformer.encoder_level2.mhca_blks.0.transformer_layers.1.norm1,5,encoder_level2,True,False,780,0.023760985182518568,0.02285101413051772,0.024657778248620563,True,0.060750030722374726,0.058845404707468296,0.06258585898539964,True,-0.0021521476727870657,-0.0022201985889545597,-0.0020836260929422306,True
freeze_encoder__seed1234,pre_ft,freeze_encoder,pre_ft,TCFTransformer.encoder_level2.mhca_blks.0.transformer_layers.2.norm1,6,encoder_level2,True,False,780,0.029442441732201452,0.02833260229763271,0.030579142565241833,True,0.07204651765334424,0.069858102380465,0.07421660788089862,True,-0.002538432102701863,-0.002617576228546979,-0.002456949981388722,True
freeze_encoder__seed1234,pre_ft,freeze_encoder,pre_ft,TCFTransformer.encoder_level2.mhca_blks.0.transformer_layers.3.norm1,7,encoder_level2,True,False,780,0.043118443895353686,0.041139667213345055,0.04510293472902132,True,0.10135726039226378,0.0975735496880544,0.10509119030126599,True,-0.003471936803883238,-0.0036045470914523557,-0.0033344655654890245,True
freeze_encoder__seed1234,pre_ft,freeze_encoder,pre_ft,TCFTransformer.latent.mhca_blks.0.transformer_layers.0.norm1,8,latent,False,False,780,0.013306880281903632,0.012548455848063914,0.01417236568307528,True,0.030257469125282377,0.028641917264995546,0.03204198048817743,True,-0.000994192800645407,-0.0010578365422665706,-0.0009360446068830263,True
freeze_encoder__seed1234,pre_ft,freeze_encoder,pre_ft,TCFTransformer.latent.mhca_blks.0.transformer_layers.1.norm1,9,latent,False,False,780,0.01762636058478273,0.016921861353386032,0.018396483589282087,True,0.03753629904526856,0.03628377123100587,0.03890856557969995,True,-0.0012897596607144143,-0.0013375247639169172,-0.0012446953309307957,True
freeze_encoder__seed1234,pre_ft,freeze_encoder,pre_ft,TCFTransformer.latent.mhca_blks.0.transformer_layers.2.norm1,10,latent,False,False,780,0.020836465804495496,0.0199440308909099,0.021821396087065435,True,0.044082417335267965,0.04242090606001744,0.04593782449227274,True,-0.0014788345046767805,-0.001543938337785023,-0.0014207977876642807,True
freeze_encoder__seed1234,pre_ft,freeze_encoder,pre_ft,TCFTransformer.latent.mhca_blks.0.transformer_layers.3.norm1,11,latent,False,False,780,0.00810534231205473,0.0069344410405722924,0.009273542695925377,True,0.02046312575920939,0.01776531344728649,0.02309660044255061,True,-0.0004622652422511717,-0.0005533293286757606,-0.00037050859815439534,True
freeze_encoder__seed1234,pre_ft,freeze_encoder,pre_ft,TCFTransformer.decoder_level2.mhca_blks.0.transformer_layers.0.norm1,12,decoder_level2,False,False,780,0.014366929097117453,0.012073037377041223,0.01682315010883917,True,0.01222836498266644,0.007433322187418811,0.01678580567642077,True,-7.647146102774446e-05,-0.00024067151090038206,9.659785612948261e-05,False
freeze_encoder__seed1234,pre_ft,freeze_encoder,pre_ft,TCFTransformer.decoder_level2.mhca_blks.0.transformer_layers.1.norm1,13,decoder_level2,False,False,780,0.019741286017382675,0.017932227787179452,0.021749275669192564,True,0.026348398946800078,0.022845985418711457,0.029994742191374327,True,-0.0006402476990716691,-0.0007735576431359809,-0.0005138289813946105,True
freeze_encoder__seed1234,pre_ft,freeze_encoder,pre_ft,TCFTransformer.decoder_level2.mhca_blks.0.transformer_layers.2.norm1,14,decoder_level2,False,False,780,0.010368405786526091,0.008480375815413912,0.012320697215807615,True,0.0014137115004727585,-0.0025787363417256793,0.00527917008292899,False,0.00027521558589217385,0.00013260067979380314,0.00041460681702090984,True
freeze_encoder__seed1234,pre_ft,freeze_encoder,pre_ft,TCFTransformer.decoder_level2.mhca_blks.0.transformer_layers.3.norm1,15,decoder_level2,False,False,780,0.11747864194628277,0.11069390352174617,0.12394851795003664,True,0.137550292358949,0.12938508130839224,0.14585417535623937,True,-0.003733468467709258,-0.003993441232158226,-0.0034871308784284096,True
freeze_encoder__seed1234,pre_ft,freeze_encoder,pre_ft,TCFTransformer.decoder_level1.mhca_blks.0.transformer_layers.0.norm1,16,decoder_level1,False,False,780,0.06602663022951583,0.06182328299435004,0.07029989006168137,True,0.06908873900006907,0.06305767928856779,0.07519292770927838,True,-0.0016862997319722212,-0.0018819536579456257,-0.0015076094102077294,True
freeze_encoder__seed1234,pre_ft,freeze_encoder,pre_ft,TCFTransformer.decoder_level1.mhca_blks.0.transformer_layers.1.norm1,17,decoder_level1,False,False,780,0.04658671384247515,0.043430769112239864,0.04970347302851273,True,0.047000474792260105,0.04270548846725578,0.05136483646738178,True,-0.0010371613699840807,-0.0011709238082397231,-0.0009094411155322613,True
freeze_encoder__seed1234,pre_ft,freeze_encoder,pre_ft,TCFTransformer.decoder_level1.mhca_blks.0.transformer_layers.2.norm1,18,decoder_level1,False,False,780,0.04322393425700455,0.04040960612253889,0.04611487717490264,True,0.04674621906036003,0.042639009443039846,0.05089818620548017,True,-0.0010703255865869023,-0.0011906699989443338,-0.00094706378222338,True
freeze_encoder__seed1234,pre_ft,freeze_encoder,pre_ft,TCFTransformer.decoder_level1.mhca_blks.0.transformer_layers.3.norm1,19,decoder_level1,False,False,780,0.04473864067887223,0.04150710842631867,0.047708243995268,True,0.04016480076007389,0.03584568995963337,0.04456823337651151,True,-0.0005721217826675619,-0.0007050071065573933,-0.00043923474235135404,True
freeze_encoder__seed1234,pre_ft,freeze_encoder,pre_ft,TCFTransformer.mag_refinement.mhca_blks.0.transformer_layers.0.norm1,20,mag_refinement,False,False,780,0.05582125187620657,0.05205742907187385,0.059413534834327854,True,0.05576445053785195,0.05044277767989789,0.06101925644584164,True,-0.0011027321810619817,-0.001264025807742173,-0.0009343149595073871,True
freeze_encoder__seed1234,pre_ft,freeze_encoder,pre_ft,TCFTransformer.mag_refinement.mhca_blks.0.transformer_layers.1.norm1,21,mag_refinement,False,False,780,0.039742058958444515,0.037098059447091616,0.0424963330410292,True,0.04203545069847303,0.03802213126535494,0.04602468538647302,True,-0.0008642020092510284,-0.0009815427424891702,-0.0007407907296672412,True
freeze_encoder__seed1234,pre_ft,freeze_encoder,pre_ft,TCFTransformer.mag_refinement.mhca_blks.0.transformer_layers.2.norm1,22,mag_refinement,False,False,780,0.03232461357568783,0.029826525599392768,0.0347801976125987,True,0.023747707643569038,0.02013571207664727,0.027474788721172587,True,-0.0001622348142597237,-0.0002737667404726192,-4.549379480763602e-05,True
freeze_encoder__seed1234,pre_ft,freeze_encoder,pre_ft,TCFTransformer.mag_refinement.mhca_blks.0.transformer_layers.3.norm1,23,mag_refinement,False,False,780,0.03842208376647793,0.0354249983491676,0.04162839607547354,True,0.018314035695331854,0.01377044672748171,0.023216986943895984,True,0.00018250935631560026,3.509335836357663e-05,0.00033710219711736945,True
freeze_encoder__seed1234,full_ft__seed1234,freeze_encoder,full_ft,TCFTransformer.encoder_level1.mhca_blks.0.transformer_layers.0.norm1,0,encoder_level1,True,False,780,4.679924848227657e-05,4.444814786999929e-05,4.891556141582986e-05,True,0.00013253647547362135,0.00012548853533270177,0.00013853304890578956,True,-4.8915388282150425e-06,-5.108683667334741e-06,-4.636100576958153e-06,True
freeze_encoder__seed1234,full_ft__seed1234,freeze_encoder,full_ft,TCFTransformer.encoder_level1.mhca_blks.0.transformer_layers.1.norm1,1,encoder_level1,True,False,780,0.0002059522245682066,0.00019146476262563717,0.0002189436147031626,True,0.00040341832698942426,0.00036636893527519643,0.00043400959556043616,True,-1.5859469557278393e-05,-1.6957808163151194e-05,-1.4589787486847484e-05,True
freeze_encoder__seed1234,full_ft__seed1234,freeze_encoder,full_ft,TCFTransformer.encoder_level1.mhca_blks.0.transformer_layers.2.norm1,2,encoder_level1,True,False,780,0.0017516624876573461,0.0016500741458757933,0.0018507858388699255,True,0.0035237571367844334,0.003314003341855468,0.003728585524436073,True,-0.00013140752265808727,-0.00013862258962470806,-0.0001240807382153323,True
freeze_encoder__seed1234,full_ft__seed1234,freeze_encoder,full_ft,TCFTransformer.encoder_level1.mhca_blks.0.transformer_layers.3.norm1,3,encoder_level1,True,False,780,0.002193440899380117,0.0020744407287772797,0.0023053813535783203,True,0.0046536597074591235,0.004403338178227426,0.004908284512085229,True,-0.0001708749305970069,-0.00018016637578319037,-0.0001622065478066143,True
freeze_encoder__seed1234,full_ft__seed1234,freeze_encoder,full_ft,TCFTransformer.encoder_level2.mhca_blks.0.transformer_layers.0.norm1,4,encoder_level2,True,False,780,0.003987214426454555,0.003805802893355198,0.004169354077381254,True,0.009642750085928187,0.00925602693817508,0.010014121522124308,True,-0.0003303738931227522,-0.0003432518439935649,-0.0003172594034703505,True
freeze_encoder__seed1234,full_ft__seed1234,freeze_encoder,full_ft,TCFTransformer.encoder_level2.mhca_blks.0.transformer_layers.1.norm1,5,encoder_level2,True,False,780,0.019766034971699376,0.01900483735938975,0.0204874280897627,True,0.04683689866310525,0.04519878691014542,0.04834349548931256,True,-0.001771456348825544,-0.001827713915578865,-0.0017083105145801424,True
freeze_encoder__seed1234,full_ft__seed1234,freeze_encoder,full_ft,TCFTransformer.encoder_level2.mhca_blks.0.transformer_layers.2.norm1,6,encoder_level2,True,False,780,0.029631620532172942,0.02875272193129181,0.03049285891873395,True,0.067018468059027,0.06511167612710014,0.06876316000215528,True,-0.0026446054283751548,-0.0027151212779752978,-0.002569417836222562,True
freeze_encoder__seed1234,full_ft__seed1234,freeze_encoder,full_ft,TCFTransformer.encoder_level2.mhca_blks.0.transformer_layers.3.norm1,7,encoder_level2,True,False,780,0.028769920474698285,0.027751506436727854,0.02971718566231113,True,0.04347497233977793,0.042148809847925156,0.044846321184666624,True,-0.0018701140674681285,-0.0019289469407197182,-0.0018117632247371483,True
freeze_encoder__seed1234,full_ft__seed1234,freeze_encoder,full_ft,TCFTransformer.latent.mhca_blks.0.transformer_layers.0.norm1,8,latent,False,False,780,0.010515869187875948,0.010069739628646351,0.011051428043275394,True,0.022051668319946205,0.021102294860359576,0.02318097524803527,True,-0.0009068199496230212,-0.0009514972556868573,-0.0008708783467778855,True
freeze_encoder__seed1234,full_ft__seed1234,freeze_encoder,full_ft,TCFTransformer.latent.mhca_blks.0.transformer_layers.1.norm1,9,latent,False,False,780,0.004962968988678873,0.004588323624374885,0.005431892254716474,True,0.008336400970434421,0.007520333531193279,0.009372888587606898,True,-0.0003776377420688956,-0.000417175536298918,-0.00034492213776935663,True
freeze_encoder__seed1234,full_ft__seed1234,freeze_encoder,full_ft,TCFTransformer.latent.mhca_blks.0.transformer_layers.2.norm1,10,latent,False,False,780,0.0029516683811821043,0.0026805799082398633,0.0032905201459954847,True,0.00731071001444239,0.006701988434945616,0.008107077837753395,True,-0.0002790505663379391,-0.00031022580213005917,-0.0002557016619983514,True
freeze_encoder__seed1234,full_ft__seed1234,freeze_encoder,full_ft,TCFTransformer.latent.mhca_blks.0.transformer_layers.3.norm1,11,latent,False,False,780,-0.01878089649937087,-0.019569713404975556,-0.01794382577174555,True,-0.023630085388819166,-0.024870086979026804,-0.02233319520644729,True,0.00102106908292096,0.0009710227722171682,0.0010671655522950993,True
freeze_encoder__seed1234,full_ft__seed1234,freeze_encoder,full_ft,TCFTransformer.decoder_level2.mhca_blks.0.transformer_layers.0.norm1,12,decoder_level2,False,False,780,-0.007028979408180147,-0.007770954013204939,-0.006115954158859302,True,-0.012953066627183762,-0.014832882221693095,-0.010880739614747895,True,0.0005608052401920097,0.0004825726465511701,0.0006281550508548087,True
freeze_encoder__seed1234,full_ft__seed1234,freeze_encoder,full_ft,TCFTransformer.decoder_level2.mhca_blks.0.transformer_layers.1.norm1,13,decoder_level2,False,False,780,-0.007460999858175055,-0.007992887671988993,-0.006899687466728505,True,-0.012494984009325583,-0.013687304816565807,-0.011195775396166969,True,0.0005574909953810223,0.0005076353706493109,0.0006033112606311017,True
freeze_encoder__seed1234,full_ft__seed1234,freeze_encoder,full_ft,TCFTransformer.decoder_level2.mhca_blks.0.transformer_layers.2.norm1,14,decoder_level2,False,False,780,-0.016139514425243973,-0.016850096677708582,-0.015350146412419509,True,-0.03669089859876884,-0.03819512525506412,-0.03513785067620967,True,0.0013908495962132953,0.0013295138191256367,0.001449234978446128,True
freeze_encoder__seed1234,full_ft__seed1234,freeze_encoder,full_ft,TCFTransformer.decoder_level2.mhca_blks.0.transformer_layers.3.norm1,15,decoder_level2,False,False,780,-0.015349212167864001,-0.01635297693947396,-0.014320790968565424,True,-0.02955283264319053,-0.03146827749487671,-0.027416488770108376,True,0.0010625059865970966,0.000988023392728062,0.0011412914499350452,True
freeze_encoder__seed1234,full_ft__seed1234,freeze_encoder,full_ft,TCFTransformer.decoder_level1.mhca_blks.0.transformer_layers.0.norm1,16,decoder_level1,False,False,780,-0.007551422066922497,-0.008598552919597732,-0.006337665266134537,True,-0.009243629513642215,-0.01166031627624515,-0.006542075543259834,True,0.0003549762098813986,0.0002530418401823831,0.0004485696083892605,True
freeze_encoder__seed1234,full_ft__seed1234,freeze_encoder,full_ft,TCFTransformer.decoder_level1.mhca_blks.0.transformer_layers.1.norm1,17,decoder_level1,False,False,780,0.005315022956038917,0.004418358615265341,0.0062809512393281,True,0.02039195289214446,0.018067369761948594,0.022627275330707516,True,-0.0007996239612793913,-0.0008838349480697514,-0.0007111001684199424,True
freeze_encoder__seed1234,full_ft__seed1234,freeze_encoder,full_ft,TCFTransformer.decoder_level1.mhca_blks.0.transformer_layers.2.norm1,18,decoder_level1,False,False,780,0.004168724708385918,0.003432132030534757,0.005099951432452704,True,0.017582525465734578,0.015562210731018123,0.01966824047305748,True,-0.0006291643969776324,-0.0007061178198668206,-0.0005512999502033333,True
freeze_encoder__seed1234,full_ft__seed1234,freeze_encoder,full_ft,TCFTransformer.decoder_level1.mhca_blks.0.transformer_layers.3.norm1,19,decoder_level1,False,False,780,0.000135821459703922,-0.0006124899688089464,0.0010184604739048363,False,0.008643101721236501,0.006912688171633629,0.010463001485436538,True,-0.0002825258261184866,-0.00035482731100439194,-0.00021548820443726384,True
freeze_encoder__seed1234,full_ft__seed1234,freeze_encoder,full_ft,TCFTransformer.mag_refinement.mhca_blks.0.transformer_layers.0.norm1,20,mag_refinement,False,False,780,-0.015142320111775964,-0.01592105275594743,-0.014227683476037152,True,-0.030306056065437792,-0.032114220490440534,-0.028424622802397652,True,0.0011860733886408705,0.0011148903504202897,0.0012486281042545237,True
freeze_encoder__seed1234,full_ft__seed1234,freeze_encoder,full_ft,TCFTransformer.mag_refinement.mhca_blks.0.transformer_layers.1.norm1,21,mag_refinement,False,False,780,-0.01352875298541889,-0.014299496351016992,-0.012593537563490072,True,-0.024799498976805445,-0.02638284201079568,-0.02298048502550765,True,0.0009757507938705856,0.0009027943329739898,0.0010341776530939006,True
freeze_encoder__seed1234,full_ft__seed1234,freeze_encoder,full_ft,TCFTransformer.mag_refinement.mhca_blks.0.transformer_layers.2.norm1,22,mag_refinement,False,False,780,-0.019693597075171487,-0.020694769663545106,-0.0185458628621758,True,-0.035106910982958595,-0.03699973773029806,-0.03263539803486597,True,0.0014062125330560793,0.0013087868957789958,0.0014811257977251488,True
freeze_encoder__seed1234,full_ft__seed1234,freeze_encoder,full_ft,TCFTransformer.mag_refinement.mhca_blks.0.transformer_layers.3.norm1,23,mag_refinement,False,False,780,-0.02848866449891907,-0.029762473490311678,-0.026847674016248223,True,-0.05653932366233605,-0.059141847129910975,-0.05296453872265739,True,0.0022212811770087326,0.002091663810662039,0.002324266316064251,True
freeze_encoder__seed2345,pre_ft,freeze_encoder,pre_ft,TCFTransformer.encoder_level1.mhca_blks.0.transformer_layers.0.norm1,0,encoder_level1,True,False,780,0.00023644392243316048,0.00022814068382909501,0.00024534986136348635,True,0.000683033512189124,0.0006578679848944724,0.0007108722310023407,True,-2.385236411477731e-05,-2.4831260899019328e-05,-2.2998985319829836e-05,True
freeze_encoder__seed2345,pre_ft,freeze_encoder,pre_ft,TCFTransformer.encoder_level1.mhca_blks.0.transformer_layers.1.norm1,1,encoder_level1,True,False,780,0.0009192040912869848,0.0008866844263215573,0.000954353316487963,True,0.0023330777119355828,0.0022636201729381742,0.002411637991665405,True,-8.130547838432312e-05,-8.401502907934658e-05,-7.891993669011423e-05,True
freeze_encoder__seed2345,pre_ft,freeze_encoder,pre_ft,TCFTransformer.encoder_level1.mhca_blks.0.transformer_layers.2.norm1,2,encoder_level1,True,False,780,0.0010207358703139269,0.0009328804342469549,0.0010976228344006245,True,0.002498391606870043,0.0023048421824602068,0.002678362943806742,True,-8.423987708654611e-05,-9.026485513506938e-05,-7.758309274417259e-05,True
freeze_encoder__seed2345,pre_ft,freeze_encoder,pre_ft,TCFTransformer.encoder_level1.mhca_blks.0.transformer_layers.3.norm1,3,encoder_level1,True,False,780,0.0016765606040373138,0.0015371669967076146,0.0018115016423232266,True,0.004178982086669669,0.003861792299992439,0.004476037321946713,True,-0.00013889037934648507,-0.00014897791553074795,-0.00012797310356021607,True
freeze_encoder__seed2345,pre_ft,freeze_encoder,pre_ft,TCFTransformer.encoder_level2.mhca_blks.0.transformer_layers.0.norm1,4,encoder_level2,True,False,780,0.0034416064925679724,0.003273781504752543,0.003620014023019383,True,0.009138821180049161,0.00873846634610995,0.009555330122892017,True,-0.00031035184054077126,-0.00032483572008562095,-0.0002964401731989312,True
freeze_encoder__seed2345,pre_ft,freeze_encoder,pre_ft,TCFTransformer.encoder_level2.mhca_blks.0.transformer_layers.1.norm1,5,encoder_level2,True,False,780,0.022706692925630434,0.0218355652078918,0.02355398763101674,True,0.05826274017493138,0.05645353866196681,0.060006824293580126,True,-0.0020632563098849773,-0.0021281479845343537,-0.0019980270788841634,True
freeze_encoder__seed2345,pre_ft,freeze_encoder,pre_ft,TCFTransformer.encoder_level2.mhca_blks.0.transformer_layers.2.norm1,6,encoder_level2,True,False,780,0.02757971512201507,0.02653788290234894,0.028639278065890568,True,0.06783657151919131,0.0657713113033618,0.0698400587512128,True,-0.002385816676208886,-0.0024589043037115447,-0.0023099763872388673,True
freeze_encoder__seed2345,pre_ft,freeze_encoder,pre_ft,TCFTransformer.encoder_level2.mhca_blks.0.transformer_layers.3.norm1,7,encoder_level2,True,False,780,0.03918265984353819,0.037327065168593174,0.04097393277736414,True,0.09241189076350331,0.08890658071770877,0.09581278339315052,True,-0.0031220362247733145,-0.003244009039452171,-0.0029961741936067854,True
freeze_encoder__seed2345,pre_ft,freeze_encoder,pre_ft,TCFTransformer.latent.mhca_blks.0.transformer_layers.0.norm1,8,latent,False,False,780,0.012582332685462383,0.011842086956175831,0.013412929649377459,True,0.02817310938468287,0.026603046534917678,0.029901808015810247,True,-0.0009193031329375126,-0.0009813330762300013,-0.0008637011664354943,True
freeze_encoder__seed2345,pre_ft,freeze_encoder,pre_ft,TCFTransformer.latent.mhca_blks.0.transformer_layers.1.norm1,9,latent,False,False,780,0.0160787702281755,0.015407815170832381,0.016793821973503185,True,0.03393583754698448,0.03275877322867802,0.035222643871720485,True,-0.0011570232574890896,-0.001202058579164946,-0.0011136005266178483,True
freeze_encoder__seed2345,pre_ft,freeze_encoder,pre_ft,TCFTransformer.latent.mhca_blks.0.transformer_layers.2.norm1,10,latent,False,False,780,0.01711944577148805,0.016329641576617603,0.01799700204125366,True,0.035505471412952794,0.034017302755744425,0.03721534336071833,True,-0.0011806582789517226,-0.0012412662730918729,-0.001127265022051456,True
freeze_encoder__seed2345,pre_ft,freeze_encoder,pre_ft,TCFTransformer.latent.mhca_blks.0.transformer_layers.3.norm1,11,latent,False,False,780,0.001125984536721969,2.491551826294125e-05,0.0021416096547776913,True,0.004901246359714118,0.00222772783098108,0.007385899359790357,True,0.00010410776182642398,1.558338304194243e-05,0.00019538079045986576,True
freeze_encoder__seed2345,pre_ft,freeze_encoder,pre_ft,TCFTransformer.decoder_level2.mhca_blks.0.transformer_layers.0.norm1,12,decoder_level2,False,False,780,0.00931456999487068,0.006847970987287846,0.011664377548485014,True,-0.0057367865779457405,-0.010895895249377088,-0.0009717969434001065,True,0.0005703728237465072,0.00040153756855522177,0.0007439534595946034,True
freeze_encoder__seed2345,pre_ft,freeze_encoder,pre_ft,TCFTransformer.decoder_level2.mhca_blks.0.transformer_layers.1.norm1,13,decoder_level2,False,False,780,0.017937621887231914,0.016056005668611574,0.01997482904032461,True,0.016255626059496486,0.012572592604426678,0.020026658951471293,True,-0.0003123655779390423,-0.0004401701051262624,-0.00018385235339902573,True
freeze_encoder__seed2345,pre_ft,freeze_encoder,pre_ft,TCFTransformer.decoder_level2.mhca_blks.0.transformer_layers.2.norm1,14,decoder_level2,False,False,780,0.00815566374036758,0.0063610625750917475,0.010028993847118856,True,-0.0034315204696787616,-0.007423133708154483,0.000428908188754868,False,0.00044117759234071473,0.00030200017788826073,0.0005772331860274294,True
freeze_encoder__seed2345,pre_ft,freeze_encoder,pre_ft,TCFTransformer.decoder_level2.mhca_blks.0.transformer_layers.3.norm1,15,decoder_level2,False,False,780,0.11207467621240075,0.10535266238158449,0.11858396967829965,True,0.13137544800837841,0.12311462838890606,0.13976902872342922,True,-0.003458894765630622,-0.003719198629365827,-0.003214162144484083,True
freeze_encoder__seed2345,pre_ft,freeze_encoder,pre_ft,TCFTransformer.decoder_level1.mhca_blks.0.transformer_layers.0.norm1,16,decoder_level1,False,False,780,0.06276942188843582,0.05861735005113528,0.06706628441807781,True,0.053047243337600025,0.04703509204051434,0.05932777532581719,True,-0.0011764555769038561,-0.0013650412749286486,-0.000989290265067629,True
freeze_encoder__seed2345,pre_ft,freeze_encoder,pre_ft,TCFTransformer.decoder_level1.mhca_blks.0.transformer_layers.1.norm1,17,decoder_level1,False,False,780,0.04539848803709723,0.0422769067183411,0.048583912038355895,True,0.04025952979540193,0.03592891448392399,0.04476457823507211,True,-0.0008010600421521717,-0.0009338184488100024,-0.0006728864980918545,True
freeze_encoder__seed2345,pre_ft,freeze_encoder,pre_ft,TCFTransformer.decoder_level1.mhca_blks.0.transformer_layers.2.norm1,18,decoder_level1,False,False,780,0.04565702015390749,0.04282378090917287,0.04861950740148103,True,0.04824562358550455,0.044149513820809144,0.05267037557313773,True,-0.0011675320600045293,-0.001287157693697092,-0.0010475781634676422,True
freeze_encoder__seed2345,pre_ft,freeze_encoder,pre_ft,TCFTransformer.decoder_level1.mhca_blks.0.transformer_layers.3.norm1,19,decoder_level1,False,False,780,0.04867589824220131,0.04546069088495469,0.05183277826228488,True,0.04578543160206483,0.04142308598947759,0.05021032377676451,True,-0.0008160247404866523,-0.0009440358361297056,-0.0006818197668711755,True
freeze_encoder__seed2345,pre_ft,freeze_encoder,pre_ft,TCFTransformer.mag_refinement.mhca_blks.0.transformer_layers.0.norm1,20,mag_refinement,False,False,780,0.05666371075388699,0.052928342568234164,0.06032645666042088,True,0.05251704199191831,0.047205236305602055,0.05789693932579057,True,-0.0010357505683497121,-0.0011881862490163942,-0.000872939873878263,True
freeze_encoder__seed2345,pre_ft,freeze_encoder,pre_ft,TCFTransformer.mag_refinement.mhca_blks.0.transformer_layers.1.norm1,21,mag_refinement,False,False,780,0.037390957524061075,0.03483974798781496,0.040184125713104084,True,0.03074912308882427,0.02668833713806471,0.034951490705593675,True,-0.0004966686087684098,-0.000613700424015479,-0.00037267554829732317,True
freeze_encoder__seed2345,pre_ft,freeze_encoder,pre_ft,TCFTransformer.mag_refinement.mhca_blks.0.transformer_layers.2.norm1,22,mag_refinement,False,False,780,0.02678882703280594,0.024506886752919017,0.0292299440061338,True,0.004974540494955493,0.0014170788003070422,0.008783433223190432,True,0.00045933525152158997,0.0003469117869950826,0.0005782456108590349,True
freeze_encoder__seed2345,pre_ft,freeze_encoder,pre_ft,TCFTransformer.mag_refinement.mhca_blks.0.transformer_layers.3.norm1,23,mag_refinement,False,False,780,0.03661242803256237,0.033696710179631946,0.03962347548215397,True,0.009793104819762033,0.005229833164657536,0.01465110189696922,True,0.0004069337901783012,0.000259045664986269,0.0005559331775333033,True
freeze_encoder__seed2345,full_ft__seed2345,freeze_encoder,full_ft,TCFTransformer.encoder_level1.mhca_blks.0.transformer_layers.0.norm1,0,encoder_level1,True,False,780,4.552867486429246e-05,4.317270407158402e-05,4.7489613357959426e-05,True,0.00013031906042315633,0.00012384316554450437,0.00013584259114093888,True,-4.7570610422590825e-06,-4.95175074335463e-06,-4.524925753335778e-06,True
freeze_encoder__seed2345,full_ft__seed2345,freeze_encoder,full_ft,TCFTransformer.encoder_level1.mhca_blks.0.transformer_layers.1.norm1,1,encoder_level1,True,False,780,0.00018149875613870936,0.00016736554618713984,0.00019420379742546566,True,0.0003557105094953439,0.00032006185902957454,0.00038654345197453033,True,-1.394680349816101e-05,-1.501421116712721e-05,-1.2693686196783458e-05,True
freeze_encoder__seed2345,full_ft__seed2345,freeze_encoder,full_ft,TCFTransformer.encoder_level1.mhca_blks.0.transformer_layers.2.norm1,2,encoder_level1,True,False,780,0.0018208883123261854,0.0017196323967446163,0.0019239236508355904,True,0.003750754518388022,0.003519029306678456,0.003966814172957608,True,-0.00013799621417981913,-0.00014594100054029393,-0.0001298963886561644,True
freeze_encoder__seed2345,full_ft__seed2345,freeze_encoder,full_ft,TCFTransformer.encoder_level1.mhca_blks.0.transformer_layers.3.norm1,3,encoder_level1,True,False,780,0.002410824643368392,0.0022824501722862934,0.0025470960779576863,True,0.00529232855026629,0.005000790065681116,0.005585410712621097,True,-0.0001916938610028569,-0.00020211454344888042,-0.00018144583714090667,True
freeze_encoder__seed2345,full_ft__seed2345,freeze_encoder,full_ft,TCFTransformer.encoder_level2.mhca_blks.0.transformer_layers.0.norm1,4,encoder_level2,True,False,780,0.0036694653039303082,0.003502152883391366,0.0038406335487000147,True,0.008827649889848632,0.00847088421422747,0.009197825921270341,True,-0.00030179077828556633,-0.00031388224907312056,-0.00028983142768019985,True
freeze_encoder__seed2345,full_ft__seed2345,freeze_encoder,full_ft,TCFTransformer.encoder_level2.mhca_blks.0.transformer_layers.1.norm1,5,encoder_level2,True,False,780,0.021415508586244858,0.020607753994770966,0.02218902112058018,True,0.05040187650766226,0.048661926541571365,0.05201517177927024,True,-0.0019118147867100302,-0.0019724800481304185,-0.001843951666488654,True
freeze_encoder__seed2345,full_ft__seed2345,freeze_encoder,full_ft,TCFTransformer.encoder_level2.mhca_blks.0.transformer_layers.2.norm1,6,encoder_level2,True,False,780,0.029167926073966233,0.02829770643071449,0.02997517941787109,True,0.06449768829040048,0.06267586632072922,0.06615054079928531,True,-0.0025567291130915906,-0.0026206211814992237,-0.0024856863609281255,True
freeze_encoder__seed2345,full_ft__seed2345,freeze_encoder,full_ft,TCFTransformer.encoder_level2.mhca_blks.0.transformer_layers.3.norm1,7,encoder_level2,True,False,780,0.023138969092287742,0.022349805008158488,0.023941077767958913,True,0.0330157625828027,0.031844586255841544,0.03423031800641535,True,-0.0014234334373178499,-0.001475134363464847,-0.001375718931544386,True
freeze_encoder__seed2345,full_ft__seed2345,freeze_encoder,full_ft,TCFTransformer.latent.mhca_blks.0.transformer_layers.0.norm1,8,latent,False,False,780,0.008632758430436649,0.008276078153210817,0.009076081239579117,True,0.016948824830544162,0.01612232556022141,0.017927060949497194,True,-0.0007241984482515942,-0.0007636453524672797,-0.0006932365244880836,True
freeze_encoder__seed2345,full_ft__seed2345,freeze_encoder,full_ft,TCFTransformer.latent.mhca_blks.0.transformer_layers.1.norm1,9,latent,False,False,780,0.003574414918691593,0.003209533106248988,0.004050808082804225,True,0.005623991902059089,0.004801343896067112,0.006688830851362248,True,-0.00027914851391679834,-0.0003203927007342116,-0.0002466517118642948,True
freeze_encoder__seed2345,full_ft__seed2345,freeze_encoder,full_ft,TCFTransformer.latent.mhca_blks.0.transformer_layers.2.norm1,10,latent,False,False,780,-0.0011303841169831852,-0.0014605260828237875,-0.0007135142463334497,True,-0.0014569313862397015,-0.002110878127889998,-0.0006862260363051321,True,2.2840352352611597e-05,-6.975747049109763e-06,4.769435874355525e-05,False
freeze_encoder__seed2345,full_ft__seed2345,freeze_encoder,full_ft,TCFTransformer.latent.mhca_blks.0.transformer_layers.3.norm1,11,latent,False,False,780,-0.025922727581654925,-0.027008237224980164,-0.024832569832189125,True,-0.033498550729875065,-0.035056635862742276,-0.031888705060268724,True,0.0014591240892278608,0.0013956489507120661,0.0015176126541100847,True
freeze_encoder__seed2345,full_ft__seed2345,freeze_encoder,full_ft,TCFTransformer.decoder_level2.mhca_blks.0.transformer_layers.0.norm1,12,decoder_level2,False,False,780,-0.0019396108350694385,-0.0029133718485156806,-0.0009621925633879039,True,-0.012971584613507448,-0.014873797700192176,-0.010812323376918476,True,0.000504553163545347,0.0004148134073688185,0.0005856780864329575,True
freeze_encoder__seed2345,full_ft__seed2345,freeze_encoder,full_ft,TCFTransformer.decoder_level2.mhca_blks.0.transformer_layers.1.norm1,13,decoder_level2,False,False,780,-0.0033932040669978347,-0.004024700885352078,-0.002757579153531195,True,-0.01239724195920544,-0.013750186615647178,-0.010968614570987637,True,0.00045802589358327414,0.00040247214425610936,0.0005101035832224748,True
freeze_encoder__seed2345,full_ft__seed2345,freeze_encoder,full_ft,TCFTransformer.decoder_level2.mhca_blks.0.transformer_layers.2.norm1,14,decoder_level2,False,False,780,-0.016827896728984326,-0.01765004208242957,-0.01597649375018124,True,-0.03913399335665724,-0.04070622971577612,-0.03752205056448868,True,0.0014504331162561624,0.0013885743735869128,0.0015128354317556292,True
freeze_encoder__seed2345,full_ft__seed2345,freeze_encoder,full_ft,TCFTransformer.decoder_level2.mhca_blks.0.transformer_layers.3.norm1,15,decoder_level2,False,False,780,-0.007341898504613087,-0.008519495563327312,-0.0060836128909618715,True,-0.010496194484906352,-0.0127201897742657,-0.00830426813623751,True,0.000270327343508135,0.00018492637936263345,0.0003606559515461366,True
freeze_encoder__seed2345,full_ft__seed2345,freeze_encoder,full_ft,TCFTransformer.decoder_level1.mhca_blks.0.transformer_layers.0.norm1,16,decoder_level1,False,False,780,0.007144944879871384,0.005626078438276549,0.008982235381833273,True,0.012186414752251573,0.008993338257074907,0.015572967008138892,True,-0.0006536778006697753,-0.0007917034853765624,-0.0005311026552192261,True
freeze_encoder__seed2345,full_ft__seed2345,freeze_encoder,full_ft,TCFTransformer.decoder_level1.mhca_blks.0.transformer_layers.1.norm1,17,decoder_level1,False,False,780,0.02033109704303171,0.01901086864075958,0.02191143321163914,True,0.047144578978037255,0.044359866511554186,0.05042808551704148,True,-0.0018974535257489404,-0.0020185997136027574,-0.0017925761425673968,True
freeze_encoder__seed2345,full_ft__seed2345,freeze_encoder,full_ft,TCFTransformer.decoder_level1.mhca_blks.0.transformer_layers.2.norm1,18,decoder_level1,False,False,780,0.01935901093750403,0.017978249960053767,0.020910945617872524,True,0.04759917231706312,0.044592038963276154,0.05081884374221119,True,-0.0018334166684194236,-0.0019589568308778166,-0.001718486468761344,True
freeze_encoder__seed2345,full_ft__seed2345,freeze_encoder,full_ft,TCFTransformer.decoder_level1.mhca_blks.0.transformer_layers.3.norm1,19,decoder_level1,False,False,780,0.004753005917893072,0.003555060235703694,0.006015906614896287,True,0.011137256362500847,0.008482330772739636,0.013842395898241879,True,-0.00042430592417959465,-0.0005308221095345477,-0.0003224716969311409,True
freeze_encoder__seed2345,full_ft__seed2345,freeze_encoder,full_ft,TCFTransformer.mag_refinement.mhca_blks.0.transformer_layers.0.norm1,20,mag_refinement,False,False,780,-0.013388141999897019,-0.014459417237749104,-0.012219099639397425,True,-0.032700586043870716,-0.03507869209043518,-0.030235354610360362,True,0.0012097243158270886,0.0011137816087196445,0.0013044166742126535,True
freeze_encoder__seed2345,full_ft__seed2345,freeze_encoder,full_ft,TCFTransformer.mag_refinement.mhca_blks.0.transformer_layers.1.norm1,21,mag_refinement,False,False,780,-0.0051846061615095085,-0.0063142708220286755,-0.003935315579526149,True,-0.013789074084697761,-0.016031602660435032,-0.011502326687178587,True,0.0004597465594273816,0.00036982163149191783,0.0005467882731912216,True
freeze_encoder__seed2345,full_ft__seed2345,freeze_encoder,full_ft,TCFTransformer.mag_refinement.mhca_blks.0.transformer_layers.2.norm1,22,mag_refinement,False,False,780,-0.019174364491915563,-0.02064418612377581,-0.017481585237046644,True,-0.043713794946670825,-0.04647895801755051,-0.04084525436621408,True,0.0015724903813346602,0.0014549402728345183,0.0016821364595323157,True
freeze_encoder__seed2345,full_ft__seed2345,freeze_encoder,full_ft,TCFTransformer.mag_refinement.mhca_blks.0.transformer_layers.3.norm1,23,mag_refinement,False,False,780,-0.024088135540612288,-0.02600102502540644,-0.021953535619621375,True,-0.05395958260083722,-0.05762923352133722,-0.04984331965160013,True,0.0019188885254300993,0.001751817766575532,0.0020708658394804455,True
freeze_encoder__seed3456,pre_ft,freeze_encoder,pre_ft,TCFTransformer.encoder_level1.mhca_blks.0.transformer_layers.0.norm1,0,encoder_level1,True,False,780,0.00023525147866010343,0.00022694182824216093,0.00024406314246414593,True,0.0006798009383366388,0.0006547427643557174,0.0007077326644676668,True,-2.3764463504241693e-05,-2.4756748261768134e-05,-2.2914608892304684e-05,True
freeze_encoder__seed3456,pre_ft,freeze_encoder,pre_ft,TCFTransformer.encoder_level1.mhca_blks.0.transformer_layers.1.norm1,1,encoder_level1,True,False,780,0.0009058674119220012,0.0008737902334196385,0.0009402049255005651,True,0.002310041999204926,0.002242391734168847,0.002386816304460404,True,-8.034470713482903e-05,-8.296875399527227e-05,-7.800155861693675e-05,True
freeze_encoder__seed3456,pre_ft,freeze_encoder,pre_ft,TCFTransformer.encoder_level1.mhca_blks.0.transformer_layers.2.norm1,2,encoder_level1,True,False,780,0.0009691208772931725,0.0008874133060505108,0.0010414980378671056,True,0.0023909381414073394,0.002209842764414935,0.0025573556958103983,True,-8.040267842088168e-05,-8.602660334293326e-05,-7.413877702726847e-05,True
freeze_encoder__seed3456,pre_ft,freeze_encoder,pre_ft,TCFTransformer.encoder_level1.mhca_blks.0.transformer_layers.3.norm1,3,encoder_level1,True,False,780,0.0016273789050487153,0.0014933651469201086,0.0017568584010166338,True,0.00407512498207474,0.0037689288472525532,0.004362101614093586,True,-0.00013512549130940274,-0.00014485812207596643,-0.00012457347748038965,True
freeze_encoder__seed3456,pre_ft,freeze_encoder,pre_ft,TCFTransformer.encoder_level2.mhca_blks.0.transformer_layers.0.norm1,4,encoder_level2,True,False,780,0.003558675874756667,0.0033867593128392493,0.0037412314179835677,True,0.009470970355546227,0.009061221589262097,0.009901068314528333,True,-0.0003215654188560395,-0.00033649911053268514,-0.00030730362428297393,True
freeze_encoder__seed3456,pre_ft,freeze_encoder,pre_ft,TCFTransformer.encoder_level2.mhca_blks.0.transformer_layers.1.norm1,5,encoder_level2,True,False,780,0.02344922233022695,0.0225513799002344,0.02432926644173117,True,0.05993418982395882,0.05805486078713175,0.06174005552094837,True,-0.0021223641683364197,-0.002189221124550473,-0.0020551427617832695,True
freeze_encoder__seed3456,pre_ft,freeze_encoder,pre_ft,TCFTransformer.encoder_level2.mhca_blks.0.transformer_layers.2.norm1,6,encoder_level2,True,False,780,0.02910340559979241,0.028008462576768763,0.03022630015513885,True,0.07118308680179786,0.06901511041017705,0.07332075346929912,True,-0.002507467615970535,-0.0025852450623667193,-0.002427078846364041,True
freeze_encoder__seed3456,pre_ft,freeze_encoder,pre_ft,TCFTransformer.encoder_level2.mhca_blks.0.transformer_layers.3.norm1,7,encoder_level2,True,False,780,0.042206992387899156,0.0402654459027211,0.0441382055588417,True,0.09911373060483342,0.09538094911800908,0.10274589600414132,True,-0.0033841813685995593,-0.0035144495845483193,-0.0032489249169356665,True
freeze_encoder__seed3456,pre_ft,freeze_encoder,pre_ft,TCFTransformer.latent.mhca_blks.0.transformer_layers.0.norm1,8,latent,False,False,780,0.013144378145662494,0.012388573626645086,0.013993739395617514,True,0.029798831297800144,0.02818063687552097,0.0315809903351158,True,-0.0009764934065779054,-0.0010399982019213333,-0.0009188563646170562,True
freeze_encoder__seed3456,pre_ft,freeze_encoder,pre_ft,TCFTransformer.latent.mhca_blks.0.transformer_layers.1.norm1,9,latent,False,False,780,0.016583313525487475,0.015896217823729242,0.01731912511703377,True,0.035690627908095074,0.03450013823310549,0.03702872280814805,True,-0.0012092909205628217,-0.0012551829727418596,-0.001166184417845097,True
freeze_encoder__seed3456,pre_ft,freeze_encoder,pre_ft,TCFTransformer.latent.mhca_blks.0.transformer_layers.2.norm1,10,latent,False,False,780,0.020956714006187926,0.020095652482034234,0.021924746695396607,True,0.04384918127304538,0.04226386451453874,0.04557549044336989,True,-0.001476619073893896,-0.0015378561255587125,-0.001421954981587614,True
freeze_encoder__seed3456,pre_ft,freeze_encoder,pre_ft,TCFTransformer.latent.mhca_blks.0.transformer_layers.3.norm1,11,latent,False,False,780,0.008158677525053504,0.006970279832832213,0.009391877107497261,True,0.021283130286594232,0.01860496509113265,0.023842814892720457,True,-0.0004836090108850362,-0.0005721515662478643,-0.0003908070688416639,True
freeze_encoder__seed3456,pre_ft,freeze_encoder,pre_ft,TCFTransformer.decoder_level2.mhca_blks.0.transformer_layers.0.norm1,12,decoder_level2,False,False,780,0.02027759093727588,0.017733184535804934,0.02283432937474008,True,0.024058163953134204,0.01893153298245059,0.028828645944596762,True,-0.0005383909670155975,-0.0007063442668257384,-0.00035518742106428026,True
freeze_encoder__seed3456,pre_ft,freeze_encoder,pre_ft,TCFTransformer.decoder_level2.mhca_blks.0.transformer_layers.1.norm1,13,decoder_level2,False,False,780,0.021459217731577773,0.01959218112570351,0.023580398230487024,True,0.0278297091523807,0.024143195171385183,0.03148474478587858,True,-0.0007118920408930463,-0.0008411543641486328,-0.0005819656840148834,True
freeze_encoder__seed3456,pre_ft,freeze_encoder,pre_ft,TCFTransformer.decoder_level2.mhca_blks.0.transformer_layers.2.norm1,14,decoder_level2,False,False,780,0.006546724292520678,0.004658212106754195,0.008383825028863789,True,-0.005989073874095974,-0.010052422586923529,-0.0020953252342269177,True,0.0005593944891434709,0.00042435447636977115,0.0006957927997270547,True
freeze_encoder__seed3456,pre_ft,freeze_encoder,pre_ft,TCFTransformer.decoder_level2.mhca_blks.0.transformer_layers.3.norm1,15,decoder_level2,False,False,780,0.11652480254666164,0.10993680336718417,0.12304588052392024,True,0.13593054409974625,0.12844933909311448,0.14444081730911307,True,-0.0036338541393600198,-0.0038936625505079717,-0.003391122602306923,True
freeze_encoder__seed3456,pre_ft,freeze_encoder,pre_ft,TCFTransformer.decoder_level1.mhca_blks.0.transformer_layers.0.norm1,16,decoder_level1,False,False,780,0.0742780567331508,0.07005185237536449,0.0787380065026169,True,0.08264750516185226,0.07647101610526506,0.08887163949079668,True,-0.0022163851032309554,-0.0024073100031731906,-0.00202004972355958,True
freeze_encoder__seed3456,pre_ft,freeze_encoder,pre_ft,TCFTransformer.decoder_level1.mhca_blks.0.transformer_layers.1.norm1,17,decoder_level1,False,False,780,0.049260012789542174,0.04606748816420365,0.05250559450245008,True,0.047196647922199686,0.04295725162881333,0.05138916397113836,True,-0.0010430735701169517,-0.0011736022984898844,-0.000909608169078008,True
freeze_encoder__seed3456,pre_ft,freeze_encoder,pre_ft,TCFTransformer.decoder_level1.mhca_blks.0.transformer_layers.2.norm1,18,decoder_level1,False,False,780,0.04862515270773704,0.045749016519587946,0.05172944510584817,True,0.05425714955880023,0.05019860537904337,0.05847112812579412,True,-0.0013755873826632324,-0.0014979404638366144,-0.001251924061923399,True
freeze_encoder__seed3456,pre_ft,freeze_encoder,pre_ft,TCFTransformer.decoder_level1.mhca_blks.0.transformer_layers.3.norm1,19,decoder_level1,False,False,780,0.052236463617947315,0.048915511748554755,0.05546880000483447,True,0.051570471357077374,0.04727611852284411,0.05598831792252251,True,-0.0010100742837649344,-0.0011440629542524715,-0.0008795041368007619,True
freeze_encoder__seed3456,pre_ft,freeze_encoder,pre_ft,TCFTransformer.mag_refinement.mhca_blks.0.transformer_layers.0.norm1,20,mag_refinement,False,False,780,0.07007751943973395,0.06622387697838253,0.07402618037424506,True,0.08728445065327106,0.08193543888991393,0.09271448412327327,True,-0.0023278450010090564,-0.002488713181548248,-0.00216378542362432,True
freeze_encoder__seed3456,pre_ft,freeze_encoder,pre_ft,TCFTransformer.mag_refinement.mhca_blks.0.transformer_layers.1.norm1,21,mag_refinement,False,False,780,0.047704330746753065,0.04499828560846945,0.05061585874131199,True,0.0560967246767794,0.051938317450193505,0.060271605914983664,True,-0.0014271366450107343,-0.001550209699135278,-0.001296878060600682,True
freeze_encoder__seed3456,pre_ft,freeze_encoder,pre_ft,TCFTransformer.mag_refinement.mhca_blks.0.transformer_layers.2.norm1,22,mag_refinement,False,False,780,0.043120205346017126,0.0404841341539323,0.04584050088986334,True,0.044557233414587616,0.04083532708367254,0.04842109783146544,True,-0.0009844359968809446,-0.0010948546084493934,-0.000865826394734125,True
freeze_encoder__seed3456,pre_ft,freeze_encoder,pre_ft,TCFTransformer.mag_refinement.mhca_blks.0.transformer_layers.3.norm1,23,mag_refinement,False,False,780,0.05044301941863483,0.04728684089149754,0.0537162579911577,True,0.04492662675869763,0.04020656518122458,0.04966461558620906,True,-0.0008195803299793645,-0.000968325061853869,-0.0006623796501871777,True
freeze_encoder__seed3456,full_ft__seed3456,freeze_encoder,full_ft,TCFTransformer.encoder_level1.mhca_blks.0.transformer_layers.0.norm1,0,encoder_level1,True,False,780,5.116065215904353e-05,4.8745943313560634e-05,5.339698597007225e-05,True,0.0001458919506791556,0.0001387199476741291,0.00015197471395598516,True,-5.35653214547916e-06,-5.578313002419162e-06,-5.098094750247024e-06,True
freeze_encoder__seed3456,full_ft__seed3456,freeze_encoder,full_ft,TCFTransformer.encoder_level1.mhca_blks.0.transformer_layers.1.norm1,1,encoder_level1,True,False,780,0.00023873466711765712,0.0002237610761713804,0.00025210096900440683,True,0.000500861605009284,0.00046314108066029537,0.0005324574735689619,True,-1.9162159330194753e-05,-2.030807041089162e-05,-1.785975553833011e-05,True
freeze_encoder__seed3456,full_ft__seed3456,freeze_encoder,full_ft,TCFTransformer.encoder_level1.mhca_blks.0.transformer_layers.2.norm1,2,encoder_level1,True,False,780,0.0017870770082769605,0.001685663259945916,0.001884163474902756,True,0.003632702185557224,0.0034231050847437243,0.0038338050437268533,True,-0.00013540709784545953,-0.00014239294423489896,-0.00012812140064277896,True
freeze_encoder__seed3456,full_ft__seed3456,freeze_encoder,full_ft,TCFTransformer.encoder_level1.mhca_blks.0.transformer_layers.3.norm1,3,encoder_level1,True,False,780,0.002301680867870637,0.0021834881670903692,0.0024171764170194702,True,0.004961187381011034,0.004708015289063028,0.0052152879272516495,True,-0.0001817622114215936,-0.00019098627459301917,-0.0001730163747289009,True
freeze_encoder__seed3456,full_ft__seed3456,freeze_encoder,full_ft,TCFTransformer.encoder_level2.mhca_blks.0.transformer_layers.0.norm1,4,encoder_level2,True,False,780,0.003576737958778664,0.0034208363397602607,0.0037365654707754545,True,0.008581503476853714,0.00824706858434936,0.008916554896115734,True,-0.0002957391223627941,-0.00030705813085255327,-0.00028440845783127625,True
freeze_encoder__seed3456,full_ft__seed3456,freeze_encoder,full_ft,TCFTransformer.encoder_level2.mhca_blks.0.transformer_layers.1.norm1,5,encoder_level2,True,False,780,0.020921867656657156,0.020130991418646934,0.021665297774009353,True,0.049850503817584046,0.04813777335217603,0.05139662509354447,True,-0.0018801449969574908,-0.0019385930783523881,-0.0018133275524500228,True
freeze_encoder__seed3456,full_ft__seed3456,freeze_encoder,full_ft,TCFTransformer.encoder_level2.mhca_blks.0.transformer_layers.2.norm1,6,encoder_level2,True,False,780,0.02835511753510711,0.027537039938024345,0.029114311542966387,True,0.06393456717332191,0.062197413100646186,0.06551545881728277,True,-0.0025195929957430273,-0.002580637016574974,-0.0024510747290264036,True
freeze_encoder__seed3456,full_ft__seed3456,freeze_encoder,full_ft,TCFTransformer.encoder_level2.mhca_blks.0.transformer_layers.3.norm1,7,encoder_level2,True,False,780,0.03093302225646344,0.029834395675004684,0.031973922027211596,True,0.048429634769759144,0.04694272792797861,0.04998437448495555,True,-0.0020621755981687006,-0.0021268014651347118,-0.001997599872536119,True
freeze_encoder__seed3456,full_ft__seed3456,freeze_encoder,full_ft,TCFTransformer.latent.mhca_blks.0.transformer_layers.0.norm1,8,latent,False,False,780,0.013192332655700412,0.012680163573123284,0.013788711260224138,True,0.027794559796651463,0.026722414687275972,0.029087596321717347,True,-0.0011217077880820647,-0.001172359052046001,-0.0010824516306908493,True
freeze_encoder__seed3456,full_ft__seed3456,freeze_encoder,full_ft,TCFTransformer.latent.mhca_blks.0.transformer_layers.1.norm1,9,latent,False,False,780,0.005438911446776662,0.005030286613612767,0.005982891282862804,True,0.009582066413684642,0.008678893463352174,0.010730505380875804,True,-0.000420511320800147,-0.0004654597957786253,-0.00038501812365481137,True
freeze_encoder__seed3456,full_ft__seed3456,freeze_encoder,full_ft,TCFTransformer.latent.mhca_blks.0.transformer_layers.2.norm1,10,latent,False,False,780,0.0057976772120363895,0.0054503304879701675,0.006278730397630614,True,0.013821017971405558,0.012987413491575528,0.01489135107359808,True,-0.0005228263664393581,-0.000565300283101314,-0.0004905291196224225,True
freeze_encoder__seed3456,full_ft__seed3456,freeze_encoder,full_ft,TCFTransformer.latent.mhca_blks.0.transformer_layers.3.norm1,11,latent,False,False,780,-0.01655628268344278,-0.017379433650587032,-0.015656808886119932,True,-0.013197285364836553,-0.014432559615527349,-0.011731885078243671,True,0.0006772453388922323,0.0006261844222907953,0.0007258756202210847,True
freeze_encoder__seed3456,full_ft__seed3456,freeze_encoder,full_ft,TCFTransformer.decoder_level2.mhca_blks.0.transformer_layers.0.norm1,12,decoder_level2,False,False,780,0.005863766589989883,0.005033052742544619,0.006760623876673813,True,0.016889838545750768,0.01498908573542034,0.019110041886950358,True,-0.0005627735601609661,-0.0006461401128876363,-0.00048701681077779657,True
freeze_encoder__seed3456,full_ft__seed3456,freeze_encoder,full_ft,TCFTransformer.decoder_level2.mhca_blks.0.transformer_layers.1.norm1,13,decoder_level2,False,False,780,-0.0008515303059773993,-0.0014184073125705827,-0.00023281468201031576,True,0.000882747402558004,-0.0005554966544493833,0.0022626366813974824,False,4.579333709507855e-05,-6.567515017645194e-06,0.00010195965261471126,False
freeze_encoder__seed3456,full_ft__seed3456,freeze_encoder,full_ft,TCFTransformer.decoder_level2.mhca_blks.0.transformer_layers.2.norm1,14,decoder_level2,False,False,780,-0.02004697174661818,-0.020944541865116087,-0.019141577086292428,True,-0.042702340071018585,-0.04423289497426019,-0.04099908480315655,True,0.0016278650817752667,0.001560369053058064,0.001692951262852921,True
freeze_encoder__seed3456,full_ft__seed3456,freeze_encoder,full_ft,TCFTransformer.decoder_level2.mhca_blks.0.transformer_layers.3.norm1,15,decoder_level2,False,False,780,-0.014470268997371805,-0.015565024929295785,-0.013286147252886755,True,-0.026732545051819656,-0.029013506072071656,-0.02453612481401399,True,0.0010033264709345346,0.0009151950594933238,0.0010931443738102782,True
freeze_encoder__seed3456,full_ft__seed3456,freeze_encoder,full_ft,TCFTransformer.decoder_level1.mhca_blks.0.transformer_layers.0.norm1,16,decoder_level1,False,False,780,0.004084968781177922,0.002840013074672973,0.0056323203202019055,True,0.012396285098330795,0.009316775507269484,0.015697022767976913,True,-0.000500595783962234,-0.0006383824143288737,-0.0003772708237876208,True
freeze_encoder__seed3456,full_ft__seed3456,freeze_encoder,full_ft,TCFTransformer.decoder_level1.mhca_blks.0.transformer_layers.1.norm1,17,decoder_level1,False,False,780,0.01313479370540993,0.011908701795439815,0.014577713563631677,True,0.03369086650701847,0.03059294233070054,0.036946704434853456,True,-0.0013077689358032096,-0.0014400852953986574,-0.0011832538339294975,True
freeze_encoder__seed3456,full_ft__seed3456,freeze_encoder,full_ft,TCFTransformer.decoder_level1.mhca_blks.0.transformer_layers.2.norm1,18,decoder_level1,False,False,780,0.016457812368360636,0.015416688618353741,0.017724096460991934,True,0.04299120608048512,0.040239428804279095,0.04597076937422484,True,-0.0016042209460420211,-0.0017241307414239137,-0.0014952278839257956,True
freeze_encoder__seed3456,full_ft__seed3456,freeze_encoder,full_ft,TCFTransformer.decoder_level1.mhca_blks.0.transformer_layers.3.norm1,19,decoder_level1,False,False,780,0.01263121725434102,0.011665514612816896,0.013807903510693722,True,0.029711650632894382,0.02774515365102271,0.0322201137070845,True,-0.0011022306237465141,-0.001203682060636305,-0.0010207340205839635,True
freeze_encoder__seed3456,full_ft__seed3456,freeze_encoder,full_ft,TCFTransformer.mag_refinement.mhca_blks.0.transformer_layers.0.norm1,20,mag_refinement,False,False,780,-0.0022381239690081323,-0.002943891091320003,-0.0014400239110025895,True,-0.002642393509547314,-0.0040961213513067505,-0.0009823434715851183,True,9.189442501300734e-05,2.7929283892244704e-05,0.00014886284256593503,True
freeze_encoder__seed3456,full_ft__seed3456,freeze_encoder,full_ft,TCFTransformer.mag_refinement.mhca_blks.0.transformer_layers.1.norm1,21,mag_refinement,False,False,780,-0.0032425534706088666,-0.003938781469120953,-0.0024824811115255205,True,-0.006876176290023017,-0.008474241075224232,-0.005039441862166111,True,0.0002489196746307252,0.00017827117674013783,0.00031061994617892816,True
freeze_encoder__seed3456,full_ft__seed3456,freeze_encoder,full_ft,TCFTransformer.mag_refinement.mhca_blks.0.transformer_layers.2.norm1,22,mag_refinement,False,False,780,-0.007211744322990654,-0.008045999134532671,-0.006127100923154414,True,-0.013660674675918139,-0.015696001225939806,-0.011312580245810581,True,0.0005134915952348653,0.00041775554214384556,0.0005945407639648753,True
freeze_encoder__seed3456,full_ft__seed3456,freeze_encoder,full_ft,TCFTransformer.mag_refinement.mhca_blks.0.transformer_layers.3.norm1,23,mag_refinement,False,False,780,-0.012040095373223814,-0.013353069865423312,-0.01043883842621477,True,-0.020941161100681338,-0.02412381697981031,-0.017137783948808508,True,0.0008237076416658107,0.0006769892204745327,0.0009453370072755393,True
freeze_decoder__seed1234,pre_ft,freeze_decoder,pre_ft,TCFTransformer.encoder_level1.mhca_blks.0.transformer_layers.0.norm1,0,encoder_level1,False,False,780,0.00017839436347621973,0.00016951378732615042,0.00018784396961654958,True,0.0004914012933371348,0.00046532727969004486,0.0005187547531645048,True,-1.719872237397451e-05,-1.815435782840659e-05,-1.629680955061474e-05,True
freeze_decoder__seed1234,pre_ft,freeze_decoder,pre_ft,TCFTransformer.encoder_level1.mhca_blks.0.transformer_layers.1.norm1,1,encoder_level1,False,False,780,0.0004880931081933104,0.00046525654008842954,0.000515130475290726,True,0.0013349141065871484,0.0012790411099401877,0.0014052886473818055,True,-4.418078839995535e-05,-4.654646099502436e-05,-4.2223228377727996e-05,True
freeze_decoder__seed1234,pre_ft,freeze_decoder,pre_ft,TCFTransformer.encoder_level1.mhca_blks.0.transformer_layers.2.norm1,2,encoder_level1,False,False,780,-0.0013601424927135453,-0.0014660914600950147,-0.0012543502735277018,True,-0.002807577145404583,-0.0030576523049532347,-0.0025636565845743252,True,0.00011171507469262928,0.00010281965402811746,0.00012060131803131982,True
freeze_decoder__seed1234,pre_ft,freeze_decoder,pre_ft,TCFTransformer.encoder_level1.mhca_blks.0.transformer_layers.3.norm1,3,encoder_level1,False,False,780,-0.0006505769841432807,-0.0007940423208105784,-0.000516094480553539,True,-0.0010264073579758781,-0.0013829603302180997,-0.0007024195595424334,True,5.507982344861304e-05,4.3637383227688626e-05,6.71992069005997e-05,True
freeze_decoder__seed1234,pre_ft,freeze_decoder,pre_ft,TCFTransformer.encoder_level2.mhca_blks.0.transformer_layers.0.norm1,4,encoder_level2,False,False,780,-0.0016717911753644232,-0.0018387906413973366,-0.0015027622918195732,True,-0.0030526316777255147,-0.0034768908814763024,-0.0026653927090842496,True,0.00011869664449494407,0.00010474379965789288,0.00013396189934469728,True
freeze_decoder__seed1234,pre_ft,freeze_decoder,pre_ft,TCFTransformer.encoder_level2.mhca_blks.0.transformer_layers.1.norm1,5,encoder_level2,False,False,780,-0.0022701416075481262,-0.002754383436492014,-0.0017961485140724825,True,0.0015991491843508898,0.00043698490277366834,0.00289806838066191,True,0.00011708397118266123,6.948299547611484e-05,0.00015924015215212513,True
freeze_decoder__seed1234,pre_ft,freeze_decoder,pre_ft,TCFTransformer.encoder_level2.mhca_blks.0.transformer_layers.2.norm1,6,encoder_level2,False,False,780,-0.041896418668011304,-0.04328472828003791,-0.04061723597732981,True,-0.07736255230047728,-0.08028767354366037,-0.07419909911545458,True,0.0034853247489751997,0.0033659227476477024,0.0036010448989136808,True
freeze_decoder__seed1234,pre_ft,freeze_decoder,pre_ft,TCFTransformer.encoder_level2.mhca_blks.0.transformer_layers.3.norm1,7,encoder_level2,False,False,780,-0.01646492901743779,-0.018376465147520584,-0.014980047904807307,True,0.0088473218297348,0.004487682627561526,0.01247798640433987,True,0.00032031625245580383,0.0001905524468166745,0.00048656286844091354,True
freeze_decoder__seed1234,pre_ft,freeze_decoder,pre_ft,TCFTransformer.latent.mhca_blks.0.transformer_layers.0.norm1,8,latent,False,False,780,-0.00890440627550515,-0.009908147725427719,-0.00796874408861735,True,-0.01302576318765436,-0.015377216616883859,-0.011005614910752541,True,0.0008109258103283297,0.0007377780632809463,0.0008954248282943989,True
freeze_decoder__seed1234,pre_ft,freeze_decoder,pre_ft,TCFTransformer.latent.mhca_blks.0.transformer_layers.1.norm1,9,latent,False,False,780,0.0047254345228530115,0.003925562340050185,0.00548482373146706,True,0.014755685115471762,0.013126120245992079,0.016347623168274806,True,-0.00032341499286959357,-0.0003799369934218745,-0.0002633585830378344,True
freeze_decoder__seed1234,pre_ft,freeze_decoder,pre_ft,TCFTransformer.latent.mhca_blks.0.transformer_layers.2.norm1,10,latent,False,False,780,0.005552407169443718,0.004497795215417963,0.006536156927036502,True,0.01315866173842195,0.01106523079749878,0.015119098356137223,True,-0.0002593810922094249,-0.00033309625042483745,-0.00018431028240366428,True
freeze_decoder__seed1234,pre_ft,freeze_decoder,pre_ft,TCFTransformer.latent.mhca_blks.0.transformer_layers.3.norm1,11,latent,False,False,780,0.002685921819736259,0.0012281555343320622,0.004082772497628575,True,-0.007062880572601626,-0.009932065736788833,-0.0040175440741266125,True,0.0004749039360152736,0.00037266581765057837,0.0005772997797131745,True
freeze_decoder__seed1234,pre_ft,freeze_decoder,pre_ft,TCFTransformer.decoder_level2.mhca_blks.0.transformer_layers.0.norm1,12,decoder_level2,True,False,780,-0.01766627012537103,-0.02068779086677405,-0.01480883074038367,True,-0.0908787615788289,-0.09832839287206067,-0.08422401881791029,True,0.003857707555242335,0.003621245704660628,0.0041082802353710705,True
freeze_decoder__seed1234,pre_ft,freeze_decoder,pre_ft,TCFTransformer.decoder_level2.mhca_blks.0.transformer_layers.1.norm1,13,decoder_level2,True,False,780,0.01597822790376402,0.01388514671525666,0.018312592195665535,True,-0.0026357319186882666,-0.007154329173267107,0.001763654655372326,False,0.00037199970781718944,0.00021150604564222942,0.0005277019281728755,True
freeze_decoder__seed1234,pre_ft,freeze_decoder,pre_ft,TCFTransformer.decoder_level2.mhca_blks.0.transformer_layers.2.norm1,14,decoder_level2,True,False,780,0.01667629519684455,0.014574716492484128,0.019142591660221385,True,-0.01244307981851811,-0.017320319792971436,-0.007657479413617385,True,0.0007021010815509415,0.0005365044108618189,0.000864294573573107,True
freeze_decoder__seed1234,pre_ft,freeze_decoder,pre_ft,TCFTransformer.decoder_level2.mhca_blks.0.transformer_layers.3.norm1,15,decoder_level2,True,False,780,0.11848868930409862,0.11135206738164902,0.1253445015265887,True,0.11988998328263989,0.11136071140863572,0.1295942576582043,True,-0.0030911368094773137,-0.003372694558576795,-0.0028215405841531607,True
freeze_decoder__seed1234,pre_ft,freeze_decoder,pre_ft,TCFTransformer.decoder_level1.mhca_blks.0.transformer_layers.0.norm1,16,decoder_level1,True,False,780,0.07460622150180307,0.06993483344936324,0.0793006645221079,True,0.07694735504495764,0.06986758737141904,0.08364864799428065,True,-0.002046994171509689,-0.0022818533188662775,-0.0018271454086456267,True
freeze_decoder__seed1234,pre_ft,freeze_decoder,pre_ft,TCFTransformer.decoder_level1.mhca_blks.0.transformer_layers.1.norm1,17,decoder_level1,True,False,780,0.058438837060817095,0.05474834457663093,0.062027991972450014,True,0.06943068709128986,0.06464660578717868,0.07431387825558643,True,-0.001884149217259583,-0.0020240474291924456,-0.0017402086886638215,True
freeze_decoder__seed1234,pre_ft,freeze_decoder,pre_ft,TCFTransformer.decoder_level1.mhca_blks.0.transformer_layers.2.norm1,18,decoder_level1,True,False,780,0.05253463497401323,0.04934380872425041,0.05585425801358697,True,0.0616302488706042,0.057103886240185905,0.06603254523987892,True,-0.0016936800857099278,-0.0018304035595371779,-0.0015593726674127796,True
freeze_decoder__seed1234,pre_ft,freeze_decoder,pre_ft,TCFTransformer.decoder_level1.mhca_blks.0.transformer_layers.3.norm1,19,decoder_level1,True,False,780,0.06424002265127826,0.06046746272892262,0.06776946988696242,True,0.0797590242593722,0.07496262176564106,0.08451377612447951,True,-0.002104120424126953,-0.0022384441956579426,-0.0019688188374755926,True
freeze_decoder__seed1234,pre_ft,freeze_decoder,pre_ft,TCFTransformer.mag_refinement.mhca_blks.0.transformer_layers.0.norm1,20,mag_refinement,False,False,780,0.06478540058956195,0.06091812771498238,0.06871771699493391,True,0.06871196829355664,0.06279012608470819,0.07438954246177851,True,-0.0017602005439699324,-0.001931289208525246,-0.0015908225556500242,True
freeze_decoder__seed1234,pre_ft,freeze_decoder,pre_ft,TCFTransformer.mag_refinement.mhca_blks.0.transformer_layers.1.norm1,21,mag_refinement,False,False,780,0.04246847574113555,0.03960043065327136,0.04541140876471607,True,0.038503332420799063,0.033927334299646485,0.042799634137978534,True,-0.0008138383188929905,-0.0009512956498348373,-0.0006818473874938998,True
freeze_decoder__seed1234,pre_ft,freeze_decoder,pre_ft,TCFTransformer.mag_refinement.mhca_blks.0.transformer_layers.2.norm1,22,mag_refinement,False,False,780,0.04188569242150619,0.03903484867969278,0.04482699840453817,True,0.029083890357078257,0.024565403527365384,0.033449194775751506,True,-0.0004969424710168759,-0.0006345890907858886,-0.00035988177215001005,True
freeze_decoder__seed1234,pre_ft,freeze_decoder,pre_ft,TCFTransformer.mag_refinement.mhca_blks.0.transformer_layers.3.norm1,23,mag_refinement,False,False,780,0.053409715540643,0.05005659677808691,0.05698835903901248,True,0.042314645816117324,0.03683215537170702,0.04765507641014407,True,-0.0008546921487390582,-0.0010330902114980727,-0.0006800595759674105,True
freeze_decoder__seed1234,full_ft__seed1234,freeze_decoder,full_ft,TCFTransformer.encoder_level1.mhca_blks.0.transformer_layers.0.norm1,0,encoder_level1,False,False,780,-7.343630378908728e-06,-8.597374201388398e-06,-6.357450165903056e-06,True,-4.771992182361906e-05,-5.162525482681757e-05,-4.4440677916027243e-05,True,1.390081689413001e-06,1.2848584055183985e-06,1.5254979773214577e-06,True
freeze_decoder__seed1234,full_ft__seed1234,freeze_decoder,full_ft,TCFTransformer.encoder_level1.mhca_blks.0.transformer_layers.1.norm1,1,encoder_level1,False,False,780,-0.0001969338112920438,-0.00020500331223997082,-0.00018888165158624238,True,-0.0005319200112273714,-0.0005515273824718336,-0.0005133085101836465,True,1.896756630472864e-05,1.8323224682152163e-05,1.9642728348748913e-05,True
freeze_decoder__seed1234,full_ft__seed1234,freeze_decoder,full_ft,TCFTransformer.encoder_level1.mhca_blks.0.transformer_layers.2.norm1,2,encoder_level1,False,False,780,-0.0005338380020910583,-0.0005797343937696403,-0.0004941162657087884,True,-0.001568104487198796,-0.001672722717508357,-0.0014705174236718048,True,5.714991650941859e-05,5.3718879232011005e-05,6.081265663220895e-05,True
freeze_decoder__seed1234,full_ft__seed1234,freeze_decoder,full_ft,TCFTransformer.encoder_level1.mhca_blks.0.transformer_layers.3.norm1,3,encoder_level1,False,False,780,-5.1622727614719643e-05,-0.00013290245280191126,2.4294073000769002e-05,False,-0.00035526242011640896,-0.0005286659510470415,-0.00018458872498628153,True,1.6427357588524123e-05,1.0552124688756494e-05,2.2639711610610354e-05,True
freeze_decoder__seed1234,full_ft__seed1234,freeze_decoder,full_ft,TCFTransformer.encoder_level2.mhca_blks.0.transformer_layers.0.norm1,4,encoder_level2,False,False,780,-0.001297705496350554,-0.0013648828106464866,-0.0012397062422340398,True,-0.003022885062754943,-0.003176686630417663,-0.002874445179716512,True,0.00011451996558477164,0.00010943051636990567,0.00012010919089614202,True
freeze_decoder__seed1234,full_ft__seed1234,freeze_decoder,full_ft,TCFTransformer.encoder_level2.mhca_blks.0.transformer_layers.1.norm1,5,encoder_level2,False,False,780,-0.006265091818367319,-0.006461951199314295,-0.006073577454409377,True,-0.012313982874918583,-0.012726262306936886,-0.01189030460096376,True,0.0004977752951441827,0.00048193887441757866,0.0005131441121480818,True
freeze_decoder__seed1234,full_ft__seed1234,freeze_decoder,full_ft,TCFTransformer.encoder_level2.mhca_blks.0.transformer_layers.2.norm1,6,encoder_level2,False,False,780,-0.041707239868039814,-0.04292949555492667,-0.040424739121276344,True,-0.08239060189479452,-0.08474579358483071,-0.08013568454331353,True,0.003379151423301908,0.0032907887750123414,0.0034677109561157445,True
freeze_decoder__seed1234,full_ft__seed1234,freeze_decoder,full_ft,TCFTransformer.encoder_level2.mhca_blks.0.transformer_layers.3.norm1,7,encoder_level2,False,False,780,-0.030813452438093192,-0.03190186704379981,-0.029728211946633675,True,-0.04903496622275105,-0.05055775100718638,-0.04744094395599274,True,0.001922138988870913,0.0018619599183202944,0.0019805934120820713,True
freeze_decoder__seed1234,full_ft__seed1234,freeze_decoder,full_ft,TCFTransformer.latent.mhca_blks.0.transformer_layers.0.norm1,8,latent,False,False,780,-0.011695417369532835,-0.012021391258280653,-0.011400780574665523,True,-0.021231563992990532,-0.02186126770690419,-0.020642560484700225,True,0.0008982986613507156,0.0008764443095560623,0.0009219308009841832,True
freeze_decoder__seed1234,full_ft__seed1234,freeze_decoder,full_ft,TCFTransformer.latent.mhca_blks.0.transformer_layers.1.norm1,9,latent,False,False,780,-0.007937957073250845,-0.00816807418022033,-0.00771433953426644,True,-0.01444421295936238,-0.0148522998067809,-0.014031460397137352,True,0.0005887069257759251,0.0005730496494971565,0.0006035359321202566,True
freeze_decoder__seed1234,full_ft__seed1234,freeze_decoder,full_ft,TCFTransformer.latent.mhca_blks.0.transformer_layers.2.norm1,10,latent,False,False,780,-0.012332390253869674,-0.012662355214787225,-0.01204176376229898,True,-0.023613045582403625,-0.02427272214797826,-0.023027287877905193,True,0.0009404028461294164,0.0009188142602705294,0.0009649462601834047,True
freeze_decoder__seed1234,full_ft__seed1234,freeze_decoder,full_ft,TCFTransformer.latent.mhca_blks.0.transformer_layers.3.norm1,11,latent,False,False,780,-0.02420031699168934,-0.02485405319980129,-0.02342529117995817,True,-0.05115609172063018,-0.05251748349116382,-0.04941813231202279,True,0.001958238261187405,0.0018967519347316032,0.002007632247378497,True
freeze_decoder__seed1234,full_ft__seed1234,freeze_decoder,full_ft,TCFTransformer.decoder_level2.mhca_blks.0.transformer_layers.0.norm1,12,decoder_level2,True,False,780,-0.03906217863066863,-0.04002515085011249,-0.03792511559733108,True,-0.1160601931886791,-0.11949853847252186,-0.11239849233933098,True,0.004494984256462089,0.004367540185837471,0.004610761636817661,True
freeze_decoder__seed1234,full_ft__seed1234,freeze_decoder,full_ft,TCFTransformer.decoder_level2.mhca_blks.0.transformer_layers.1.norm1,13,decoder_level2,True,False,780,-0.01122405797179371,-0.01172335270233417,-0.01069607501903604,True,-0.04147911487481393,-0.043153990525084215,-0.03955694393202279,True,0.0015697384022698808,0.0015045843479590624,0.0016274379915160475,True
freeze_decoder__seed1234,full_ft__seed1234,freeze_decoder,full_ft,TCFTransformer.decoder_level2.mhca_blks.0.transformer_layers.2.norm1,14,decoder_level2,True,False,780,-0.009831625014925516,-0.010484383889227159,-0.009225696890113468,True,-0.05054768991775971,-0.05266752076836613,-0.048247446906489466,True,0.001817735091872063,0.0017397582754303546,0.001888160132388538,True
freeze_decoder__seed1234,full_ft__seed1234,freeze_decoder,full_ft,TCFTransformer.decoder_level2.mhca_blks.0.transformer_layers.3.norm1,15,decoder_level2,True,False,780,-0.014339164810048155,-0.015087962278404355,-0.013536947851968665,True,-0.04721314171949964,-0.0496168345329467,-0.044670773947850205,True,0.0017048376448290407,0.001616208238785513,0.0017878410329441813,True
freeze_decoder__seed1234,full_ft__seed1234,freeze_decoder,full_ft,TCFTransformer.decoder_level1.mhca_blks.0.transformer_layers.0.norm1,16,decoder_level1,True,False,780,0.0010281692053647484,0.00030163586768522377,0.0016921780759979901,True,-0.0013850134687536375,-0.0031218273530784933,0.0007273658403219879,False,-5.718229656069378e-06,-7.624076418671823e-05,5.9476851570970455e-05,False
freeze_decoder__seed1234,full_ft__seed1234,freeze_decoder,full_ft,TCFTransformer.decoder_level1.mhca_blks.0.transformer_layers.1.norm1,17,decoder_level1,True,False,780,0.017167146174380865,0.016426129400101457,0.017926798734033557,True,0.04282216519117421,0.04118496708094502,0.0447123180056624,True,-0.0016466118085548937,-0.0017194399243439175,-0.0015850335796392925,True
freeze_decoder__seed1234,full_ft__seed1234,freeze_decoder,full_ft,TCFTransformer.decoder_level1.mhca_blks.0.transformer_layers.2.norm1,18,decoder_level1,True,False,780,0.013479425425394598,0.012878943078626415,0.01412392110828166,True,0.03246655527597875,0.031123616510476744,0.03408105337696132,True,-0.0012525188961006579,-0.0013162564348048464,-0.0012005358296562146,True
freeze_decoder__seed1234,full_ft__seed1234,freeze_decoder,full_ft,TCFTransformer.decoder_level1.mhca_blks.0.transformer_layers.3.norm1,19,decoder_level1,True,False,780,0.01963720343210995,0.01889304907085027,0.0203850539515954,True,0.04823732522053481,0.046799588119944974,0.050028155549023505,True,-0.0018145244675778775,-0.001882177711929632,-0.0017542146429079552,True
freeze_decoder__seed1234,full_ft__seed1234,freeze_decoder,full_ft,TCFTransformer.mag_refinement.mhca_blks.0.transformer_layers.0.norm1,20,mag_refinement,False,False,780,-0.006178171398420584,-0.006786311602984607,-0.005505626157976868,True,-0.017358538309733107,-0.019387875994428986,-0.015537644437872792,True,0.0005286050257329198,0.0004685409652940288,0.0005946638751778155,True
freeze_decoder__seed1234,full_ft__seed1234,freeze_decoder,full_ft,TCFTransformer.mag_refinement.mhca_blks.0.transformer_layers.1.norm1,21,mag_refinement,False,False,780,-0.010802336202727858,-0.011358147989401463,-0.010118704007954116,True,-0.028331617254479413,-0.029864965050649814,-0.02668689794685673,True,0.0010261144842286236,0.000967927069711357,0.0010779257585798359,True
freeze_decoder__seed1234,full_ft__seed1234,freeze_decoder,full_ft,TCFTransformer.mag_refinement.mhca_blks.0.transformer_layers.2.norm1,22,mag_refinement,False,False,780,-0.010132518229353127,-0.010689232245815907,-0.009367137643560184,True,-0.029770728269449376,-0.03133962547406505,-0.027714739933513467,True,0.0010715048762989271,0.0009951569999507878,0.0011251692590990455,True
freeze_decoder__seed1234,full_ft__seed1234,freeze_decoder,full_ft,TCFTransformer.mag_refinement.mhca_blks.0.transformer_layers.3.norm1,23,mag_refinement,False,False,780,-0.013501032724754003,-0.014250057813962016,-0.012600299132804514,True,-0.03253871354155058,-0.034243901017480385,-0.03035562818803227,True,0.0011840796719540742,0.0011012326459816488,0.0012494690646207092,True
freeze_decoder__seed2345,pre_ft,freeze_decoder,pre_ft,TCFTransformer.encoder_level1.mhca_blks.0.transformer_layers.0.norm1,0,encoder_level1,False,False,780,0.00016849047353117985,0.00015948225373118853,0.0001778187299156214,True,0.0004622911948437558,0.00043610832018717294,0.0004894487154802757,True,-1.614718220210303e-05,-1.7117902216644888e-05,-1.5238747952961592e-05,True
freeze_decoder__seed2345,pre_ft,freeze_decoder,pre_ft,TCFTransformer.encoder_level1.mhca_blks.0.transformer_layers.1.norm1,1,encoder_level1,False,False,780,0.0004702312308244583,0.0004470747190759267,0.0004981838367309477,True,0.0013096598936950254,0.0012486714243109404,0.0013836346711858431,True,-4.298896358257597e-05,-4.553393028960288e-05,-4.0937302078312645e-05,True
freeze_decoder__seed2345,pre_ft,freeze_decoder,pre_ft,TCFTransformer.encoder_level1.mhca_blks.0.transformer_layers.2.norm1,2,encoder_level1,False,False,780,-0.0013946224971971288,-0.0014975296752608364,-0.001289205448797673,True,-0.0028448313016153914,-0.003099117175892163,-0.0025983677005929156,True,0.00011384221512551447,0.00010519947553980048,0.00012272852583814699,True
freeze_decoder__seed2345,pre_ft,freeze_decoder,pre_ft,TCFTransformer.encoder_level1.mhca_blks.0.transformer_layers.3.norm1,3,encoder_level1,False,False,780,-0.0006611668904371593,-0.0008060577058070229,-0.0005256386887221244,True,-0.0009560696283991144,-0.0013094700246303963,-0.0006248156474173124,True,5.3124901710266284e-05,4.182919113357954e-05,6.499242532604925e-05,True
freeze_decoder__seed2345,pre_ft,freeze_decoder,pre_ft,TCFTransformer.encoder_level2.mhca_blks.0.transformer_layers.0.norm1,4,encoder_level2,False,False,780,-0.0014945082048068992,-0.001657684517530672,-0.0013245940185191401,True,-0.002643124262493024,-0.003080740477031693,-0.0022386715396856996,True,0.00010386695204133816,8.944670711057555e-05,0.00011955227881342207,True
freeze_decoder__seed2345,pre_ft,freeze_decoder,pre_ft,TCFTransformer.encoder_level2.mhca_blks.0.transformer_layers.1.norm1,5,encoder_level2,False,False,780,-0.00812248211513189,-0.008700032460383544,-0.007530792987579263,True,-0.01160050586247996,-0.012921330094337696,-0.010144347300895473,True,0.0006148619518107873,0.0005611360067983897,0.0006635867167456451,True
freeze_decoder__seed2345,pre_ft,freeze_decoder,pre_ft,TCFTransformer.encoder_level2.mhca_blks.0.transformer_layers.2.norm1,6,encoder_level2,False,False,780,-0.050721766311898175,-0.052277263022386194,-0.04925365051114522,True,-0.09901933663930595,-0.10228617411813679,-0.09536919292960451,True,0.0043234829781390455,0.0041883035330285015,0.00445154158197076,True
freeze_decoder__seed2345,pre_ft,freeze_decoder,pre_ft,TCFTransformer.encoder_level2.mhca_blks.0.transformer_layers.3.norm1,7,encoder_level2,False,False,780,-0.017240378829276648,-0.019068862160150482,-0.015817724862359227,True,-0.0016794172922777184,-0.005903317784651321,0.001997809102329181,False,0.0007170376572920674,0.0005857137522812601,0.0008726318884765557,True
freeze_decoder__seed2345,pre_ft,freeze_decoder,pre_ft,TCFTransformer.latent.mhca_blks.0.transformer_layers.0.norm1,8,latent,False,False,780,-0.01463337438419876,-0.015757607839762655,-0.013663390953985574,True,-0.024368663766446086,-0.02700274966083959,-0.022106236468523686,True,0.0012727696179806662,0.0011892770819393206,0.0013651452305729077,True
freeze_decoder__seed2345,pre_ft,freeze_decoder,pre_ft,TCFTransformer.latent.mhca_blks.0.transformer_layers.1.norm1,9,latent,False,False,780,-0.00021414302416822295,-0.00102875517252983,0.0005045091788101779,False,0.004306128025055034,0.002610679119444573,0.0060057936043311855,True,0.00010155411222075332,3.952612622869718e-05,0.00016415231710722165,True
freeze_decoder__seed2345,pre_ft,freeze_decoder,pre_ft,TCFTransformer.latent.mhca_blks.0.transformer_layers.2.norm1,10,latent,False,False,780,0.00033626816084231237,-0.0007337450591893224,0.0013052212310014546,False,0.001589546249465168,-0.000686236754059033,0.003710062216110252,False,0.00017857461739467003,9.878294333733872e-05,0.0002577620975632827,True
freeze_decoder__seed2345,pre_ft,freeze_decoder,pre_ft,TCFTransformer.latent.mhca_blks.0.transformer_layers.3.norm1,11,latent,False,False,780,0.0009050135642408863,-0.0004801158813730888,0.0022195536876015664,False,-0.013183589967399545,-0.016132205329645218,-0.009969847009350639,True,0.0006362391431824054,0.000527688273438175,0.0007366590828114999,True
freeze_decoder__seed2345,pre_ft,freeze_decoder,pre_ft,TCFTransformer.decoder_level2.mhca_blks.0.transformer_layers.0.norm1,12,decoder_level2,True,False,780,-0.02557897881023674,-0.028984344950359817,-0.022196625879552023,True,-0.11015380368018812,-0.118624085757786,-0.10216185670498903,True,0.004531965339996669,0.004262231316372336,0.004819763749519229,True
freeze_decoder__seed2345,pre_ft,freeze_decoder,pre_ft,TCFTransformer.decoder_level2.mhca_blks.0.transformer_layers.1.norm1,13,decoder_level2,True,False,780,0.011305861043241938,0.009000278784408025,0.013718352888249106,True,-0.014518078901827769,-0.019647619579082207,-0.009526328672390618,True,0.0007968224145285282,0.0006195472614618489,0.0009733191557848051,True
freeze_decoder__seed2345,pre_ft,freeze_decoder,pre_ft,TCFTransformer.decoder_level2.mhca_blks.0.transformer_layers.2.norm1,14,decoder_level2,True,False,780,0.011288867826199644,0.008839668641033468,0.013890564327215721,True,-0.026916844348113478,-0.03235479005311444,-0.02151097353051081,True,0.0012293173717290344,0.00104780352648947,0.0014117465321103289,True
freeze_decoder__seed2345,pre_ft,freeze_decoder,pre_ft,TCFTransformer.decoder_level2.mhca_blks.0.transformer_layers.3.norm1,15,decoder_level2,True,False,780,0.10772516454227676,0.10055524187002154,0.11466043229567881,True,0.09353881045029622,0.08432228081673342,0.1038396395362712,True,-0.0020672172739341303,-0.002384170127942392,-0.0017703709106700167,True
freeze_decoder__seed2345,pre_ft,freeze_decoder,pre_ft,TCFTransformer.decoder_level1.mhca_blks.0.transformer_layers.0.norm1,16,decoder_level1,True,False,780,0.06127086980714125,0.056474360865744026,0.06609453397309079,True,0.043527538375211616,0.035269997509530665,0.050927215517999516,True,-0.0007594224629300294,-0.0010257441517124084,-0.0005028929679983253,True
freeze_decoder__seed2345,pre_ft,freeze_decoder,pre_ft,TCFTransformer.decoder_level1.mhca_blks.0.transformer_layers.1.norm1,17,decoder_level1,True,False,780,0.05129144992774903,0.04767428280215738,0.05492638921191631,True,0.05170619816352129,0.04673012403035687,0.05659181112241959,True,-0.0012117363825989943,-0.0013666632088247465,-0.0010548605398687035,True
freeze_decoder__seed2345,pre_ft,freeze_decoder,pre_ft,TCFTransformer.decoder_level1.mhca_blks.0.transformer_layers.2.norm1,18,decoder_level1,True,False,780,0.04558868266514726,0.042389632384228874,0.04889463197799688,True,0.04314118446447868,0.038319758097141034,0.04789279876496607,True,-0.0009972107974399445,-0.001151038679618673,-0.0008394184050752709,True
freeze_decoder__seed2345,pre_ft,freeze_decoder,pre_ft,TCFTransformer.decoder_level1.mhca_blks.0.transformer_layers.3.norm1,19,decoder_level1,True,False,780,0.058504832744216806,0.05472580884851606,0.06208251758422035,True,0.06560353178244538,0.06072222572335878,0.0704998044671547,True,-0.001563301316598092,-0.0017073526015207758,-0.0014186748296836828,True
freeze_decoder__seed2345,pre_ft,freeze_decoder,pre_ft,TCFTransformer.mag_refinement.mhca_blks.0.transformer_layers.0.norm1,20,mag_refinement,False,False,780,0.05642682785311581,0.05228665364848078,0.060418369550854875,True,0.04569931538441285,0.0390230465970752,0.051790705729753576,True,-0.0008659724767492447,-0.0010668070864231418,-0.0006603395742983401,True
freeze_decoder__seed2345,pre_ft,freeze_decoder,pre_ft,TCFTransformer.mag_refinement.mhca_blks.0.transformer_layers.1.norm1,21,mag_refinement,False,False,780,0.03435635119708447,0.0313925913672048,0.03739781342264502,True,0.016109970265472895,0.010817132005897807,0.020913926659676823,True,4.041289396440606e-05,-0.00011201422853128227,0.00020383498367329095,False
freeze_decoder__seed2345,pre_ft,freeze_decoder,pre_ft,TCFTransformer.mag_refinement.mhca_blks.0.transformer_layers.2.norm1,22,mag_refinement,False,False,780,0.03399756632204043,0.031121818882413447,0.03695687407454986,True,0.008688037326702647,0.0035434754743013056,0.013509327848561545,True,0.00026898177184328867,0.00011814372805178544,0.0004303064262176141,True
freeze_decoder__seed2345,pre_ft,freeze_decoder,pre_ft,TCFTransformer.mag_refinement.mhca_blks.0.transformer_layers.3.norm1,23,mag_refinement,False,False,780,0.03713968728119699,0.033774444114567675,0.0406599583805291,True,0.003757031796833399,-0.002368725335367322,0.009438324787295383,False,0.0005512377426435981,0.00036373765844210606,0.0007442573062670182,True
freeze_decoder__seed2345,full_ft__seed2345,freeze_decoder,full_ft,TCFTransformer.encoder_level1.mhca_blks.0.transformer_layers.0.norm1,0,encoder_level1,False,False,780,-2.2424774037688167e-05,-2.3906603009968274e-05,-2.1223185090152308e-05,True,-9.042325692221187e-05,-9.574466982125163e-05,-8.599784550120671e-05,True,2.9481208704151947e-06,2.798195881571253e-06,3.123096148086999e-06,True
freeze_decoder__seed2345,full_ft__seed2345,freeze_decoder,full_ft,TCFTransformer.encoder_level1.mhca_blks.0.transformer_layers.1.norm1,1,encoder_level1,False,False,780,-0.00026747410432381713,-0.0002760710586816262,-0.0002579272046654479,True,-0.0006677073087452134,-0.0006885528316117329,-0.0006467521924234249,True,2.4369711303586137e-05,2.362090661411781e-05,2.511549752322565e-05,True
freeze_decoder__seed2345,full_ft__seed2345,freeze_decoder,full_ft,TCFTransformer.encoder_level1.mhca_blks.0.transformer_layers.2.norm1,2,encoder_level1,False,False,780,-0.0005944700551848703,-0.0006410853745592498,-0.0005522591447953834,True,-0.0015924683900974124,-0.001705587454713256,-0.0014800088844997674,True,6.0085878032241455e-05,5.629153660007395e-05,6.387369221835004e-05,True
freeze_decoder__seed2345,full_ft__seed2345,freeze_decoder,full_ft,TCFTransformer.encoder_level1.mhca_blks.0.transformer_layers.3.norm1,3,encoder_level1,False,False,780,7.309714889391916e-05,-1.633885084164066e-05,0.0001650743779492314,False,0.00015727683519750624,-4.926799352356347e-05,0.00036769847151543994,False,3.214200538944581e-07,-6.937904329703456e-06,7.623298349845536e-06,False
freeze_decoder__seed2345,full_ft__seed2345,freeze_decoder,full_ft,TCFTransformer.encoder_level2.mhca_blks.0.transformer_layers.0.norm1,4,encoder_level2,False,False,780,-0.0012666493934445633,-0.0013320144622016832,-0.001205429936177846,True,-0.0029542955526935533,-0.0031105812417377724,-0.002809762779716363,True,0.00011242801429654304,0.00010726657108152917,0.00011789931568773095,True
freeze_decoder__seed2345,full_ft__seed2345,freeze_decoder,full_ft,TCFTransformer.encoder_level2.mhca_blks.0.transformer_layers.1.norm1,5,encoder_level2,False,False,780,-0.009413666454517466,-0.009707869511097783,-0.009108406913331368,True,-0.019461369529749084,-0.02004427950313495,-0.018847211176387456,True,0.0007663034749857342,0.0007427902599646424,0.0007887128242391427,True
freeze_decoder__seed2345,full_ft__seed2345,freeze_decoder,full_ft,TCFTransformer.encoder_level2.mhca_blks.0.transformer_layers.2.norm1,6,encoder_level2,False,False,780,-0.04913355535994701,-0.050462825249768965,-0.047693368711294,True,-0.10235821986809679,-0.1050265295872319,-0.09970383997681655,True,0.004152570541256341,0.004049737095278608,0.004254578399565845,True
freeze_decoder__seed2345,full_ft__seed2345,freeze_decoder,full_ft,TCFTransformer.encoder_level2.mhca_blks.0.transformer_layers.3.norm1,7,encoder_level2,False,False,780,-0.0332840695805271,-0.03423992576020315,-0.03231019992097938,True,-0.06107554547297833,-0.06268649044785776,-0.059301210813415745,True,0.002415640444747532,0.00235133297542986,0.0024759851052614406,True
freeze_decoder__seed2345,full_ft__seed2345,freeze_decoder,full_ft,TCFTransformer.latent.mhca_blks.0.transformer_layers.0.norm1,8,latent,False,False,780,-0.018582948639224495,-0.019009700525186114,-0.018148325245063116,True,-0.035592948320584794,-0.03642109191264857,-0.03473154061803428,True,0.0014678743026665846,0.0014353706391907945,0.0015007062017128167,True
freeze_decoder__seed2345,full_ft__seed2345,freeze_decoder,full_ft,TCFTransformer.latent.mhca_blks.0.transformer_layers.1.norm1,9,latent,False,False,780,-0.012718498333652128,-0.01302741755164665,-0.012406269469768218,True,-0.02400571761987036,-0.024532671929550637,-0.02339738615162756,True,0.0009794288557930446,0.0009568734856760539,0.000999940125664781,True
freeze_decoder__seed2345,full_ft__seed2345,freeze_decoder,full_ft,TCFTransformer.latent.mhca_blks.0.transformer_layers.2.norm1,10,latent,False,False,780,-0.017913561727628924,-0.018346708051462827,-0.017481782598038866,True,-0.03537285654972733,-0.03615104887195143,-0.034602805856711896,True,0.0013820732486990043,0.0013531588806228272,0.0014113991183625145,True
freeze_decoder__seed2345,full_ft__seed2345,freeze_decoder,full_ft,TCFTransformer.latent.mhca_blks.0.transformer_layers.3.norm1,11,latent,False,False,780,-0.026143698554136008,-0.026970792202581383,-0.025242456749176884,True,-0.05158338705698873,-0.0532458007278356,-0.04968884618274537,True,0.0019912554705838422,0.0019217861190971347,0.0020532563902217523,True
freeze_decoder__seed2345,full_ft__seed2345,freeze_decoder,full_ft,TCFTransformer.decoder_level2.mhca_blks.0.transformer_layers.0.norm1,12,decoder_level2,True,False,780,-0.03683315964017686,-0.03799595355982769,-0.035672190555928705,True,-0.11738860171574983,-0.12149075635599141,-0.11349182081146166,True,0.0044661456797955084,0.00432488126879169,0.004598695477010285,True
freeze_decoder__seed2345,full_ft__seed2345,freeze_decoder,full_ft,TCFTransformer.decoder_level2.mhca_blks.0.transformer_layers.1.norm1,13,decoder_level2,True,False,780,-0.01002496491098781,-0.01058074824363144,-0.009434075668016765,True,-0.043170946920529696,-0.04536099035522018,-0.04114405752011581,True,0.0015672138860508447,0.0014958176650188798,0.0016375941872647116,True
freeze_decoder__seed2345,full_ft__seed2345,freeze_decoder,full_ft,TCFTransformer.decoder_level2.mhca_blks.0.transformer_layers.2.norm1,14,decoder_level2,True,False,780,-0.013694692643152262,-0.01440716537575334,-0.012972774510900805,True,-0.06261931723509195,-0.06509232569123001,-0.060138444393300336,True,0.002238572895644482,0.002147718791549892,0.0023264005217964894,True
freeze_decoder__seed2345,full_ft__seed2345,freeze_decoder,full_ft,TCFTransformer.decoder_level2.mhca_blks.0.transformer_layers.3.norm1,15,decoder_level2,True,False,780,-0.011691410174737071,-0.012580124259902662,-0.010767252189449569,True,-0.04833283204298855,-0.0513060296374639,-0.04560358600891683,True,0.0016620048352046267,0.0015697356673714828,0.00176751624264116,True
freeze_decoder__seed2345,full_ft__seed2345,freeze_decoder,full_ft,TCFTransformer.decoder_level1.mhca_blks.0.transformer_layers.0.norm1,16,decoder_level1,True,False,780,0.005646392798576816,0.004735663312010122,0.006591019054468547,True,0.002666709789863164,0.000266442014047405,0.00508672070484083,True,-0.00023664468669594863,-0.0003256414296422158,-0.00014482652198036133,True
freeze_decoder__seed2345,full_ft__seed2345,freeze_decoder,full_ft,TCFTransformer.decoder_level1.mhca_blks.0.transformer_layers.1.norm1,17,decoder_level1,True,False,780,0.026224058933683514,0.025185212175656328,0.02738960936846229,True,0.058591247346156616,0.05669475265840814,0.06090454098142857,True,-0.002308129866195763,-0.0023935076376680057,-0.0022317106500835,True
freeze_decoder__seed2345,full_ft__seed2345,freeze_decoder,full_ft,TCFTransformer.decoder_level1.mhca_blks.0.transformer_layers.2.norm1,18,decoder_level1,True,False,780,0.0192906734487438,0.018199317048288026,0.020418127652090824,True,0.04249473319603725,0.040512922412118596,0.04498131801837537,True,-0.0016630954058548387,-0.0017542914215617018,-0.0015819029511469514,True
freeze_decoder__seed2345,full_ft__seed2345,freeze_decoder,full_ft,TCFTransformer.decoder_level1.mhca_blks.0.transformer_layers.3.norm1,19,decoder_level1,True,False,780,0.014581940419908568,0.013683230243145435,0.015519935232277104,True,0.030955356542881396,0.029207599189037585,0.03314709639664011,True,-0.0011715825002910343,-0.0012516316324132771,-0.0011024841225913237,True
freeze_decoder__seed2345,full_ft__seed2345,freeze_decoder,full_ft,TCFTransformer.mag_refinement.mhca_blks.0.transformer_layers.0.norm1,20,mag_refinement,False,False,780,-0.013625024900668192,-0.014302565155328097,-0.012789822565487625,True,-0.039518312651376175,-0.04177584506934251,-0.03712725724413549,True,0.001379502407427556,0.0012929982892708536,0.0014590140713868186,True
freeze_decoder__seed2345,full_ft__seed2345,freeze_decoder,full_ft,TCFTransformer.mag_refinement.mhca_blks.0.transformer_layers.1.norm1,21,mag_refinement,False,False,780,-0.008219212488486116,-0.009055278724680168,-0.007446268812490071,True,-0.028428226908049137,-0.030446320657166098,-0.026426897481465456,True,0.0009968280621601975,0.0009229458850306613,0.0010725171799154643,True
freeze_decoder__seed2345,full_ft__seed2345,freeze_decoder,full_ft,TCFTransformer.mag_refinement.mhca_blks.0.transformer_layers.2.norm1,22,mag_refinement,False,False,780,-0.011965625202681074,-0.012819688609745255,-0.011077533651971038,True,-0.04000029811492367,-0.042000358870779034,-0.037716731179219344,True,0.001382136901656359,0.0013021366843029962,0.0014510491864039837,True
freeze_decoder__seed2345,full_ft__seed2345,freeze_decoder,full_ft,TCFTransformer.mag_refinement.mhca_blks.0.transformer_layers.3.norm1,23,mag_refinement,False,False,780,-0.023560876291977673,-0.02473117786981795,-0.02230231467606592,True,-0.05999565562376585,-0.062464546968921716,-0.05743917174561027,True,0.002063192477895396,0.00196749459945105,0.002162281610256399,True
freeze_decoder__seed3456,pre_ft,freeze_decoder,pre_ft,TCFTransformer.encoder_level1.mhca_blks.0.transformer_layers.0.norm1,0,encoder_level1,False,False,780,0.00017914454842760108,0.00017028987187993062,0.00018854161789680634,True,0.0004924102318598633,0.00046604333206607675,0.0005199597913492115,True,-1.724886222440944e-05,-1.8213060358855914e-05,-1.6335345725346624e-05,True
freeze_decoder__seed3456,pre_ft,freeze_decoder,pre_ft,TCFTransformer.encoder_level1.mhca_blks.0.transformer_layers.1.norm1,1,encoder_level1,False,False,780,0.0005091422859929695,0.0004848308862212047,0.0005381176641896718,True,0.001406795030984509,0.0013443896556502883,0.0014814101545475634,True,-4.6323726431819697e-05,-4.88403822501285e-05,-4.418348064384858e-05,True
freeze_decoder__seed3456,pre_ft,freeze_decoder,pre_ft,TCFTransformer.encoder_level1.mhca_blks.0.transformer_layers.2.norm1,2,encoder_level1,False,False,780,-0.0014035129687219872,-0.0015107013633333833,-0.0012970637257856744,True,-0.002813345942742518,-0.0030695350842589175,-0.00257403122155945,True,0.00011307608839423186,0.00010422029035229092,0.00012207380627603435,True
freeze_decoder__seed3456,pre_ft,freeze_decoder,pre_ft,TCFTransformer.encoder_level1.mhca_blks.0.transformer_layers.3.norm1,3,encoder_level1,False,False,780,-0.0007850471571982931,-0.0009241286581943258,-0.0006524838368830417,True,-0.0012472208952296615,-0.0015901718922915725,-0.0009311449134188804,True,6.368371475646103e-05,5.2603631570958025e-05,7.517369533211707e-05,True
freeze_decoder__seed3456,pre_ft,freeze_decoder,pre_ft,TCFTransformer.encoder_level2.mhca_blks.0.transformer_layers.0.norm1,4,encoder_level2,False,False,780,-0.0014295239689260386,-0.0015938665481749852,-0.0012638504160331634,True,-0.0024026348499162076,-0.002818774527083659,-0.0020187705659719195,True,9.550374546468248e-05,8.181689301487737e-05,0.00011054643495762791,True
freeze_decoder__seed3456,pre_ft,freeze_decoder,pre_ft,TCFTransformer.encoder_level2.mhca_blks.0.transformer_layers.1.norm1,5,encoder_level2,False,False,780,-0.0020244568433517296,-0.0024992392214060826,-0.0015613525639905537,True,0.002414232782829373,0.0012866854216822322,0.003674926472016107,True,8.444422518709242e-05,3.813872150666956e-05,0.00012537349356447477,True
freeze_decoder__seed3456,pre_ft,freeze_decoder,pre_ft,TCFTransformer.encoder_level2.mhca_blks.0.transformer_layers.2.norm1,6,encoder_level2,False,False,780,-0.0444424557482076,-0.045858084324540235,-0.04309413860964289,True,-0.08354029510265726,-0.08655947773005668,-0.08023586467634437,True,0.003720519682964021,0.0035970079360503255,0.003836120025586411,True
freeze_decoder__seed3456,pre_ft,freeze_decoder,pre_ft,TCFTransformer.encoder_level2.mhca_blks.0.transformer_layers.3.norm1,7,encoder_level2,False,False,780,-0.020015030105272058,-0.021870609119765166,-0.01854330575295827,True,0.0007088357974334158,-0.0036514226528704978,0.004566554543299348,False,0.0006116766508413298,0.0004685152736317731,0.0007760762883097107,True
freeze_decoder__seed3456,pre_ft,freeze_decoder,pre_ft,TCFTransformer.latent.mhca_blks.0.transformer_layers.0.norm1,8,latent,False,False,780,-0.0129001771862437,-0.013959205702504576,-0.011986107828318113,True,-0.02226275720657489,-0.024682008853325322,-0.020106829206149514,True,0.0011640150008587562,0.001085389017568423,0.001248292784631769,True
freeze_decoder__seed3456,pre_ft,freeze_decoder,pre_ft,TCFTransformer.latent.mhca_blks.0.transformer_layers.1.norm1,9,latent,False,False,780,0.0018084529341545474,0.0010158321602095177,0.002533003538544312,True,0.007772595133536897,0.006227226332975536,0.00926418501215028,True,-5.923982347089867e-05,-0.00011745331248502733,-3.965377732036789e-06,True
freeze_decoder__seed3456,pre_ft,freeze_decoder,pre_ft,TCFTransformer.latent.mhca_blks.0.transformer_layers.2.norm1,10,latent,False,False,780,0.0038103094614212463,0.002760514851707274,0.004765756229065959,True,0.0076727849397915104,0.005450665217179937,0.009696608863964007,True,-7.878138720743538e-05,-0.0001518799588214618,-9.213743179029813e-08,True
freeze_decoder__seed3456,pre_ft,freeze_decoder,pre_ft,TCFTransformer.latent.mhca_blks.0.transformer_layers.3.norm1,11,latent,False,False,780,0.0015508419017368213,6.681425079839156e-05,0.0028957700573513183,True,-0.011281753388735827,-0.014199243384102972,-0.00825829301239616,True,0.000614894576293038,0.0005070125159939755,0.000721817690892364,True
freeze_decoder__seed3456,pre_ft,freeze_decoder,pre_ft,TCFTransformer.decoder_level2.mhca_blks.0.transformer_layers.0.norm1,12,decoder_level2,True,False,780,-0.02492179096063485,-0.02825043152531413,-0.021770064834672417,True,-0.10568717996279342,-0.11345830921752313,-0.09840424200682285,True,0.004377093879680778,0.00411224397896005,0.00464437424972526,True
freeze_decoder__seed3456,pre_ft,freeze_decoder,pre_ft,TCFTransformer.decoder_level2.mhca_blks.0.transformer_layers.1.norm1,13,decoder_level2,True,False,780,0.010590010143688655,0.008348491575202682,0.012997100173997427,True,-0.014670225695155859,-0.019500083660659442,-0.009797110120072776,True,0.0007990158516173553,0.0006245457482332639,0.0009659486011631904,True
freeze_decoder__seed3456,pre_ft,freeze_decoder,pre_ft,TCFTransformer.decoder_level2.mhca_blks.0.transformer_layers.2.norm1,14,decoder_level2,True,False,780,0.010856758874132955,0.00853389817091817,0.013486321569881943,True,-0.026867651916467228,-0.032037799338690276,-0.02150836648600926,True,0.0012149376445637645,0.0010269429237011714,0.0013903117602947497,True
freeze_decoder__seed3456,pre_ft,freeze_decoder,pre_ft,TCFTransformer.decoder_level2.mhca_blks.0.transformer_layers.3.norm1,15,decoder_level2,True,False,780,0.11025551799652933,0.10332875571107368,0.11704935971007162,True,0.09775920898486368,0.08889466355034,0.10734346449967194,True,-0.002261029653018112,-0.002559701306338634,-0.0019865173507698976,True
freeze_decoder__seed3456,pre_ft,freeze_decoder,pre_ft,TCFTransformer.decoder_level1.mhca_blks.0.transformer_layers.0.norm1,16,decoder_level1,True,False,780,0.06328830905433791,0.058773456999968686,0.0680165418340449,True,0.05133807212496211,0.04377581697683333,0.058818949881558544,True,-0.0010585743281144857,-0.0013106615555774854,-0.0008231194068190083,True
freeze_decoder__seed3456,pre_ft,freeze_decoder,pre_ft,TCFTransformer.decoder_level1.mhca_blks.0.transformer_layers.1.norm1,17,decoder_level1,True,False,780,0.05390594126895465,0.05039791285488619,0.05727029881072368,True,0.05915238074767204,0.0545576894006295,0.06396187609338606,True,-0.0014913632652563927,-0.0016404102524574806,-0.0013481257515877722,True
freeze_decoder__seed3456,pre_ft,freeze_decoder,pre_ft,TCFTransformer.decoder_level1.mhca_blks.0.transformer_layers.2.norm1,18,decoder_level1,True,False,780,0.04731517311281119,0.04410701383510162,0.050483322613920155,True,0.048875840367414325,0.04433810665783065,0.05346143556080473,True,-0.0012095341384159193,-0.001355970836416746,-0.0010690287194203508,True
freeze_decoder__seed3456,pre_ft,freeze_decoder,pre_ft,TCFTransformer.decoder_level1.mhca_blks.0.transformer_layers.3.norm1,19,decoder_level1,True,False,780,0.06018474392465589,0.056496536635220716,0.06370798216671006,True,0.07058876424263782,0.06595262599048807,0.07526758413188883,True,-0.0017480103473624105,-0.0018840785877616935,-0.001611809978062916,True
freeze_decoder__seed3456,pre_ft,freeze_decoder,pre_ft,TCFTransformer.mag_refinement.mhca_blks.0.transformer_layers.0.norm1,20,mag_refinement,False,False,780,0.05216000583309399,0.04829317110972729,0.05612064818838109,True,0.03602205241337908,0.029726426816904968,0.041821508182357865,True,-0.0004916654507957216,-0.0006902185790100061,-0.0002967155874782974,True
freeze_decoder__seed3456,pre_ft,freeze_decoder,pre_ft,TCFTransformer.mag_refinement.mhca_blks.0.transformer_layers.1.norm1,21,mag_refinement,False,False,780,0.03388700885554907,0.031139935878073254,0.03679569782285603,True,0.015360524952410026,0.010514085747874371,0.01986804457944989,True,6.578309658916964e-05,-8.407597081550788e-05,0.00021369678890345594,False
freeze_decoder__seed3456,pre_ft,freeze_decoder,pre_ft,TCFTransformer.mag_refinement.mhca_blks.0.transformer_layers.2.norm1,22,mag_refinement,False,False,780,0.03565657944219447,0.03293400504012627,0.0384341499878998,True,0.01208686892038724,0.007415208312944108,0.01653485466673443,True,0.0001342388274435122,-9.405962244029857e-06,0.0002764249359392245,False
freeze_decoder__seed3456,pre_ft,freeze_decoder,pre_ft,TCFTransformer.mag_refinement.mhca_blks.0.transformer_layers.3.norm1,23,mag_refinement,False,False,780,0.04161532499469234,0.03843736172356013,0.04499238083273501,True,0.01044237943796078,0.004820388256166294,0.01597532775596943,True,0.00028270950166902915,0.00010384595717940563,0.0004667907346651828,True
freeze_decoder__seed3456,full_ft__seed3456,freeze_decoder,full_ft,TCFTransformer.encoder_level1.mhca_blks.0.transformer_layers.0.norm1,0,encoder_level1,False,False,780,-4.946278073458821e-06,-6.3001952079033695e-06,-3.951644174515767e-06,True,-4.149875579761986e-05,-4.5634311743517066e-05,-3.815724070165283e-05,True,1.1590691343530921e-06,1.0477219325829421e-06,1.3040626979584197e-06,True
freeze_decoder__seed3456,full_ft__seed3456,freeze_decoder,full_ft,TCFTransformer.encoder_level1.mhca_blks.0.transformer_layers.1.norm1,1,encoder_level1,False,False,780,-0.00015799045881137452,-0.00016563146925923367,-0.00015084821619414934,True,-0.00040238536321113294,-0.00042080435233161353,-0.00038615615971505923,True,1.4858821372814584e-05,1.4275901324826572e-05,1.551395212389359e-05,True
freeze_decoder__seed3456,full_ft__seed3456,freeze_decoder,full_ft,TCFTransformer.encoder_level1.mhca_blks.0.transformer_layers.2.norm1,2,encoder_level1,False,False,780,-0.0005855568377381992,-0.0006288470075839963,-0.0005511684870012773,True,-0.0015715818985926333,-0.0016583226139722407,-0.001493222108635614,True,5.807166896965401e-05,5.5243159893079394e-05,6.113022363794698e-05,True
freeze_decoder__seed3456,full_ft__seed3456,freeze_decoder,full_ft,TCFTransformer.encoder_level1.mhca_blks.0.transformer_layers.3.norm1,3,encoder_level1,False,False,780,-0.00011074519437637154,-0.0001685579312478591,-5.820543925534609e-05,True,-0.0003611584962933678,-0.0004887680418975443,-0.00023867394412045164,True,1.7046994644270158e-05,1.2786947163471355e-05,2.1463702351609134e-05,True
freeze_decoder__seed3456,full_ft__seed3456,freeze_decoder,full_ft,TCFTransformer.encoder_level2.mhca_blks.0.transformer_layers.0.norm1,4,encoder_level2,False,False,780,-0.0014114618849040417,-0.0014670619710991039,-0.0013581311171793453,True,-0.0032921017286087206,-0.003414729174894138,-0.003170053210395274,True,0.0001213300419579278,0.00011694633105532819,0.00012573740815032696,True
freeze_decoder__seed3456,full_ft__seed3456,freeze_decoder,full_ft,TCFTransformer.encoder_level2.mhca_blks.0.transformer_layers.1.norm1,5,encoder_level2,False,False,780,-0.004551811516921522,-0.00471083215386843,-0.0044033322095967335,True,-0.007669453223545397,-0.008039544623247416,-0.007331213926273908,True,0.0003266633965660214,0.00031358100159062813,0.0003402950166731812,True
freeze_decoder__seed3456,full_ft__seed3456,freeze_decoder,full_ft,TCFTransformer.encoder_level2.mhca_blks.0.transformer_layers.2.norm1,6,encoder_level2,False,False,780,-0.0451907438128929,-0.04650371920248956,-0.04377654470146688,True,-0.0907888147311332,-0.0933787325555702,-0.08831088088567435,True,0.0037083943031915294,0.003612387046300202,0.0038081671974942643,True
freeze_decoder__seed3456,full_ft__seed3456,freeze_decoder,full_ft,TCFTransformer.encoder_level2.mhca_blks.0.transformer_layers.3.norm1,7,encoder_level2,False,False,780,-0.031289000236707776,-0.032359361663413,-0.03026162427569855,True,-0.049975260037640856,-0.05146430868521652,-0.048445973897974566,True,0.0019336824212721885,0.0018759440846231633,0.0019884009587497376,True
freeze_decoder__seed3456,full_ft__seed3456,freeze_decoder,full_ft,TCFTransformer.latent.mhca_blks.0.transformer_layers.0.norm1,8,latent,False,False,780,-0.012852222676205782,-0.013216255931231598,-0.012501667062043673,True,-0.02426702870772357,-0.024979968617357535,-0.023581523220127593,True,0.001018800619354597,0.0009916422436534332,0.0010461812381712158,True
freeze_decoder__seed3456,full_ft__seed3456,freeze_decoder,full_ft,TCFTransformer.latent.mhca_blks.0.transformer_layers.1.norm1,9,latent,False,False,780,-0.009335949144556266,-0.00962635263768762,-0.009045466632176207,True,-0.018335966360873535,-0.018881654452054277,-0.017777422571411607,True,0.0007295397762917761,0.0007071514538952674,0.0007494625404750081,True
freeze_decoder__seed3456,full_ft__seed3456,freeze_decoder,full_ft,TCFTransformer.latent.mhca_blks.0.transformer_layers.2.norm1,10,latent,False,False,780,-0.01134872733273029,-0.011680906104895092,-0.011021254404981315,True,-0.02235537836184831,-0.023123064778171908,-0.021673627277597265,True,0.0008750113202471025,0.0008511019630125036,0.000902400818702263,True
freeze_decoder__seed3456,full_ft__seed3456,freeze_decoder,full_ft,TCFTransformer.latent.mhca_blks.0.transformer_layers.3.norm1,11,latent,False,False,780,-0.023164118306759462,-0.023792754126633422,-0.022413311466606394,True,-0.04576216904016661,-0.04723626926120984,-0.04422408992128569,True,0.0017757489260703065,0.0017179546396533703,0.0018281479570983708,True
freeze_decoder__seed3456,full_ft__seed3456,freeze_decoder,full_ft,TCFTransformer.decoder_level2.mhca_blks.0.transformer_layers.0.norm1,12,decoder_level2,True,False,780,-0.039335615307920846,-0.04038993341219461,-0.038264599102851696,True,-0.11285550537017686,-0.11632403021095694,-0.10946349733647644,True,0.0043527112865354095,0.004232269717040868,0.004462200040248277,True
freeze_decoder__seed3456,full_ft__seed3456,freeze_decoder,full_ft,TCFTransformer.decoder_level2.mhca_blks.0.transformer_layers.1.norm1,13,decoder_level2,True,False,780,-0.011720737893866517,-0.012320958847959926,-0.011115776392957358,True,-0.041617187444978554,-0.04345640660975213,-0.03962906152812394,True,0.0015567012296054802,0.0014839466654463281,0.0016198678912529491,True
freeze_decoder__seed3456,full_ft__seed3456,freeze_decoder,full_ft,TCFTransformer.decoder_level2.mhca_blks.0.transformer_layers.2.norm1,14,decoder_level2,True,False,780,-0.015736937165005904,-0.016436724531997727,-0.014974614957968804,True,-0.06358091811338984,-0.0658141002595791,-0.061222289299545686,True,0.0022834082371955603,0.0021912591281223045,0.002363217891647306,True
freeze_decoder__seed3456,full_ft__seed3456,freeze_decoder,full_ft,TCFTransformer.decoder_level2.mhca_blks.0.transformer_layers.3.norm1,15,decoder_level2,True,False,780,-0.02073955354750412,-0.02162585646812724,-0.019783703846602014,True,-0.06490388016670223,-0.06752409278353115,-0.06215633281855365,True,0.002376150957276442,0.0022804349495722073,0.0024750947241326785,True
freeze_decoder__seed3456,full_ft__seed3456,freeze_decoder,full_ft,TCFTransformer.decoder_level1.mhca_blks.0.transformer_layers.0.norm1,16,decoder_level1,True,False,780,-0.006904778897634967,-0.007823825863014625,-0.005983366835766557,True,-0.01891314793855936,-0.02121785014772462,-0.016467984741122967,True,0.0006572149911542357,0.0005669190064282328,0.000742832052421725,True
freeze_decoder__seed3456,full_ft__seed3456,freeze_decoder,full_ft,TCFTransformer.decoder_level1.mhca_blks.0.transformer_layers.1.norm1,17,decoder_level1,True,False,780,0.017780722184822406,0.01687566625381765,0.018746784525015815,True,0.04564659933249082,0.04355831072192875,0.04801443194464227,True,-0.0017560586309426506,-0.0018471615848587274,-0.0016762502933776995,True
freeze_decoder__seed3456,full_ft__seed3456,freeze_decoder,full_ft,TCFTransformer.decoder_level1.mhca_blks.0.transformer_layers.2.norm1,18,decoder_level1,True,False,780,0.015147832773434788,0.014355051424020025,0.016062161941320475,True,0.037609896889099215,0.03575528446680457,0.03975596406100587,True,-0.001438167701794708,-0.0015219599171516112,-0.0013652314507838132,True
freeze_decoder__seed3456,full_ft__seed3456,freeze_decoder,full_ft,TCFTransformer.decoder_level1.mhca_blks.0.transformer_layers.3.norm1,19,decoder_level1,True,False,780,0.020579497561049598,0.019777802982144623,0.021449940880656913,True,0.04872994351845483,0.04705830854273016,0.05075376200026455,True,-0.0018401666873439902,-0.0019208860453491872,-0.0017768316368618866,True
freeze_decoder__seed3456,full_ft__seed3456,freeze_decoder,full_ft,TCFTransformer.mag_refinement.mhca_blks.0.transformer_layers.0.norm1,20,mag_refinement,False,False,780,-0.02015563757564809,-0.02106647831850319,-0.01915275945493734,True,-0.053904791749439296,-0.05627791739732686,-0.0510774324568789,True,0.0019280739752263422,0.001830205242605804,0.002017903652806533,True
freeze_decoder__seed3456,full_ft__seed3456,freeze_decoder,full_ft,TCFTransformer.mag_refinement.mhca_blks.0.transformer_layers.1.norm1,21,mag_refinement,False,False,780,-0.01705987536181286,-0.017724308796020424,-0.0162681055389916,True,-0.04761237601439239,-0.04930780658049297,-0.04564752042866648,True,0.0017418394162306292,0.0016706971943101097,0.0018015395914073712,True
freeze_decoder__seed3456,full_ft__seed3456,freeze_decoder,full_ft,TCFTransformer.mag_refinement.mhca_blks.0.transformer_layers.2.norm1,22,mag_refinement,False,False,780,-0.014675370226813311,-0.015341094286204638,-0.013873239747957905,True,-0.046131039170118515,-0.04783832421669597,-0.04407344488570292,True,0.0016321664195593222,0.0015624612633146522,0.0016982488788821848,True
freeze_decoder__seed3456,full_ft__seed3456,freeze_decoder,full_ft,TCFTransformer.mag_refinement.mhca_blks.0.transformer_layers.3.norm1,23,mag_refinement,False,False,780,-0.020867789797166303,-0.021896936097476546,-0.019633220811565495,True,-0.05542540842141819,-0.058044660644270676,-0.052513845475819936,True,0.0019259974733142043,0.0018095875243631506,0.002018409582261223,True
freeze_encoder__seed1234,freeze_decoder__seed1234,freeze_encoder,freeze_decoder,TCFTransformer.encoder_level1.mhca_blks.0.transformer_layers.0.norm1,0,encoder_level1,True,False,780,5.4142878861185295e-05,5.162561869523352e-05,5.670021549193382e-05,True,0.0001802563972972404,0.00017221641999010662,0.00018860135361258577,True,-6.2816205176280435e-06,-6.573079218644074e-06,-5.982877022296275e-06,True
freeze_encoder__seed1234,freeze_decoder__seed1234,freeze_encoder,freeze_decoder,TCFTransformer.encoder_level1.mhca_blks.0.transformer_layers.1.norm1,1,encoder_level1,True,False,780,0.0004028860358602504,0.0003865863101513545,0.0004178813942034537,True,0.0009353383382167957,0.0008909285190779632,0.0009709722942246174,True,-3.482703586200703e-05,-3.608339544108861e-05,-3.3287939610647916e-05,True
freeze_encoder__seed1234,freeze_decoder__seed1234,freeze_encoder,freeze_decoder,TCFTransformer.encoder_level1.mhca_blks.0.transformer_layers.2.norm1,2,encoder_level1,True,False,780,0.0022855004897484044,0.0021781421115416337,0.002395434188170997,True,0.005091861623983229,0.004855404104941593,0.005323833234798517,True,-0.00018855743916750586,-0.00019686347466599133,-0.00018014629055378237,True
freeze_encoder__seed1234,freeze_decoder__seed1234,freeze_encoder,freeze_decoder,TCFTransformer.encoder_level1.mhca_blks.0.transformer_layers.3.norm1,3,encoder_level1,True,False,780,0.0022450636269948365,0.00214990087168708,0.0023476236710302826,True,0.0050089221275755325,0.004796507358169252,0.00523210124633128,True,-0.00018730228818553102,-0.00019523416787229072,-0.00018003880234212643,True
freeze_encoder__seed1234,freeze_decoder__seed1234,freeze_encoder,freeze_decoder,TCFTransformer.encoder_level2.mhca_blks.0.transformer_layers.0.norm1,4,encoder_level2,True,False,780,0.005284919922805109,0.0050797258144577775,0.005457120841018617,True,0.01266563514868313,0.012277390766984763,0.013029565537970012,True,-0.00044489385870752384,-0.0004575371030704313,-0.0004313277478502136,True
freeze_encoder__seed1234,freeze_decoder__seed1234,freeze_encoder,freeze_decoder,TCFTransformer.encoder_level2.mhca_blks.0.transformer_layers.1.norm1,5,encoder_level2,True,False,780,0.026031126790066694,0.02512520715199481,0.02690153065796657,True,0.059150881538023836,0.0573030340239799,0.06092180574933719,True,-0.002269231643969727,-0.0023363681699842776,-0.0021985026435109587,True
freeze_encoder__seed1234,freeze_decoder__seed1234,freeze_encoder,freeze_decoder,TCFTransformer.encoder_level2.mhca_blks.0.transformer_layers.2.norm1,6,encoder_level2,True,False,780,0.07133886040021276,0.06919056208199305,0.07322532398172461,True,0.14940906995382153,0.1452858049850437,0.15355043766093576,True,-0.006023756851677062,-0.0061914402805002015,-0.005859160354091039,True
freeze_encoder__seed1234,freeze_decoder__seed1234,freeze_encoder,freeze_decoder,TCFTransformer.encoder_level2.mhca_blks.0.transformer_layers.3.norm1,7,encoder_level2,True,False,780,0.05958337291279148,0.057609365236165486,0.06149961668483035,True,0.09250993856252898,0.08977687040200655,0.09516114816146004,True,-0.0037922530563390417,-0.003894698627300212,-0.0036849739158760744,True
freeze_encoder__seed1234,freeze_decoder__seed1234,freeze_encoder,freeze_decoder,TCFTransformer.latent.mhca_blks.0.transformer_layers.0.norm1,8,latent,False,False,780,0.022211286557408783,0.02162572878756808,0.02292558274583697,True,0.04328323231293674,0.04215203705659243,0.04473743151319322,True,-0.0018051186109737368,-0.001861296621430199,-0.0017584419551988158,True
freeze_encoder__seed1234,freeze_decoder__seed1234,freeze_encoder,freeze_decoder,TCFTransformer.latent.mhca_blks.0.transformer_layers.1.norm1,9,latent,False,False,780,0.012900926061929718,0.01253193980520621,0.013435698123728088,True,0.0227806139297968,0.02201100777739143,0.023861282598514718,True,-0.0009663446678448207,-0.0010083753871310114,-0.0009350066930509598,True
freeze_encoder__seed1234,freeze_decoder__seed1234,freeze_encoder,freeze_decoder,TCFTransformer.latent.mhca_blks.0.transformer_layers.2.norm1,10,latent,False,False,780,0.015284058635051778,0.014799786470782793,0.015782819407268278,True,0.030923755596846014,0.02997105548053338,0.031925355606354636,True,-0.0012194534124673555,-0.0012603885481469552,-0.0011841037311179014,True
freeze_encoder__seed1234,freeze_decoder__seed1234,freeze_encoder,freeze_decoder,TCFTransformer.latent.mhca_blks.0.transformer_layers.3.norm1,11,latent,False,False,780,0.005419420492318472,0.00492836273294465,0.005936338182778017,True,0.027526006331811015,0.026229090434235793,0.02872845041293378,True,-0.0009371691782664453,-0.0009798383786749321,-0.0008904906058511027,True
freeze_encoder__seed1234,freeze_decoder__seed1234,freeze_encoder,freeze_decoder,TCFTransformer.decoder_level2.mhca_blks.0.transformer_layers.0.norm1,12,decoder_level2,False,True,780,0.032033199222488484,0.030738891601777008,0.033263361592952324,True,0.10310712656149534,0.09897422811522741,0.10720212275458456,True,-0.003934179016270079,-0.0040715294163729855,-0.0037957651069333923,True
freeze_encoder__seed1234,freeze_decoder__seed1234,freeze_encoder,freeze_decoder,TCFTransformer.decoder_level2.mhca_blks.0.transformer_layers.1.norm1,13,decoder_level2,False,True,780,0.003763058113618656,0.003100362942546203,0.004446031668565653,True,0.028984130865488344,0.02688621958593577,0.031012631932513204,True,-0.0010122474068888585,-0.001085303662700992,-0.0009432419878500106,True
freeze_encoder__seed1234,freeze_decoder__seed1234,freeze_encoder,freeze_decoder,TCFTransformer.decoder_level2.mhca_blks.0.transformer_layers.2.norm1,14,decoder_level2,False,True,780,-0.006307889410318457,-0.00707221655967911,-0.005435373904072198,True,0.013856791318990869,0.011588105597938658,0.01629306425841955,True,-0.0004268854956587676,-0.0005075324931592218,-0.00034744977830374713,True
freeze_encoder__seed1234,freeze_decoder__seed1234,freeze_encoder,freeze_decoder,TCFTransformer.decoder_level2.mhca_blks.0.transformer_layers.3.norm1,15,decoder_level2,False,True,780,-0.0010100473578158464,-0.0020298321016260835,-0.00010651627959909092,True,0.01766030907630911,0.015066221428031375,0.02010419897849644,True,-0.0006423316582319441,-0.0007350467759636162,-0.0005549606101152175,True
freeze_encoder__seed1234,freeze_decoder__seed1234,freeze_encoder,freeze_decoder,TCFTransformer.decoder_level1.mhca_blks.0.transformer_layers.0.norm1,16,decoder_level1,False,True,780,-0.008579591272287246,-0.009656219787195053,-0.007586177985860279,True,-0.007858616044888578,-0.01051774965704239,-0.005293679145474534,True,0.000360694439537468,0.00026732585907706123,0.0004608909167838776,True
freeze_encoder__seed1234,freeze_decoder__seed1234,freeze_encoder,freeze_decoder,TCFTransformer.decoder_level1.mhca_blks.0.transformer_layers.1.norm1,17,decoder_level1,False,True,780,-0.011852123218341948,-0.0125738184102453,-0.011188631562468241,True,-0.02243021229902975,-0.024045168086122684,-0.020906386308180813,True,0.0008469878472755024,0.000789286652955556,0.0009057627829188132,True
freeze_encoder__seed1234,freeze_decoder__seed1234,freeze_encoder,freeze_decoder,TCFTransformer.decoder_level1.mhca_blks.0.transformer_layers.2.norm1,18,decoder_level1,False,True,780,-0.00931070071700868,-0.009968081784124557,-0.008722909535607878,True,-0.01488402981024417,-0.016337877050422694,-0.013408430966046481,True,0.0006233544991230255,0.0005692288876965488,0.0006813957898246673,True
freeze_encoder__seed1234,freeze_decoder__seed1234,freeze_encoder,freeze_decoder,TCFTransformer.decoder_level1.mhca_blks.0.transformer_layers.3.norm1,19,decoder_level1,False,True,780,-0.01950138197240603,-0.02034351652035952,-0.018688458637979383,True,-0.03959422349929831,-0.0413916650773625,-0.03789678582052532,True,0.001531998641459391,0.0014729250601661875,0.0016000281802774346,True
freeze_encoder__seed1234,freeze_decoder__seed1234,freeze_encoder,freeze_decoder,TCFTransformer.mag_refinement.mhca_blks.0.transformer_layers.0.norm1,20,mag_refinement,False,False,780,-0.00896414871335538,-0.009849255022123563,-0.008222739764863457,True,-0.012947517755704685,-0.01536062830266328,-0.010793381093022324,True,0.0006574683629079507,0.000582579697328875,0.0007384905831545813,True
freeze_encoder__seed1234,freeze_decoder__seed1234,freeze_encoder,freeze_decoder,TCFTransformer.mag_refinement.mhca_blks.0.transformer_layers.1.norm1,21,mag_refinement,False,False,780,-0.0027264167826910324,-0.003349306340878558,-0.002171414939957606,True,0.003532118277673968,0.0018679200112828227,0.005131033435464756,True,-5.036369035803798e-05,-0.00010654013816254493,1.3149028396730553e-05,False
freeze_encoder__seed1234,freeze_decoder__seed1234,freeze_encoder,freeze_decoder,TCFTransformer.mag_refinement.mhca_blks.0.transformer_layers.2.norm1,22,mag_refinement,False,False,780,-0.00956107884581836,-0.01036800322766077,-0.008775762174788222,True,-0.005336182713509219,-0.007418208454281488,-0.003133732736875133,True,0.0003347076567571522,0.00025703569952116096,0.0004095376495560379,True
freeze_encoder__seed1234,freeze_decoder__seed1234,freeze_encoder,freeze_decoder,TCFTransformer.mag_refinement.mhca_blks.0.transformer_layers.3.norm1,23,mag_refinement,False,False,780,-0.014987631774165067,-0.016105056188603098,-0.013928451476006454,True,-0.02400061012078547,-0.02648659132745851,-0.02143043270955438,True,0.0010372015050546584,0.0009442129703853118,0.0011364111279914128,True
freeze_encoder__seed2345,freeze_decoder__seed2345,freeze_encoder,freeze_decoder,TCFTransformer.encoder_level1.mhca_blks.0.transformer_layers.0.norm1,0,encoder_level1,True,False,780,6.795344890198063e-05,6.535516534399987e-05,7.082071282725755e-05,True,0.0002207423173453682,0.0002121796111268226,0.0002300062309478962,True,-7.705181912674277e-06,-8.031015541070992e-06,-7.400006631945745e-06,True
freeze_encoder__seed2345,freeze_decoder__seed2345,freeze_encoder,freeze_decoder,TCFTransformer.encoder_level1.mhca_blks.0.transformer_layers.1.norm1,1,encoder_level1,True,False,780,0.0004489728604625265,0.00043104742236517446,0.00046530725787862214,True,0.0010234178182405573,0.0009757281140638063,0.00106212181234919,True,-3.831651480174715e-05,-3.967545964530224e-05,-3.6694795927835214e-05,True
freeze_encoder__seed2345,freeze_decoder__seed2345,freeze_encoder,freeze_decoder,TCFTransformer.encoder_level1.mhca_blks.0.transformer_layers.2.norm1,2,encoder_level1,True,False,780,0.0024153583675110557,0.002304723791698432,0.0025304668364865,True,0.005343222908485434,0.005093155498689802,0.0055823998863904515,True,-0.00019808209221206058,-0.00020677476788985772,-0.0001892103294002382,True
freeze_encoder__seed2345,freeze_decoder__seed2345,freeze_encoder,freeze_decoder,TCFTransformer.encoder_level1.mhca_blks.0.transformer_layers.3.norm1,3,encoder_level1,True,False,780,0.002337727494474473,0.0022408247102436744,0.002444417086597725,True,0.0051350517150687836,0.0049174447094016,0.005359998756876846,True,-0.00019201528105675136,-0.00020011819594255428,-0.00018443474644470905,True
freeze_encoder__seed2345,freeze_decoder__seed2345,freeze_encoder,freeze_decoder,TCFTransformer.encoder_level2.mhca_blks.0.transformer_layers.0.norm1,4,encoder_level2,True,False,780,0.0049361146973748715,0.004743541621865246,0.005100552351030296,True,0.011781945442542185,0.011415648521902477,0.012125910839972314,True,-0.00041421879258210937,-0.0004261717274436679,-0.0004015612502943334,True
freeze_encoder__seed2345,freeze_decoder__seed2345,freeze_encoder,freeze_decoder,TCFTransformer.encoder_level2.mhca_blks.0.transformer_layers.1.norm1,5,encoder_level2,True,False,780,0.030829175040762324,0.02976742646524764,0.03188123843221881,True,0.06986324603741134,0.06769009608871115,0.07192176899581357,True,-0.002678118261695764,-0.002756792410117358,-0.0025969593869368574,True
freeze_encoder__seed2345,freeze_decoder__seed2345,freeze_encoder,freeze_decoder,TCFTransformer.encoder_level2.mhca_blks.0.transformer_layers.2.norm1,6,encoder_level2,True,False,780,0.07830148143391324,0.07596988948936097,0.08031576198323512,True,0.16685590815849727,0.16236383999234577,0.17109537977438719,True,-0.006709299654347932,-0.006883029421430878,-0.006533761894555123,True
freeze_encoder__seed2345,freeze_decoder__seed2345,freeze_encoder,freeze_decoder,TCFTransformer.encoder_level2.mhca_blks.0.transformer_layers.3.norm1,7,encoder_level2,True,False,780,0.05642303867281484,0.054717183537224115,0.05804719809030442,True,0.09409130805578103,0.09154797417192943,0.09644265102079265,True,-0.003839073882065382,-0.003934684868337882,-0.0037379497194649737,True
freeze_encoder__seed2345,freeze_decoder__seed2345,freeze_encoder,freeze_decoder,TCFTransformer.latent.mhca_blks.0.transformer_layers.0.norm1,8,latent,False,False,780,0.027215707069661144,0.026495199588342667,0.028030648206702525,True,0.052541773151128957,0.05116945119201893,0.05420858675585277,True,-0.002192072750918179,-0.002258233327143745,-0.002137569340466348,True
freeze_encoder__seed2345,freeze_decoder__seed2345,freeze_encoder,freeze_decoder,TCFTransformer.latent.mhca_blks.0.transformer_layers.1.norm1,9,latent,False,False,780,0.01629291325234372,0.015836797121848427,0.016892369763877528,True,0.029629709521929448,0.02859771037178117,0.03092580289794864,True,-0.001258577369709843,-0.001310406219088461,-0.0012182762471125937,True
freeze_encoder__seed2345,freeze_decoder__seed2345,freeze_encoder,freeze_decoder,TCFTransformer.latent.mhca_blks.0.transformer_layers.2.norm1,10,latent,False,False,780,0.01678317761064574,0.01623139309002701,0.017357082024662712,True,0.033915925163487626,0.032775964596713864,0.03514036331765044,True,-0.0013592328963463927,-0.0014046587809219027,-0.0013182084727989486,True
freeze_encoder__seed2345,freeze_decoder__seed2345,freeze_encoder,freeze_decoder,TCFTransformer.latent.mhca_blks.0.transformer_layers.3.norm1,11,latent,False,False,780,0.00022097097248108266,-0.0003888988573996693,0.0008294865442994095,False,0.018084836327113663,0.01662332329688993,0.019395559796539136,True,-0.0005321313813559814,-0.0005778097095809326,-0.0004823741630396065,True
freeze_encoder__seed2345,freeze_decoder__seed2345,freeze_encoder,freeze_decoder,TCFTransformer.decoder_level2.mhca_blks.0.transformer_layers.0.norm1,12,decoder_level2,False,True,780,0.03489354880510742,0.03343679345346656,0.0363201796633281,True,0.10441701710224238,0.1000421906765082,0.10913481270999642,True,-0.0039615925162501614,-0.004117989777293101,-0.0038012628814966163,True
freeze_encoder__seed2345,freeze_decoder__seed2345,freeze_encoder,freeze_decoder,TCFTransformer.decoder_level2.mhca_blks.0.transformer_layers.1.norm1,13,decoder_level2,False,True,780,0.0066317608439899756,0.0058774098071359086,0.007402963902450964,True,0.030773704961324255,0.028581945497446602,0.03323885322801522,True,-0.0011091879924675706,-0.0011952129293929315,-0.001024050591849521,True
freeze_encoder__seed2345,freeze_decoder__seed2345,freeze_encoder,freeze_decoder,TCFTransformer.decoder_level2.mhca_blks.0.transformer_layers.2.norm1,14,decoder_level2,False,True,780,-0.0031332040858320642,-0.004097999196698404,-0.0021169957775364293,True,0.023485323878434716,0.02090998491014326,0.02630576014002852,True,-0.0007881397793883197,-0.0008821200006014367,-0.0006950410480934661,True
freeze_encoder__seed2345,freeze_decoder__seed2345,freeze_encoder,freeze_decoder,TCFTransformer.decoder_level2.mhca_blks.0.transformer_layers.3.norm1,15,decoder_level2,False,True,780,0.004349511670123984,0.003072243597390001,0.005535272611655011,True,0.0378366375580822,0.034769405202033414,0.04098968711934773,True,-0.0013916774916964917,-0.0015027472576945305,-0.001286993377618165,True
freeze_encoder__seed2345,freeze_decoder__seed2345,freeze_encoder,freeze_decoder,TCFTransformer.decoder_level1.mhca_blks.0.transformer_layers.0.norm1,16,decoder_level1,False,True,780,0.0014985520812945685,0.00028742383875795255,0.002973424876116634,True,0.009519704962388409,0.006305695857948701,0.012886047886732943,True,-0.0004170331139738267,-0.0005481799828717731,-0.00029019365502592137,True
freeze_encoder__seed2345,freeze_decoder__seed2345,freeze_encoder,freeze_decoder,TCFTransformer.decoder_level1.mhca_blks.0.transformer_layers.1.norm1,17,decoder_level1,False,True,780,-0.005892961890651804,-0.006662187575943723,-0.0051322376740635086,True,-0.011446668368119362,-0.013224286474097641,-0.009575544491410935,True,0.00041067634044682265,0.0003439527724630003,0.0004805366346881098,True
freeze_encoder__seed2345,freeze_decoder__seed2345,freeze_encoder,freeze_decoder,TCFTransformer.decoder_level1.mhca_blks.0.transformer_layers.2.norm1,18,decoder_level1,False,True,780,6.833748876022838e-05,-0.0005950075724342919,0.0007637266048160839,False,0.005104439121025872,0.0033977614801679796,0.006823970241806204,True,-0.00017032126256458485,-0.00023749344150224744,-0.00010344276994873562,True
freeze_encoder__seed2345,freeze_decoder__seed2345,freeze_encoder,freeze_decoder,TCFTransformer.decoder_level1.mhca_blks.0.transformer_layers.3.norm1,19,decoder_level1,False,True,780,-0.009828934502015496,-0.010570635648762311,-0.009081905803221489,True,-0.01981810018038055,-0.021474665961586138,-0.01812133693312942,True,0.0007472765761114396,0.00068574253214801,0.0008089721135679509,True
freeze_encoder__seed2345,freeze_decoder__seed2345,freeze_encoder,freeze_decoder,TCFTransformer.mag_refinement.mhca_blks.0.transformer_layers.0.norm1,20,mag_refinement,False,False,780,0.0002368829007711737,-0.0007867573025182428,0.0012742337254078963,False,0.006817726607505459,0.004259991334224539,0.009255357498350847,True,-0.00016977809160046743,-0.00027049488354457526,-6.414808720121121e-05,True
freeze_encoder__seed2345,freeze_decoder__seed2345,freeze_encoder,freeze_decoder,TCFTransformer.mag_refinement.mhca_blks.0.transformer_layers.1.norm1,21,mag_refinement,False,False,780,0.0030346063269766077,0.0022498768956806412,0.003853896065988971,True,0.014639152823351376,0.012648919240404007,0.01664647930784234,True,-0.0005370815027328159,-0.0006148423012720841,-0.0004595458778076348,True
freeze_encoder__seed2345,freeze_decoder__seed2345,freeze_encoder,freeze_decoder,TCFTransformer.mag_refinement.mhca_blks.0.transformer_layers.2.norm1,22,mag_refinement,False,False,780,-0.007208739289234489,-0.008203823701900634,-0.006114251234385962,True,-0.003713496831747154,-0.006221222163010928,-0.0011103062304946001,True,0.0001903534796783013,9.284467295835157e-05,0.00028834095983125055,True
freeze_encoder__seed2345,freeze_decoder__seed2345,freeze_encoder,freeze_decoder,TCFTransformer.mag_refinement.mhca_blks.0.transformer_layers.3.norm1,23,mag_refinement,False,False,780,-0.000527259248634615,-0.001781537588629703,0.000824828011215098,False,0.006036073022928634,0.0034482035549016437,0.009066502146040174,True,-0.00014430395246529688,-0.0002582206453125936,-3.799653119412793e-05,True
freeze_encoder__seed3456,freeze_decoder__seed3456,freeze_encoder,freeze_decoder,TCFTransformer.encoder_level1.mhca_blks.0.transformer_layers.0.norm1,0,encoder_level1,True,False,780,5.610693023250235e-05,5.3603382638459093e-05,5.8821722260116174e-05,True,0.00018739070647677547,0.00017900103865555183,0.00019621600898391542,True,-6.515601279832252e-06,-6.829235709230006e-06,-6.215627465047899e-06,True
freeze_encoder__seed3456,freeze_decoder__seed3456,freeze_encoder,freeze_decoder,TCFTransformer.encoder_level1.mhca_blks.0.transformer_layers.1.norm1,1,encoder_level1,True,False,780,0.00039672512592903164,0.0003805199074120136,0.00041164742774770776,True,0.000903246968220417,0.000859036770767782,0.0009391150447789071,True,-3.402098070300934e-05,-3.5287314440121994e-05,-3.247327426011518e-05,True
freeze_encoder__seed3456,freeze_decoder__seed3456,freeze_encoder,freeze_decoder,TCFTransformer.encoder_level1.mhca_blks.0.transformer_layers.2.norm1,2,encoder_level1,True,False,780,0.0023726338460151597,0.002262868561710965,0.002483152156026996,True,0.005204284084149857,0.004957763732623679,0.005447476506997509,True,-0.00019347876681511354,-0.00020216284883913728,-0.00018466894558844636,True
freeze_encoder__seed3456,freeze_decoder__seed3456,freeze_encoder,freeze_decoder,TCFTransformer.encoder_level1.mhca_blks.0.transformer_layers.3.norm1,3,encoder_level1,True,False,780,0.0024124260622470084,0.0023111849148143653,0.002520777653154424,True,0.005322345877304402,0.005102121914044727,0.005549901962663339,True,-0.00019880920606586377,-0.00020714206742582236,-0.00019124574266578755,True
freeze_encoder__seed3456,freeze_decoder__seed3456,freeze_encoder,freeze_decoder,TCFTransformer.encoder_level2.mhca_blks.0.transformer_layers.0.norm1,4,encoder_level2,True,False,780,0.004988199843682706,0.004789074037892832,0.005156150151696787,True,0.011873605205462434,0.011499645627080415,0.012223711084096023,True,-0.0004170691643207219,-0.0004291767081951521,-0.000404030050018599,True
freeze_encoder__seed3456,freeze_decoder__seed3456,freeze_encoder,freeze_decoder,TCFTransformer.encoder_level2.mhca_blks.0.transformer_layers.1.norm1,5,encoder_level2,True,False,780,0.02547367917357868,0.02459310267824296,0.026328593251606185,True,0.057519957041129444,0.05576051091651122,0.05920530257316729,True,-0.002206808393523512,-0.0022707811021282403,-0.0021399234135180954,True
freeze_encoder__seed3456,freeze_decoder__seed3456,freeze_encoder,freeze_decoder,TCFTransformer.encoder_level2.mhca_blks.0.transformer_layers.2.norm1,6,encoder_level2,True,False,780,0.07354586134800001,0.07130800066542863,0.07551410801899737,True,0.15472338190445512,0.1505757717601005,0.15883481994386006,True,-0.006227987298934557,-0.006396907857635667,-0.00605758783698722,True
freeze_encoder__seed3456,freeze_decoder__seed3456,freeze_encoder,freeze_decoder,TCFTransformer.encoder_level2.mhca_blks.0.transformer_layers.3.norm1,7,encoder_level2,True,False,780,0.062222022493171214,0.060192181413961494,0.0641196248766161,True,0.0984048948074,0.09547129951684778,0.10111437942660909,True,-0.00399585801944089,-0.004102161734844519,-0.0038875598972017275,True
freeze_encoder__seed3456,freeze_decoder__seed3456,freeze_encoder,freeze_decoder,TCFTransformer.latent.mhca_blks.0.transformer_layers.0.norm1,8,latent,False,False,780,0.026044555331906194,0.025324926080802675,0.026814692056777598,True,0.052061588504375034,0.05067896418388001,0.053579277419508846,True,-0.002140508407436662,-0.002199981594122622,-0.0020851177264885846,True
freeze_encoder__seed3456,freeze_decoder__seed3456,freeze_encoder,freeze_decoder,TCFTransformer.latent.mhca_blks.0.transformer_layers.1.norm1,9,latent,False,False,780,0.014774860591332928,0.014350952543365833,0.015345368140448625,True,0.027918032774558177,0.027014052643607567,0.0291392973367231,True,-0.001150051097091923,-0.0011955004215399895,-0.0011148854430871203,True
freeze_encoder__seed3456,freeze_decoder__seed3456,freeze_encoder,freeze_decoder,TCFTransformer.latent.mhca_blks.0.transformer_layers.2.norm1,10,latent,False,False,780,0.01714640454476668,0.01659912550565572,0.017724332069580125,True,0.03617639633325387,0.03503841852492045,0.037451860966970896,True,-0.0013978376866864606,-0.0014436157917624855,-0.0013572970912192062,True
freeze_encoder__seed3456,freeze_decoder__seed3456,freeze_encoder,freeze_decoder,TCFTransformer.latent.mhca_blks.0.transformer_layers.3.norm1,11,latent,False,False,780,0.006607835623316682,0.0061116540784129005,0.0071522789495784165,True,0.03256488367533006,0.031208847389770457,0.03379245798862836,True,-0.0010985035871780742,-0.0011386195477263075,-0.0010524028827486164,True
freeze_encoder__seed3456,freeze_decoder__seed3456,freeze_encoder,freeze_decoder,TCFTransformer.decoder_level2.mhca_blks.0.transformer_layers.0.norm1,12,decoder_level2,False,True,780,0.04519938189791073,0.043674421784746474,0.04666412521702901,True,0.12974534391592762,0.12529343014191402,0.1345209923178354,True,-0.004915484846696376,-0.0050763697045555275,-0.004750797150614665,True
freeze_encoder__seed3456,freeze_decoder__seed3456,freeze_encoder,freeze_decoder,TCFTransformer.decoder_level2.mhca_blks.0.transformer_layers.1.norm1,13,decoder_level2,False,True,780,0.010869207587889118,0.010038082959130312,0.011662801593637298,True,0.04249993484753656,0.04015919575095126,0.04495211282792704,True,-0.0015109078925104017,-0.0015949189723410992,-0.0014275097806685402,True
freeze_encoder__seed3456,freeze_decoder__seed3456,freeze_encoder,freeze_decoder,TCFTransformer.decoder_level2.mhca_blks.0.transformer_layers.2.norm1,14,decoder_level2,False,True,780,-0.0043100345816122765,-0.005224471900500618,-0.0033380801228845,True,0.020878578042371254,0.018441017331792466,0.02349519343445018,True,-0.0006555431554202936,-0.0007471066931841158,-0.000560185413155322,True
freeze_encoder__seed3456,freeze_decoder__seed3456,freeze_encoder,freeze_decoder,TCFTransformer.decoder_level2.mhca_blks.0.transformer_layers.3.norm1,15,decoder_level2,False,True,780,0.006269284550132315,0.005012919371485449,0.00747904895558042,True,0.038171335114882576,0.03497699887133711,0.04102364340271782,True,-0.0013728244863419076,-0.001479634965402433,-0.0012488571666788195,True
freeze_encoder__seed3456,freeze_decoder__seed3456,freeze_encoder,freeze_decoder,TCFTransformer.decoder_level1.mhca_blks.0.transformer_layers.0.norm1,16,decoder_level1,False,True,780,0.010989747678812889,0.009739372578130947,0.01224645848323884,True,0.031309433036890155,0.02817078172033527,0.034419153103270636,True,-0.0011578107751164697,-0.0012800086038318864,-0.0010380170240234276,True
freeze_encoder__seed3456,freeze_decoder__seed3456,freeze_encoder,freeze_decoder,TCFTransformer.decoder_level1.mhca_blks.0.transformer_layers.1.norm1,17,decoder_level1,False,True,780,-0.0046459284794124756,-0.005387085424943086,-0.003963721566985362,True,-0.011955732825472354,-0.013724374909430959,-0.010295829071064988,True,0.00044828969513944095,0.00038413289083194275,0.0005156057919137479,True
freeze_encoder__seed3456,freeze_decoder__seed3456,freeze_encoder,freeze_decoder,TCFTransformer.decoder_level1.mhca_blks.0.transformer_layers.2.norm1,18,decoder_level1,False,True,780,0.0013099795949258475,0.0006639552688244843,0.0019195052029675611,True,0.005381309191385908,0.0036748333993626677,0.006916717009667729,True,-0.00016605324424731312,-0.00022664212576686626,-0.00010321141180604721,True
freeze_encoder__seed3456,freeze_decoder__seed3456,freeze_encoder,freeze_decoder,TCFTransformer.decoder_level1.mhca_blks.0.transformer_layers.3.norm1,19,decoder_level1,False,True,780,-0.007948280306708577,-0.008704031375834082,-0.007241189639315033,True,-0.01901829288556045,-0.02062231807754475,-0.01729528216597387,True,0.000737936063597476,0.0006705205823777871,0.000801714934283946,True
freeze_encoder__seed3456,freeze_decoder__seed3456,freeze_encoder,freeze_decoder,TCFTransformer.mag_refinement.mhca_blks.0.transformer_layers.0.norm1,20,mag_refinement,False,False,780,0.017917513606639957,0.01672425284325846,0.018931459934036547,True,0.05126239823989198,0.04854669204105811,0.05378457939815738,True,-0.0018361795502133348,-0.0019332237603648266,-0.0017253942935852931,True
freeze_encoder__seed3456,freeze_decoder__seed3456,freeze_encoder,freeze_decoder,TCFTransformer.mag_refinement.mhca_blks.0.transformer_layers.1.norm1,21,mag_refinement,False,False,780,0.013817321891203993,0.013007786373568087,0.014532235997180076,True,0.04073619972436937,0.03865459988476291,0.0427754816160752,True,-0.001492919741599904,-0.0015633309349933997,-0.0014136970405597016,True
freeze_encoder__seed3456,freeze_decoder__seed3456,freeze_encoder,freeze_decoder,TCFTransformer.mag_refinement.mhca_blks.0.transformer_layers.2.norm1,22,mag_refinement,False,False,780,0.007463625903822657,0.006694117930709795,0.008176305093683205,True,0.03247036449420038,0.03033063392799502,0.034453129808489476,True,-0.0011186748243244568,-0.0011901208540240644,-0.0010395276955044769,True
freeze_encoder__seed3456,freeze_decoder__seed3456,freeze_encoder,freeze_decoder,TCFTransformer.mag_refinement.mhca_blks.0.transformer_layers.3.norm1,23,mag_refinement,False,False,780,0.00882769442394249,0.007964163195389659,0.009696507591204925,True,0.03448424732073685,0.032194975446051405,0.03677340371753972,True,-0.0011022898316483936,-0.0011784478382145668,-0.0010146699522718234,True
