tag,arm,seed,layer,depth,stage,frozen_in_arm,n_units,n_levels,auc,c_low,c_high,alpha,beta,r2,auc_lo,auc_hi,auc_se,c_low_lo,c_low_hi,c_low_se,beta_lo,beta_hi,beta_se
pre_ft,pre_ft,,TCFTransformer.encoder_level1.mhca_blks.0.transformer_layers.0.norm1,0,encoder_level1,False,780,13,0.9996441561168329,0.9989786426531961,0.9999868208781256,0.9992746272381674,3.571116208831413e-05,0.9131379396521947,0.9996306130612572,0.9996568161295328,6.746684890016138e-06,0.9989380851487322,0.9990155309759657,1.9896601540563323e-05,3.4398073100777505e-05,3.715128796761808e-05,7.082705775626258e-07
pre_ft,pre_ft,,TCFTransformer.encoder_level1.mhca_blks.0.transformer_layers.1.norm1,1,encoder_level1,False,780,13,0.9980673506212795,0.9950208584314749,0.999892404965866,0.9962864148243951,0.00017339574182222305,0.9475742786904385,0.9979919566538695,0.9981395602959854,4.162309290354343e-05,0.9948230245701789,0.9951934364117109,9.74058071977457e-05,0.000167420035593123,0.0001799232364339013,3.3988498320622297e-06
pre_ft,pre_ft,,TCFTransformer.encoder_level1.mhca_blks.0.transformer_layers.2.norm1,2,encoder_level1,False,780,13,0.9967111155932024,0.9916349797218272,0.9997721604811851,0.9937924492510318,0.00028411628428094427,0.9535732484589509,0.9964323693076866,0.9969628226035873,0.00013343535882846482,0.9909831849325149,0.9921896305408988,0.0003056218093152712,0.0002641954838339503,0.00030654683426323563,1.0694654086029483e-05
pre_ft,pre_ft,,TCFTransformer.encoder_level1.mhca_blks.0.transformer_layers.3.norm1,3,encoder_level1,False,780,13,0.9958720611131345,0.9894220018081191,0.9996987645289852,0.9922060657335223,0.00035650970761826495,0.9514970363792618,0.9955604201604605,0.996171208009665,0.00016303018157918186,0.9886781506488722,0.990118326287621,0.00037266945244128724,0.0003319215182822669,0.0003819747294555826,1.29595672401696e-05
pre_ft,pre_ft,,TCFTransformer.encoder_level2.mhca_blks.0.transformer_layers.0.norm1,4,encoder_level2,False,780,13,0.995180538331087,0.9870707079691776,0.999711496004691,0.9906629794995596,0.0004379909881976958,0.9392906278465707,0.9949394582524642,0.9954098447872506,0.00011884828238226241,0.9865039284175792,0.9876148863927676,0.0002775640957556715,0.00041921999383204517,0.0004574889204281432,9.736178590986785e-06
pre_ft,pre_ft,,TCFTransformer.encoder_level2.mhca_blks.0.transformer_layers.1.norm1,5,encoder_level2,False,780,13,0.9717224143426387,0.9283824942814985,0.9985613774641962,0.9456604269723817,0.0025427335180273083,0.9487750963426655,0.9706554370174486,0.9727990015154849,0.0005543262600085577,0.9261866599691976,0.9306222915550069,0.0011759514860882159,0.002460986833577947,0.002624540649180204,4.245042255298036e-05
pre_ft,pre_ft,,TCFTransformer.encoder_level2.mhca_blks.0.transformer_layers.2.norm1,6,encoder_level2,False,780,13,0.9629445987341241,0.9101645405781573,0.997816584507624,0.9304141298844196,0.0031841696834994195,0.9600721991129111,0.96150030189665,0.9643606100349376,0.0007442703830225222,0.9073842200579547,0.9129787261581577,0.0014943779764153599,0.0030811840556479748,0.003285892041671194,5.390022066458122e-05
pre_ft,pre_ft,,TCFTransformer.encoder_level2.mhca_blks.0.transformer_layers.3.norm1,7,encoder_level2,False,780,13,0.9383369219876255,0.8571709878628068,0.995743816357393,0.8871630914604608,0.005026002130581657,0.9706264586151265,0.9356128896064023,0.941064048717308,0.0014161061645577464,0.8517436539637727,0.8623874052006462,0.002838867150845992,0.004837063095191917,0.0052142398591103175,0.00010142567640012375
pre_ft,pre_ft,,TCFTransformer.latent.mhca_blks.0.transformer_layers.0.norm1,8,latent,False,780,13,0.9745510474038432,0.9382130747575032,0.9984151308353132,0.9528952497492451,0.002117603268479561,0.9689121087882493,0.9733119820125051,0.9758206315794242,0.0006696084420428331,0.9355146925663337,0.9409461472580827,0.0014389119780356897,0.002019128739931219,0.002214186358675201,5.07303885912709e-05
pre_ft,pre_ft,,TCFTransformer.latent.mhca_blks.0.transformer_layers.1.norm1,9,latent,False,780,13,0.968157039843818,0.9241797241339322,0.9979797366796395,0.9411281694374005,0.002648446198818419,0.9688515482444625,0.9668886422616325,0.9693629868789937,0.0006335586594823664,0.9217225869481386,0.9266000086802699,0.0012992093277178103,0.0025598217424447215,0.002737776363262932,4.590042132979999e-05
pre_ft,pre_ft,,TCFTransformer.latent.mhca_blks.0.transformer_layers.2.norm1,10,latent,False,780,13,0.9578788882277463,0.9021130236448371,0.9969901693937112,0.9231467814489496,0.0034091545878144904,0.9730314556575286,0.9563138461495534,0.9592975825033921,0.0007680032435737926,0.8992558372406626,0.9047521311136374,0.0014666743355789256,0.003313518345853967,0.0035086735062286687,5.2140881644203666e-05
pre_ft,pre_ft,,TCFTransformer.latent.mhca_blks.0.transformer_layers.3.norm1,11,latent,False,780,13,0.9479067936243545,0.891583794546434,0.9948327114184693,0.9102142603620241,0.003733110705910694,0.9885940916322721,0.9455322043699667,0.9500767197744668,0.0011181404613874175,0.8875294042101658,0.8955070065515933,0.002084753801360649,0.0035985059632906084,0.0038683751848078525,7.286594499104054e-05
pre_ft,pre_ft,,TCFTransformer.decoder_level2.mhca_blks.0.transformer_layers.0.norm1,12,decoder_level2,False,780,13,0.9325941821713096,0.8659616660078363,0.9941506837575861,0.885729086332823,0.004666986450859433,0.991551041839743,0.9292031228069264,0.9356032888488128,0.0016440769233657237,0.8594289115166813,0.8718744219073497,0.0032075242930155053,0.0044531131546366055,0.0048963690037486735,0.00011357693131648808
pre_ft,pre_ft,,TCFTransformer.decoder_level2.mhca_blks.0.transformer_layers.1.norm1,13,decoder_level2,False,780,13,0.9450490159767436,0.8952577642828982,0.9946616660173122,0.9088474066547527,0.003619474002763423,0.9912248291248412,0.9423525227900258,0.9474901792297105,0.0012895397408465882,0.8901875061958258,0.8994240638034847,0.002377934359494066,0.0034658328785488845,0.0037956384760640316,8.29943640678418e-05
pre_ft,pre_ft,,TCFTransformer.decoder_level2.mhca_blks.0.transformer_layers.2.norm1,14,decoder_level2,False,780,13,0.9420612407447052,0.8924815906087564,0.9942210257664701,0.905107204374393,0.0037053272327459063,0.9891913543082355,0.939326751904188,0.9445528075458383,0.0013616400733691071,0.8873417724042368,0.8967497441464877,0.0024574448976524737,0.0035480509630271633,0.0038805816529375774,8.582513397046486e-05
pre_ft,pre_ft,,TCFTransformer.decoder_level2.mhca_blks.0.transformer_layers.3.norm1,15,decoder_level2,False,780,13,0.8280017866324793,0.7392659100431663,0.9730157923698426,0.747390803416184,0.008277552664506659,0.9389999998553855,0.820483423511995,0.8359853485227425,0.003916024731802287,0.7299382060232269,0.7484264173987204,0.005018121586277824,0.00797418147948284,0.008565596016773923,0.00015989972932116923
pre_ft,pre_ft,,TCFTransformer.decoder_level1.mhca_blks.0.transformer_layers.0.norm1,16,decoder_level1,False,780,13,0.8762095300565099,0.7913566452379421,0.9830142665215023,0.8081710552563381,0.006888277678657273,0.9796001484457586,0.8707796653569995,0.8814936697164858,0.0027627745784366085,0.782872762969576,0.7992628676173018,0.004323907857880869,0.006629875458971338,0.007157697820952315,0.0001431277585308154
pre_ft,pre_ft,,TCFTransformer.decoder_level1.mhca_blks.0.transformer_layers.1.norm1,17,decoder_level1,False,780,13,0.9144430979659667,0.8603439124578086,0.9867028669669079,0.8703619492263082,0.0044779632720150335,0.9734840702178322,0.9104628905390476,0.9186371919993452,0.0020353559761037044,0.8544307834439174,0.8657739453678706,0.0029829331626928103,0.004306006114995173,0.00465744969809967,9.44427123986909e-05
pre_ft,pre_ft,,TCFTransformer.decoder_level1.mhca_blks.0.transformer_layers.2.norm1,18,decoder_level1,False,780,13,0.9230063595348952,0.8726046831027061,0.9885241143825729,0.8823933273736073,0.004119441979265301,0.9759555378342679,0.9194710105067105,0.9265849200056263,0.0017783060065984539,0.8673440422197946,0.8774161125291609,0.002657002063992585,0.003964118860943712,0.0042790979891012115,8.486780747269e-05
pre_ft,pre_ft,,TCFTransformer.decoder_level1.mhca_blks.0.transformer_layers.3.norm1,19,decoder_level1,False,780,13,0.911512308686207,0.8579273496529982,0.9848423103491456,0.8678508398031709,0.004442089359956424,0.970501066605528,0.9075354896427137,0.915753403404823,0.002050556305544306,0.8522558063776824,0.8633227977714476,0.002904518893638227,0.004269209348337508,0.00460746505584564,8.929753704728195e-05
pre_ft,pre_ft,,TCFTransformer.mag_refinement.mhca_blks.0.transformer_layers.0.norm1,20,mag_refinement,False,780,13,0.8927962645633608,0.8218840284530934,0.9835633457471152,0.8361266370060983,0.005743327544470434,0.9794471398959623,0.8881202599853834,0.897475004944839,0.002359400166326781,0.8148981906586349,0.8282801168459734,0.003547503992769622,0.0055344614187552935,0.005944093218151017,0.00011459191717527591
pre_ft,pre_ft,,TCFTransformer.mag_refinement.mhca_blks.0.transformer_layers.1.norm1,21,mag_refinement,False,780,13,0.9202035780266945,0.8652402736361221,0.9883725263675063,0.8768593721014912,0.004385211530790493,0.9817997634992028,0.9167033278701078,0.923665305483784,0.0017777528443184906,0.8595934121847548,0.8702862090164655,0.002801346058436201,0.0042189839423479635,0.004553343329198016,9.169413170591791e-05
pre_ft,pre_ft,,TCFTransformer.mag_refinement.mhca_blks.0.transformer_layers.2.norm1,22,mag_refinement,False,780,13,0.9187619614540641,0.86143590182066,0.9874004038174952,0.8745751042269795,0.004462194887054719,0.9866463558606179,0.915339697592422,0.9222019252207562,0.0017568956780356054,0.8560343893760677,0.8663249969199686,0.0027301666473670337,0.004306540748545842,0.004618967170831977,8.736979431953428e-05
pre_ft,pre_ft,,TCFTransformer.mag_refinement.mhca_blks.0.transformer_layers.3.norm1,23,mag_refinement,False,780,13,0.8959399306500316,0.8222422545689809,0.9852270353451754,0.8388594418382037,0.005768008222006229,0.9840524568237086,0.891655240098771,0.9003015596852358,0.0022326573592719784,0.8149612745703799,0.8287501398005925,0.0036035417067584066,0.005554928964260984,0.005990376260254383,0.00011931567765769608
full_ft__seed1234,full_ft,1234,TCFTransformer.encoder_level1.mhca_blks.0.transformer_layers.0.norm1,0,encoder_level1,False,780,13,0.999829894110688,0.9995177638683569,0.9999947087122841,0.9996530045442564,1.7122358024926617e-05,0.9155202202667756,0.9998249627231723,0.999835112230677,2.6248952741934946e-06,0.9995042140476227,0.9995313859253361,7.341072327517976e-06,1.6636443811573786e-05,1.763529941104879e-05,2.637768041933755e-07
full_ft__seed1234,full_ft,1234,TCFTransformer.encoder_level1.mhca_blks.0.transformer_layers.1.norm1,1,encoder_level1,False,780,13,0.9987523775407648,0.9968876925492894,0.9999298713298945,0.9976234732387302,0.00011024738711753906,0.9523479003952993,0.9986965259289226,0.9988042044691805,3.0105373495503613e-05,0.9967493911897523,0.9970108266006665,6.904289521545521e-05,0.00010590696541833252,0.00011511302743538993,2.452184655841217e-06
full_ft__seed1234,full_ft,1234,TCFTransformer.encoder_level1.mhca_blks.0.transformer_layers.2.norm1,2,encoder_level1,False,780,13,0.9958848111025799,0.9903955070636214,0.9997066383942582,0.9924338629568892,0.00033868144246415496,0.9677078285049902,0.9956122752176043,0.9961242269804048,0.00013570934451260548,0.9897945113594714,0.9909195303970417,0.00029712386374410174,0.0003202651628459814,0.0003597244934309772,1.0587582199601589e-05
full_ft__seed1234,full_ft,1234,TCFTransformer.encoder_level1.mhca_blks.0.transformer_layers.3.norm1,3,encoder_level1,False,780,13,0.995273106856606,0.9887508568702597,0.9996738044573715,0.9912398869531461,0.00039516217347835387,0.9644350769866821,0.994984031139897,0.9955302357295065,0.00014674082684937393,0.9881108443912783,0.9893158001739243,0.0003214047677653961,0.0003752859701947716,0.0004169628395995881,1.139001468306352e-05
full_ft__seed1234,full_ft,1234,TCFTransformer.encoder_level2.mhca_blks.0.transformer_layers.0.norm1,4,encoder_level2,False,780,13,0.9948064526520731,0.987040961354207,0.999625572348253,0.9902714539963142,0.0004421676671078682,0.9573404255361139,0.9945777121437472,0.9950405964104092,0.0001257899522245264,0.9865684142590322,0.9875356999738865,0.0002649057880588685,0.0004255601248646773,0.0004584250407123248,9.24045504329337e-06
full_ft__seed1234,full_ft,1234,TCFTransformer.encoder_level2.mhca_blks.0.transformer_layers.1.norm1,5,encoder_level2,False,780,13,0.9757173645534579,0.942295626340768,0.9989662467210734,0.9537056789187587,0.0021620421940657867,0.9514356329534348,0.9748220305681135,0.9766582227264907,0.00048784939623492914,0.9404538964270011,0.9442899029526187,0.001049898834335642,0.0020876265542923386,0.002232923806195665,3.9542449874832735e-05
full_ft__seed1234,full_ft,1234,TCFTransformer.encoder_level2.mhca_blks.0.transformer_layers.2.norm1,6,encoder_level2,False,780,13,0.9627554199341526,0.9151925901724746,0.9985841561739265,0.9294006785531213,0.0032903430091727115,0.949989636973809,0.9615423930826732,0.963882144398446,0.0005861883794703425,0.912932404045876,0.9175752284041592,0.0012459736473737389,0.0031962976070172844,0.0033788416665627746,4.8443294694507726e-05
full_ft__seed1234,full_ft,1234,TCFTransformer.encoder_level2.mhca_blks.0.transformer_layers.3.norm1,7,encoder_level2,False,780,13,0.9526854454082809,0.9150532759152926,0.9972146720763962,0.918708922896428,0.003424179394166548,0.9555381670213944,0.9510749070211035,0.9543736031200479,0.0008320419493033433,0.9123565017309699,0.9176647925667263,0.0013371929029079195,0.0033174724339741805,0.0035288261856485903,5.342465813649148e-05
full_ft__seed1234,full_ft,1234,TCFTransformer.latent.mhca_blks.0.transformer_layers.0.norm1,8,latent,False,780,13,0.9773420584978709,0.9464188755628393,0.9991412923427729,0.9566888332044481,0.0020302304174571752,0.948112366883596,0.9767197813178041,0.9780163693696929,0.00033473459244401865,0.9451377603931304,0.9477754247910704,0.0007064927414952133,0.0019773081259438223,0.002078497410097696,2.6368877828239564e-05
full_ft__seed1234,full_ft,1234,TCFTransformer.latent.mhca_blks.0.transformer_layers.1.norm1,9,latent,False,780,13,0.9808204314399218,0.9533796222087664,0.9992393262111211,0.9631101919281946,0.0017363242801729,0.9470732874659642,0.9803278606948557,0.9813531866826785,0.0002701796910401195,0.9522929245978593,0.9544590845004871,0.0005813363097746627,0.0016936035651620056,0.0017766588562842657,2.1420430694173503e-05
full_ft__seed1234,full_ft,1234,TCFTransformer.latent.mhca_blks.0.transformer_layers.2.norm1,10,latent,False,780,13,0.9757636856510596,0.9388847309656627,0.9988818026353148,0.9531407161677977,0.002209370649475649,0.9441821896339171,0.9752085480496729,0.9763902824347217,0.0003112648185986733,0.93757155429591,0.9402248844022932,0.0006778043320715634,0.0021599290537234654,0.002256980616835918,2.4232714766322794e-05
full_ft__seed1234,full_ft,1234,TCFTransformer.latent.mhca_blks.0.transformer_layers.3.norm1,11,latent,False,780,13,0.9747930324357801,0.9356770056944625,0.9985087297818589,0.951702948267039,0.0022497763807385624,0.9452681402346523,0.9741501790657322,0.975419430932842,0.00032264022224458256,0.9343883574971782,0.9370551905975886,0.0006899232135146198,0.002204782428491049,0.002296268020109674,2.4116547223054238e-05
full_ft__seed1234,full_ft,1234,TCFTransformer.decoder_level2.mhca_blks.0.transformer_layers.0.norm1,12,decoder_level2,False,780,13,0.9539900906766072,0.8911430976176865,0.9974143272026988,0.9129459640827939,0.004029709749639679,0.9495079661760542,0.9528576377434895,0.9552708561086439,0.0006245363231925389,0.8885824432537335,0.8938955588023625,0.001376190938370168,0.003928098945090016,0.004121507512525508,5.061612213721482e-05
full_ft__seed1234,full_ft,1234,TCFTransformer.decoder_level2.mhca_blks.0.transformer_layers.1.norm1,13,decoder_level2,False,780,13,0.9722513018523014,0.9341011472390238,0.99839313624761,0.9475720902992721,0.0024217353083107315,0.9501045978644684,0.9715785503670987,0.9730297165987615,0.00039005697130159743,0.9325553981959817,0.9358176507491327,0.0008736492302539,0.002360695846683195,0.002478402657570508,3.21910520141344e-05
full_ft__seed1234,full_ft,1234,TCFTransformer.decoder_level2.mhca_blks.0.transformer_layers.2.norm1,14,decoder_level2,False,780,13,0.9685691609564753,0.930586200707998,0.9980164403945968,0.9423439333164446,0.002589693222424785,0.9638803524268602,0.9678509482228572,0.9693804403722891,0.00041066928579780806,0.9290059177501073,0.932254012769995,0.0008442177265741922,0.0025291509626608082,0.002650792217975974,3.178508415968328e-05
full_ft__seed1234,full_ft,1234,TCFTransformer.decoder_level2.mhca_blks.0.transformer_layers.3.norm1,15,decoder_level2,False,780,13,0.960829640746626,0.9063690350453059,0.9979604612711154,0.9253473284455139,0.003481578210200304,0.9466431495321871,0.9597425211818781,0.9618933434979755,0.0005611044008460013,0.9039687387889784,0.9085753181198472,0.001193848547056851,0.003399306622763964,0.003574498923850552,4.531374915084356e-05
full_ft__seed1234,full_ft,1234,TCFTransformer.decoder_level1.mhca_blks.0.transformer_layers.0.norm1,16,decoder_level1,False,780,13,0.9497875823529482,0.8696890137516534,0.9983627733358957,0.900105127384206,0.004847001736803653,0.9264878003485066,0.9484279412149855,0.9512287687131115,0.0007220355066174497,0.8666155714537864,0.8730216310513332,0.0016898393467219106,0.004718934264689643,0.004966070793600983,6.417680669449799e-05
full_ft__seed1234,full_ft,1234,TCFTransformer.decoder_level1.mhca_blks.0.transformer_layers.1.norm1,17,decoder_level1,False,780,13,0.9557147888524029,0.8869524343579243,0.9985528521965715,0.9123134420981336,0.004240425863310344,0.9287491427912993,0.9544271583285854,0.9569941103644353,0.0006677111150541432,0.8840084517472064,0.8899334249047508,0.0015332487106317475,0.004122036011824396,0.004354788435459818,5.878846576592523e-05
full_ft__seed1234,full_ft,1234,TCFTransformer.decoder_level1.mhca_blks.0.transformer_layers.2.norm1,18,decoder_level1,False,780,13,0.9620615690835138,0.9017683766973316,0.9988370091792873,0.924374232252707,0.0036782807896560315,0.9252089765625917,0.9609992242712749,0.9631779692005602,0.0005680518678183844,0.8991735556028206,0.9043065293637593,0.0013202575609736083,0.003575223907075504,0.0037804834672689512,5.075779450906868e-05
full_ft__seed1234,full_ft,1234,TCFTransformer.decoder_level1.mhca_blks.0.transformer_layers.3.norm1,19,decoder_level1,False,780,13,0.9561151279053753,0.8894490486918356,0.9985543609888132,0.9136583920970672,0.0041524934034073485,0.9334404170923151,0.9549365792350175,0.957362023529358,0.0006157816768736654,0.8869759312984647,0.891994474333639,0.001340059899947889,0.004055149237112487,0.004246777293557972,5.12918088438408e-05
full_ft__seed1234,full_ft,1234,TCFTransformer.mag_refinement.mhca_blks.0.transformer_layers.0.norm1,20,mag_refinement,False,780,13,0.9637598365513433,0.9079545350563831,0.9987743506828946,0.9284149711358441,0.003454521974767582,0.9303101127120271,0.9628270930173274,0.9647250061489991,0.0004912294798367745,0.9058409251394933,0.9100174230650433,0.0011112259693366626,0.0033720953275818834,0.0035361273719596745,4.254901383306044e-05
full_ft__seed1234,full_ft,1234,TCFTransformer.mag_refinement.mhca_blks.0.transformer_layers.1.norm1,21,mag_refinement,False,780,13,0.9734743899705579,0.9320752233114006,0.9990902626514431,0.9474147529254741,0.002545258727668879,0.9270332783968688,0.9727007187354483,0.9742862048048494,0.0003912996786700398,0.9303829093472324,0.9338685092884003,0.0009158720938989779,0.002479222811501127,0.002614873680038234,3.5410249764705955e-05
full_ft__seed1234,full_ft,1234,TCFTransformer.mag_refinement.mhca_blks.0.transformer_layers.2.norm1,22,mag_refinement,False,780,13,0.9707801721049234,0.9202905204471876,0.9989291197214367,0.940983438859795,0.002893747539738916,0.913759524909713,0.9698467957420538,0.9717163591170206,0.0004635448994857575,0.9179087728704199,0.9225091484837618,0.0011719071814101153,0.002805133741777257,0.0029816073285801256,4.46552592080132e-05
full_ft__seed1234,full_ft,1234,TCFTransformer.mag_refinement.mhca_blks.0.transformer_layers.3.norm1,23,mag_refinement,False,780,13,0.9628506789154286,0.8970956139266488,0.9987701796721191,0.9244107932010638,0.003729236401313097,0.9096076624195175,0.9617138157942905,0.9640525243068394,0.0005885530170913592,0.8943069842600104,0.8998282433131185,0.0014757880897789235,0.0036207155415733366,0.00384439740710758,5.5796378842271246e-05
full_ft__seed2345,full_ft,2345,TCFTransformer.encoder_level1.mhca_blks.0.transformer_layers.0.norm1,0,encoder_level1,False,780,13,0.9998350713644018,0.9995313571049621,0.9999948532917564,0.9996633769153175,1.6615859015795903e-05,0.9150671525271628,0.999830328660102,0.9998401640528798,2.5442013359562418e-06,0.9995183370927213,0.9995445527258592,7.098592592328868e-06,1.6151832967379115e-05,1.7107318555415198e-05,2.547579667491645e-07
full_ft__seed2345,full_ft,2345,TCFTransformer.encoder_level1.mhca_blks.0.transformer_layers.1.norm1,1,encoder_level1,False,780,13,0.9988050559564278,0.9969982256339152,0.9999332464811136,0.9977185837563816,0.00010603706693606094,0.9511696348395159,0.998749608593794,0.9988556372378753,2.9284504158281972e-05,0.9968616104603565,0.9971185211073125,6.773079842555309e-05,0.0001017781483720407,0.0001108406389454968,2.399002996957314e-06
full_ft__seed2345,full_ft,2345,TCFTransformer.encoder_level1.mhca_blks.0.transformer_layers.2.norm1,2,encoder_level1,False,780,13,0.9959109631511901,0.9903826168103093,0.9997093305985132,0.9924656992876958,0.0003378726213742173,0.9668904492776593,0.995630854617024,0.9961509606933427,0.00013745948715745838,0.9897675508283647,0.9909179742894105,0.00030288270031344615,0.0003191381208046676,0.00035941728566713367,1.0774365776212408e-05
full_ft__seed2345,full_ft,2345,TCFTransformer.encoder_level1.mhca_blks.0.transformer_layers.3.norm1,3,encoder_level1,False,780,13,0.9951377970738035,0.9883086553445225,0.9996703473115586,0.9909563347390752,0.0004093131892746368,0.963049209382266,0.994826050290042,0.9954099671581809,0.00015495520822495848,0.9876191084170951,0.9889143043210099,0.00034365362920708484,0.00038818146809789885,0.000432995029694406,1.216317226928523e-05
full_ft__seed2345,full_ft,2345,TCFTransformer.encoder_level2.mhca_blks.0.transformer_layers.0.norm1,4,encoder_level2,False,780,13,0.9949526795197247,0.9873818792593781,0.9996313286591796,0.9905471436787269,0.0004294299259424909,0.9570477943222414,0.9947307549391544,0.9951756462212017,0.00012269423306860634,0.9869254077260308,0.987866554359977,0.00025832400504610285,0.0004133950781750008,0.00044511675300332697,8.98785227549053e-06
full_ft__seed2345,full_ft,2345,TCFTransformer.encoder_level2.mhca_blks.0.transformer_layers.1.norm1,5,encoder_level2,False,780,13,0.9730135986820243,0.9362433579487677,0.9988376507850792,0.9486796714784929,0.0023912919948523613,0.9525707947798675,0.9720357745774727,0.97402948956814,0.0005336078864491189,0.934213805108498,0.938412236525463,0.0011371315122450422,0.0023105916363902546,0.002468397328866377,4.287904015409499e-05
full_ft__seed2345,full_ft,2345,TCFTransformer.encoder_level2.mhca_blks.0.transformer_layers.2.norm1,6,encoder_level2,False,780,13,0.9613563877821729,0.9135034238069482,0.9984095266079285,0.9273901886879876,0.003355082120382124,0.9532067421728876,0.9601283191998893,0.9625358002851437,0.0005992106428311131,0.9111745625673193,0.915939759786694,0.0012392187718377997,0.0032589972077086945,0.003444860009820081,4.801352689184364e-05
full_ft__seed2345,full_ft,2345,TCFTransformer.encoder_level2.mhca_blks.0.transformer_layers.3.norm1,7,encoder_level2,False,780,13,0.954380612738876,0.9165671160435074,0.9971777432545644,0.9212982975314725,0.003327399343126193,0.959023534036396,0.9528038860048429,0.9559505534110923,0.0008027281008485287,0.9138235119371078,0.9191356598027998,0.0013087501623433285,0.0032271989142762005,0.0034331744169165874,5.1855501605723074e-05
full_ft__seed2345,full_ft,2345,TCFTransformer.latent.mhca_blks.0.transformer_layers.0.norm1,8,latent,False,780,13,0.978500621658869,0.9494373593116419,0.999161450389104,0.9589524652972021,0.0019224985837936427,0.947611095672192,0.9779176355533014,0.9791273714452664,0.000317388398117102,0.9482357164988157,0.9507120385563532,0.0006647301616123679,0.0018730818624461412,0.0019686764297073035,2.493892928144045e-05
full_ft__seed2345,full_ft,2345,TCFTransformer.latent.mhca_blks.0.transformer_layers.1.norm1,9,latent,False,780,13,0.9806613951533019,0.9524915697788576,0.9992525460475533,0.9625872700439099,0.0017705714552461276,0.9436705206947363,0.9801699342838626,0.9811795310327448,0.00026682893764316823,0.9514127273238623,0.9535794665767596,0.0005850451209530534,0.0017284361165798808,0.0018113010113719127,2.156360017929486e-05
full_ft__seed2345,full_ft,2345,TCFTransformer.latent.mhca_blks.0.transformer_layers.2.norm1,10,latent,False,780,13,0.9761287181162175,0.9390754264440296,0.9989261986811951,0.9535238581239153,0.002205655956510156,0.9395723245505496,0.9755709591999524,0.9767198903297162,0.00029784619137567566,0.937845762039989,0.940398891298054,0.0006621018826982909,0.0021594081113727017,0.0022512972057680174,2.381100514923119e-05
full_ft__seed2345,full_ft,2345,TCFTransformer.latent.mhca_blks.0.transformer_layers.3.norm1,11,latent,False,780,13,0.9749555057427314,0.9299835916360232,0.9985686853604426,0.9503530721696004,0.0023780943785092572,0.91910119269585,0.9744190655634855,0.9755125040649316,0.00028252092311403364,0.9286534122771178,0.9313653458972012,0.0007042936277419497,0.002330382206553167,0.002425559239801152,2.3900302694635814e-05
full_ft__seed2345,full_ft,2345,TCFTransformer.decoder_level2.mhca_blks.0.transformer_layers.0.norm1,12,decoder_level2,False,780,13,0.9438483630012497,0.873196464043398,0.9968091734097538,0.8958398754079764,0.004732806111060593,0.9604256069486757,0.9425366074961065,0.9453651049933913,0.0007411754440743348,0.8705397830192867,0.8760392540635972,0.0014542952909263043,0.004624019565322636,0.004829114725781049,5.4769129018985664e-05
full_ft__seed2345,full_ft,2345,TCFTransformer.decoder_level2.mhca_blks.0.transformer_layers.1.norm1,13,decoder_level2,False,780,13,0.9663798419309734,0.9239106323016001,0.9980764127083315,0.9374746843550231,0.0028490825312411064,0.9576739648202995,0.9655877006990659,0.9672832634473684,0.00045656820761755447,0.92223964725664,0.9257185942286089,0.0009244753051209163,0.002778770417629179,0.002909634002443629,3.488272087392728e-05
full_ft__seed2345,full_ft,2345,TCFTransformer.decoder_level2.mhca_blks.0.transformer_layers.2.norm1,14,decoder_level2,False,780,13,0.9670448012140571,0.9281840634957349,0.997978037656882,0.9397791802305411,0.0026960717088304587,0.9651545765884046,0.9662837765840259,0.9678541206419945,0.0004206180072562384,0.926553101999638,0.9297709056257445,0.0008087932903551173,0.0026327873537635264,0.0027522397500052784,3.078623894887642e-05
full_ft__seed2345,full_ft,2345,TCFTransformer.decoder_level2.mhca_blks.0.transformer_layers.3.norm1,15,decoder_level2,False,780,13,0.9474183613494931,0.8811375525364511,0.9975202439992851,0.9013127894049199,0.004548330555367902,0.9537591006494291,0.945954613972535,0.9487353561719258,0.0007281968058071449,0.8782363207798736,0.8836995925922428,0.001421538740768435,0.0044499002498458685,0.00466533639283624,5.5667722442688715e-05
full_ft__seed2345,full_ft,2345,TCFTransformer.decoder_level1.mhca_blks.0.transformer_layers.0.norm1,16,decoder_level1,False,780,13,0.9318340070650744,0.8322174738232906,0.997811047664055,0.8668851814007348,0.006365499902423192,0.9381757622173865,0.9301551995481182,0.9335635682454605,0.0009073993316645625,0.8287639018476777,0.8358820444389415,0.0018983432780002624,0.006226584244241722,0.00649713867702982,7.293852035354049e-05
full_ft__seed2345,full_ft,2345,TCFTransformer.decoder_level1.mhca_blks.0.transformer_layers.1.norm1,17,decoder_level1,False,780,13,0.9395104889600322,0.8534588632751733,0.9979449551839107,0.8827047229631072,0.005574356755611802,0.9412383624783281,0.937745398511115,0.9411259675776411,0.0008954063703810724,0.8497662423310368,0.8567415611919686,0.0018238761372427836,0.00544985951326179,0.005710273393908432,7.034637786998546e-05
full_ft__seed2345,full_ft,2345,TCFTransformer.decoder_level1.mhca_blks.0.transformer_layers.2.norm1,18,decoder_level1,False,780,13,0.9493043687512986,0.8732511343711475,0.9983762344488722,0.9004133579251667,0.004785326587680196,0.9344366209102495,0.9475944691521045,0.9507982391748402,0.000796172880555814,0.8695031010008005,0.8761637393278192,0.0017154510898187826,0.004673632530959991,0.0049225144723152444,6.605923646909883e-05
full_ft__seed2345,full_ft,2345,TCFTransformer.decoder_level1.mhca_blks.0.transformer_layers.3.norm1,19,decoder_level1,False,780,13,0.9554352010105153,0.8925755248925622,0.9982923285777757,0.9141621667836106,0.004050370543649366,0.9446998274033105,0.9540559055309299,0.956677138976514,0.0006858579174259594,0.889748034489843,0.8950142169487779,0.0014009788528949907,0.003958479821712614,0.004157003125549637,5.3727720515934394e-05
full_ft__seed2345,full_ft,2345,TCFTransformer.mag_refinement.mhca_blks.0.transformer_layers.0.norm1,20,mag_refinement,False,780,13,0.9628481173171448,0.9071016564888824,0.9987564784899748,0.9271065868813072,0.0034978526602936337,0.9351031708758722,0.9619497108933577,0.9637789048664431,0.00048708029544082315,0.9051812035739428,0.9091856372723213,0.001064327678702761,0.0034175976067882556,0.003571122139428682,4.0348350255880696e-05
full_ft__seed2345,full_ft,2345,TCFTransformer.mag_refinement.mhca_blks.0.transformer_layers.1.norm1,21,mag_refinement,False,780,13,0.9627791417122651,0.9097784708096441,0.9986943437044437,0.9278340446666856,0.0034287963625947017,0.9406854259141588,0.9617451457482179,0.9638183981476779,0.0005227558301366419,0.9077368714117845,0.9117638243799785,0.0010789483495192568,0.0033528798811417056,0.0035071590621459916,4.159171085799058e-05
full_ft__seed2345,full_ft,2345,TCFTransformer.mag_refinement.mhca_blks.0.transformer_layers.2.norm1,22,mag_refinement,False,780,13,0.9647251529787856,0.9101242372622863,0.9987759739007707,0.9304443671450415,0.0033490397572416486,0.9322060132393936,0.9636266043485162,0.9657936571073267,0.0005300233751821985,0.9080064047529159,0.9121068090444957,0.001131565782285349,0.0032695010361091523,0.00343388899468596,4.4097168720551115e-05
full_ft__seed2345,full_ft,2345,TCFTransformer.mag_refinement.mhca_blks.0.transformer_layers.3.norm1,23,mag_refinement,False,780,13,0.9566404942232063,0.8859949419895802,0.9987310581023882,0.9129816905727989,0.004256053486754431,0.9214066134877368,0.9552239788485709,0.9579087943990962,0.0006767423774737034,0.8832655250903884,0.8887849938380423,0.0015063296141110895,0.004145519041361745,0.004367265597076516,5.913936067480908e-05
full_ft__seed3456,full_ft,3456,TCFTransformer.encoder_level1.mhca_blks.0.transformer_layers.0.norm1,0,encoder_level1,False,780,13,0.9998282469433339,0.9995125516408536,0.9999946792920422,0.9996494737532011,1.7303230729551598e-05,0.9152008056373228,0.9998232846844337,0.999833537958626,2.6392545770542636e-06,0.999498801436561,0.9995261916567891,7.371591488118566e-06,1.68129798961822e-05,1.7819606444957735e-05,2.650485866083463e-07
full_ft__seed3456,full_ft,3456,TCFTransformer.encoder_level1.mhca_blks.0.transformer_layers.1.norm1,1,encoder_level1,False,780,13,0.9987344833660838,0.9968300388256706,0.9999295061215382,0.9975850659726403,0.00011221319401758877,0.9514431288531078,0.9986779552150645,0.9987864610670595,3.016517469027815e-05,0.9966907806052607,0.9969533826571253,6.930430286941794e-05,0.00010784234525571582,0.00011707970303915023,2.459105827276708e-06
full_ft__seed3456,full_ft,3456,TCFTransformer.encoder_level1.mhca_blks.0.transformer_layers.2.norm1,2,encoder_level1,False,780,13,0.9958931594622186,0.9903932156776774,0.9997098149397433,0.9924372105672011,0.0003391207037055221,0.9669753545640472,0.9956286029010282,0.9961249971288043,0.00013163594528092055,0.9898226527842958,0.9909007585063963,0.00028825250572567023,0.00032127564281655345,0.00035908919292107326,1.0261530517154642e-05
full_ft__seed3456,full_ft,3456,TCFTransformer.encoder_level1.mhca_blks.0.transformer_layers.3.norm1,3,encoder_level1,False,780,13,0.9951977591503126,0.9885359394091828,0.9996731457649138,0.9910822012912184,0.0004031464277304558,0.9635800610251761,0.9949221412671938,0.9954496044217427,0.00014345416966135194,0.9879156455798791,0.989089667828038,0.0003145750361282654,0.00038374967824980334,0.00042439443790247294,1.1129308263049953e-05
full_ft__seed3456,full_ft,3456,TCFTransformer.encoder_level2.mhca_blks.0.transformer_layers.0.norm1,4,encoder_level2,False,780,13,0.995162476247065,0.9879601748478701,0.9996545437207593,0.9909365895636549,0.00041216469170445046,0.9575372220896321,0.994956389568523,0.9953693311888184,0.00011341906153068237,0.9875369763527156,0.988409745654998,0.00023879707034632185,0.0003970909898761456,0.00042705619316281326,8.326260783476581e-06
full_ft__seed3456,full_ft,3456,TCFTransformer.encoder_level2.mhca_blks.0.transformer_layers.1.norm1,5,encoder_level2,False,780,13,0.9742497690162085,0.9384661802878733,0.9989110851593511,0.9508168458349096,0.0023005143466483793,0.9508116444364948,0.9733348822581749,0.9752241483221514,0.0005024099883532197,0.9365289609076876,0.940582158597997,0.0010868456370847627,0.0022218666254878025,0.002373739630350051,4.0840615054184966e-05
full_ft__seed3456,full_ft,3456,TCFTransformer.encoder_level2.mhca_blks.0.transformer_layers.2.norm1,6,encoder_level2,False,780,13,0.9636928867988094,0.9174130602066333,0.998583902793052,0.9312919049892467,0.003196295063271911,0.9510141016046147,0.9625725004397909,0.9647731185220662,0.0005442525613580934,0.9152877670285803,0.9196833608593699,0.0011530313246930104,0.0031047669315126224,0.00328009171932471,4.464505255428685e-05
full_ft__seed3456,full_ft,3456,TCFTransformer.encoder_level2.mhca_blks.0.transformer_layers.3.norm1,7,encoder_level2,False,780,13,0.9496108921190612,0.907855083697881,0.9970747155409592,0.9127904675560423,0.0037039963601507987,0.9572240384364277,0.9478942084154037,0.9513953265264213,0.0008696782185219932,0.9049594532778634,0.9106554960654328,0.0014286455196084137,0.003589097431420465,0.003818795046738455,5.71798177949646e-05
full_ft__seed3456,full_ft,3456,TCFTransformer.latent.mhca_blks.0.transformer_layers.0.norm1,8,latent,False,780,13,0.9745030928938053,0.9402173462586518,0.9989624940890527,0.9514969800308947,0.0022628176499837204,0.9494893793043035,0.9737820301776929,0.9752533512906708,0.00038121674504161275,0.9388009134909273,0.9417258247396887,0.0007849344921160284,0.0022063423121905994,0.0023130950938525185,2.933308136152099e-05
full_ft__seed3456,full_ft,3456,TCFTransformer.latent.mhca_blks.0.transformer_layers.1.norm1,9,latent,False,780,13,0.9793014419225288,0.9502882856283427,0.9991505631575216,0.9603523130450793,0.001859666599055744,0.9481000985548517,0.9787561309110279,0.9798731773782712,0.0002893439326634482,0.9491541200303119,0.951441372126722,0.0006037259553774329,0.0018163177101914118,0.0019033524716772308,2.2470524759307863e-05
full_ft__seed3456,full_ft,3456,TCFTransformer.latent.mhca_blks.0.transformer_layers.2.norm1,10,latent,False,780,13,0.9730379250218978,0.932141186946477,0.9987435277761563,0.947900031782869,0.0024553618803599526,0.9438879782317081,0.9723836769884626,0.9737030750359288,0.00033921950020159383,0.9308152432800869,0.9336006893057094,0.0007217035566553426,0.002403960489373547,0.002506486674698187,2.5983540730140878e-05
full_ft__seed3456,full_ft,3456,TCFTransformer.latent.mhca_blks.0.transformer_layers.3.norm1,11,latent,False,780,13,0.9726217538328508,0.9260642101978648,0.9985231296221406,0.9461047222774511,0.0025722563561334255,0.9256097221865138,0.9719686038384581,0.9732662580601997,0.0003324371490425976,0.9246737813044056,0.9275671819169551,0.000775044894854678,0.002520093027339171,0.002623686916843588,2.684498378875625e-05
full_ft__seed3456,full_ft,3456,TCFTransformer.decoder_level2.mhca_blks.0.transformer_layers.0.norm1,12,decoder_level2,False,780,13,0.9470080065185956,0.8731299914152197,0.9971138201768582,0.8991800006383508,0.0046913690440048015,0.946387409823749,0.9457325681434294,0.9484530877373859,0.0007142895610415249,0.8701718321702424,0.8763443876294766,0.0015798984238486816,0.0045712145421682145,0.004793752153766558,5.829513960292966e-05
full_ft__seed3456,full_ft,3456,TCFTransformer.decoder_level2.mhca_blks.0.transformer_layers.1.norm1,13,decoder_level2,False,780,13,0.9673597640142988,0.9222047260327209,0.9981346497627408,0.9381887949883483,0.002861788624775298,0.9484761724661395,0.9665439573912764,0.9682886315175037,0.00045726435723813917,0.9203963811649717,0.9242441105957215,0.0010172158093063176,0.0027878074324619653,0.0029260742077628714,3.7734718022568894e-05
full_ft__seed3456,full_ft,3456,TCFTransformer.decoder_level2.mhca_blks.0.transformer_layers.2.norm1,14,decoder_level2,False,780,13,0.9686549367838441,0.929194856805679,0.9981325201957651,0.9419024282070783,0.0026368566401141105,0.9598784641735121,0.9679264127554963,0.9694535395411505,0.0004074397555228975,0.9276744618992779,0.9309135506982223,0.0008471590978685234,0.002575415606504921,0.0026957483011866823,3.182702084998539e-05
full_ft__seed3456,full_ft,3456,TCFTransformer.decoder_level2.mhca_blks.0.transformer_layers.3.norm1,15,decoder_level2,False,780,13,0.9589968581765127,0.9019289991947322,0.9978481816481328,0.9218925016532318,0.003640372054212104,0.9469835038054452,0.9579311814710306,0.960023207758689,0.0005641824079326497,0.8994379624498959,0.9041207990921465,0.0011993087829210794,0.0035582743210233417,0.003731885924528032,4.556952300010184e-05
full_ft__seed3456,full_ft,3456,TCFTransformer.decoder_level1.mhca_blks.0.transformer_layers.0.norm1,16,decoder_level1,False,780,13,0.9464026180084828,0.8616078653014636,0.9982970511607632,0.8934123375086458,0.005172488359388551,0.9265187693290613,0.9448551216932477,0.9479407876450965,0.000789679883201174,0.858272455217174,0.8651183496807255,0.0018122686949193052,0.005034676693855147,0.005306619229794344,6.962620621408123e-05
full_ft__seed3456,full_ft,3456,TCFTransformer.decoder_level1.mhca_blks.0.transformer_layers.1.norm1,17,decoder_level1,False,780,13,0.9505683170500989,0.8738496938729898,0.9983918154698156,0.9020303797208786,0.004742658637701291,0.9277885645302614,0.9489693356913269,0.9520748801371879,0.000774995486416102,0.8706381355432358,0.876973911857184,0.0017643595504694383,0.004620126042280561,0.0048767982924205686,6.839158044074719e-05
full_ft__seed3456,full_ft,3456,TCFTransformer.decoder_level1.mhca_blks.0.transformer_layers.2.norm1,18,decoder_level1,False,780,13,0.9551736998742716,0.8838706265810212,0.9985932457447045,0.9106205010854146,0.00434807554264409,0.9246144670479852,0.9536813032727878,0.9564901177256455,0.0006961384463792611,0.8805891380455246,0.8868354745719298,0.0016077223763031128,0.0042327000634192246,0.004471895394319112,6.217870330456368e-05
full_ft__seed3456,full_ft,3456,TCFTransformer.decoder_level1.mhca_blks.0.transformer_layers.3.norm1,19,decoder_level1,False,780,13,0.9511175550498133,0.8797861703771812,0.9982077384147892,0.9048427441539848,0.0045342456999380035,0.9384409689427659,0.9498077693183501,0.9524194167422404,0.0006854087942950173,0.8770886774573182,0.8825842543024659,0.00142249327350178,0.004425656964554119,0.004641615485564346,5.51009667278556e-05
full_ft__seed3456,full_ft,3456,TCFTransformer.mag_refinement.mhca_blks.0.transformer_layers.0.norm1,20,mag_refinement,False,780,13,0.9651119079721029,0.9118108726159118,0.9988143353125992,0.9311222341716309,0.0033235881184483706,0.9297266483817904,0.9642330807721897,0.9660345986549005,0.00046846302372526575,0.9099352148404479,0.9138230074197053,0.0010210826849036728,0.0032459288654847537,0.0033984390877659578,3.9243388653972487e-05
full_ft__seed3456,full_ft,3456,TCFTransformer.mag_refinement.mhca_blks.0.transformer_layers.1.norm1,21,mag_refinement,False,780,13,0.9711504622440564,0.9282131746029245,0.9989458670218783,0.9434765300224388,0.0027091552111490336,0.9332328817211435,0.9703474562187383,0.9720056604953148,0.00041725718852170636,0.926479205923584,0.930080986079879,0.0009308967173400686,0.0026385462032099643,0.002779152229524879,3.590832285888603e-05
full_ft__seed3456,full_ft,3456,TCFTransformer.mag_refinement.mhca_blks.0.transformer_layers.2.norm1,22,mag_refinement,False,780,13,0.9690939111230719,0.9196538099111657,0.9987763106517296,0.938691326570481,0.002964267294938909,0.924296340348078,0.9681349949988928,0.9700691272801694,0.0004748082213227985,0.9175564037030317,0.9218335955647328,0.0011347792742442341,0.0028803994787049213,0.0030474923735581273,4.3553701893388986e-05
full_ft__seed3456,full_ft,3456,TCFTransformer.mag_refinement.mhca_blks.0.transformer_layers.3.norm1,23,mag_refinement,False,780,13,0.9584230454418903,0.8881100424283599,0.9986741704665694,0.9160196168617856,0.004124720250361054,0.9146584875483468,0.9570580293311635,0.9597148983673642,0.000689750155848165,0.8846937136732234,0.8913185589850326,0.0017091284108891776,0.003998380732103853,0.0042523269030662674,6.52507717019072e-05
freeze_encoder__seed1234,freeze_encoder,1234,TCFTransformer.encoder_level1.mhca_blks.0.transformer_layers.0.norm1,0,encoder_level1,True,780,13,0.9998766933591703,0.9996503003438305,0.9999953119112895,0.9997502399955408,1.2230819196711574e-05,0.9181471028815198,0.9998720168220754,0.9998813951231507,2.3987674793665693e-06,0.9996364461130068,0.9996638686328357,6.9637147453728795e-06,1.175286541122886e-05,1.2718742995180947e-05,2.4662400119958916e-07
freeze_encoder__seed1234,freeze_encoder,1234,TCFTransformer.encoder_level1.mhca_blks.0.transformer_layers.1.norm1,1,encoder_level1,True,780,13,0.998958329765333,0.9972911108762789,0.999945634496518,0.9979883000451971,9.438791756026067e-05,0.945933697240297,0.9989120243926272,0.9990033437703919,2.545952377657225e-05,0.9971656859394826,0.9973982467914998,6.195347287755796e-05,9.057663202738528e-05,9.869018840132695e-05,2.1676427946459653e-06
freeze_encoder__seed1234,freeze_encoder,1234,TCFTransformer.encoder_level1.mhca_blks.0.transformer_layers.2.norm1,2,encoder_level1,True,780,13,0.9976364735902372,0.9939192642004059,0.9998500976195696,0.9955059041860035,0.0002072739198060677,0.9514444768037156,0.9974355850124527,0.9978104515001497,9.879619997951871e-05,0.993438015257701,0.9943096276716544,0.00022830711364971084,0.0001935488451413898,0.0002239352040482063,8.037589840687292e-06
freeze_encoder__seed1234,freeze_encoder,1234,TCFTransformer.encoder_level1.mhca_blks.0.transformer_layers.3.norm1,3,encoder_level1,True,780,13,0.9974665477559861,0.9934045165777188,0.9998423970662627,0.9951588221784035,0.00022428724288134697,0.9489590322317113,0.9972647071919668,0.9976359873226184,9.662386080849446e-05,0.9929191873409792,0.9938014144905093,0.0002256363931125701,0.0002105197684274318,0.0002412142605756438,7.902420883047003e-06
freeze_encoder__seed1234,freeze_encoder,1234,TCFTransformer.encoder_level2.mhca_blks.0.transformer_layers.0.norm1,4,encoder_level2,True,780,13,0.9987936670785277,0.9966837114401352,0.9999315299590418,0.9976383411556811,0.00011179377398511601,0.9328604320490808,0.9987400241945831,0.9988473591234092,2.9994023205479074e-05,0.9965442105222212,0.9968210779592783,7.253658647026272e-05,0.00010706502029461518,0.00011660142582918903,2.515927084137756e-06
freeze_encoder__seed1234,freeze_encoder,1234,TCFTransformer.encoder_level2.mhca_blks.0.transformer_layers.1.norm1,5,encoder_level2,True,780,13,0.9954833995251573,0.9891325250038733,0.9997384384045229,0.9914969320096041,0.0003905858452402427,0.9574928878239556,0.9952980492367989,0.995664115504497,9.667155692763095e-05,0.9887593118735609,0.9895126458884043,0.00020409894056095092,0.0003765266136691151,0.0004041219815431526,7.412711595454919e-06
freeze_encoder__seed1234,freeze_encoder,1234,TCFTransformer.encoder_level2.mhca_blks.0.transformer_layers.2.norm1,6,encoder_level2,True,780,13,0.9923870404663255,0.9822110582315016,0.9995544507258969,0.9858139503516092,0.0006457375807975568,0.9623240979366529,0.9920740074009402,0.9927087488602374,0.00016403454629016647,0.9815873742122675,0.9828834106742576,0.00034394899112244573,0.0006212599554290524,0.0006682504498688122,1.2450164582229546e-05
freeze_encoder__seed1234,freeze_encoder,1234,TCFTransformer.encoder_level2.mhca_blks.0.transformer_layers.3.norm1,7,encoder_level2,True,780,13,0.9814553658829792,0.9585282482550705,0.9989284357963458,0.9657049415500512,0.0015540653266984197,0.9614162941423471,0.9806573189578983,0.9822345520355221,0.0004179706347771466,0.956941156181006,0.9601742547930056,0.0008748881196529019,0.0014914736218454416,0.0016119016209566015,3.252996631992276e-05
freeze_encoder__seed1234,freeze_encoder,1234,TCFTransformer.latent.mhca_blks.0.transformer_layers.0.norm1,8,latent,False,780,13,0.9878579276857469,0.9684705438827855,0.9994666175964558,0.9763246424730879,0.001123410467834154,0.9422473786196252,0.9873803433204532,0.9883937272280294,0.0002740866497570174,0.9672714612010201,0.9697882256844098,0.0006655537213289025,0.0010764348915636862,0.001165733675179631,2.391313395007651e-05
freeze_encoder__seed1234,freeze_encoder,1234,TCFTransformer.latent.mhca_blks.0.transformer_layers.1.norm1,9,latent,False,780,13,0.9857834004286007,0.9617160231792008,0.9994633403955361,0.9717970182290043,0.0013586865381040045,0.9337379473586533,0.9852242608300738,0.9863555485866328,0.0003063320660664562,0.9603613810061646,0.963106492496836,0.0007337728766516268,0.0013082195985682902,0.0014075770656133255,2.7089833153517596e-05
freeze_encoder__seed1234,freeze_encoder,1234,TCFTransformer.latent.mhca_blks.0.transformer_layers.2.norm1,10,latent,False,780,13,0.9787153540322417,0.9461954409801051,0.9989514518548303,0.9589396987689589,0.00193032008313771,0.9460576068076045,0.9780578029222436,0.9793169851028798,0.00031622826014618616,0.9448946637396645,0.9474651191268987,0.0006561229930205393,0.0018838400241530141,0.00197787931640993,2.446376679086368e-05
freeze_encoder__seed1234,freeze_encoder,1234,TCFTransformer.latent.mhca_blks.0.transformer_layers.3.norm1,11,latent,False,780,13,0.9560121359364092,0.9120469203056434,0.9966166518590392,0.9231744236187317,0.0032708454636595223,0.9774926533232454,0.954695414305561,0.9574203373318555,0.0007000087837448923,0.9099162797901109,0.9144556668213538,0.0011217902366481658,0.0031811088977027405,0.003352569254838127,4.2832938811276676e-05
freeze_encoder__seed1234,freeze_encoder,1234,TCFTransformer.decoder_level2.mhca_blks.0.transformer_layers.0.norm1,12,decoder_level2,False,780,13,0.9469611112684271,0.8781900309905027,0.9974964192891744,0.9003545855140649,0.004590514989831688,0.9572230262142083,0.945540238187004,0.9485092108571727,0.000760147370234692,0.8750542081239133,0.8814041292323519,0.001599033182732196,0.004461974609329783,0.004705702617698127,6.205512870392397e-05
freeze_encoder__seed1234,freeze_encoder,1234,TCFTransformer.decoder_level2.mhca_blks.0.transformer_layers.1.norm1,13,decoder_level2,False,780,13,0.9647903019941263,0.9216061632296982,0.9982908846323297,0.9346255944908154,0.002979226303691754,0.9610729364831958,0.9639187311213945,0.9657937898735363,0.00050014103596858,0.919669957119304,0.923661087004803,0.001009282301986534,0.0028967027221533095,0.003051944899726094,3.9165415947507694e-05
freeze_encoder__seed1234,freeze_encoder,1234,TCFTransformer.decoder_level2.mhca_blks.0.transformer_layers.2.norm1,14,decoder_level2,False,780,13,0.9524296465312313,0.8938953021092292,0.9974906157683103,0.9121060116069691,0.00398054281863808,0.9648519408679537,0.9512997860153898,0.9536698041061084,0.0006171492902875818,0.8916084135232056,0.8962269465846894,0.0011918372536953053,0.003888654339056572,0.004061836642996833,4.502167109146865e-05
freeze_encoder__seed1234,freeze_encoder,1234,TCFTransformer.decoder_level2.mhca_blks.0.transformer_layers.3.norm1,15,decoder_level2,False,780,13,0.945480428578762,0.8768162024021153,0.9967452729359647,0.8993703796177324,0.004544084196797401,0.9655984694959492,0.9441296594439504,0.9469198676523809,0.0006957897370846436,0.8740120429442477,0.8795869379773361,0.0013885405556880576,0.004440954969660868,0.004642611609156218,5.109948086128531e-05
freeze_encoder__seed1234,freeze_encoder,1234,TCFTransformer.decoder_level1.mhca_blks.0.transformer_layers.0.norm1,16,decoder_level1,False,780,13,0.9422361602860257,0.8604453842380112,0.9978122954032359,0.8892081253987597,0.0052019779466850515,0.9516629770465435,0.9405260589638266,0.944137496757385,0.000917689375002452,0.8567965727039639,0.8646181566623532,0.0019686514379804593,0.005042373814300507,0.005341106620189127,7.49995009849231e-05
freeze_encoder__seed1234,freeze_encoder,1234,TCFTransformer.decoder_level1.mhca_blks.0.transformer_layers.1.norm1,17,decoder_level1,False,780,13,0.9610298118084418,0.9073443872500687,0.9984031081199654,0.9259944032401763,0.003440801902030953,0.956724423357781,0.9598605740732938,0.9622487594459812,0.0006172500022044604,0.904741457821085,0.9098825873812805,0.0013002271691033168,0.003343487725861812,0.0035355368866689437,4.8642379558244426e-05
freeze_encoder__seed1234,freeze_encoder,1234,TCFTransformer.decoder_level1.mhca_blks.0.transformer_layers.2.norm1,18,decoder_level1,False,780,13,0.9662302937918997,0.9193509021630661,0.9988256537914285,0.9351897440332192,0.003049116392678399,0.9507658351163405,0.9653117139882954,0.9673294062800861,0.0005172900859881508,0.9172162565787637,0.9214767132359448,0.0010890147672014594,0.002962203895504895,0.0031290117671906883,4.1811056462496615e-05
freeze_encoder__seed1234,freeze_encoder,1234,TCFTransformer.decoder_level1.mhca_blks.0.transformer_layers.3.norm1,19,decoder_level1,False,780,13,0.9562509493650793,0.8980921504130721,0.9983851427451181,0.9169349426086535,0.003869967577288862,0.9552231475104268,0.955057442804894,0.9575812271624229,0.0006647040836114646,0.8953048167748322,0.9007283824900018,0.0013731506821862071,0.003766942054558095,0.0039751454061985655,5.260562808993585e-05
freeze_encoder__seed1234,freeze_encoder,1234,TCFTransformer.mag_refinement.mhca_blks.0.transformer_layers.0.norm1,20,mag_refinement,False,780,13,0.9486175164395674,0.8776484789909453,0.9981938635844458,0.9013887670245695,0.004640595363408453,0.9502170962683083,0.947281320503443,0.9502219215660939,0.0007679988779477552,0.874685789486154,0.8809787622667273,0.0016203400740543762,0.004507413888281622,0.004753588873659405,6.297331518765901e-05
freeze_encoder__seed1234,freeze_encoder,1234,TCFTransformer.mag_refinement.mhca_blks.0.transformer_layers.1.norm1,21,mag_refinement,False,780,13,0.959945636985139,0.9072757243345951,0.9984405024387901,0.9241903476467868,0.0035210095215394647,0.9558746265364929,0.9587667748190971,0.9612349946097682,0.0006264441456816673,0.9048928033904386,0.9099967015041756,0.0012804862268489673,0.00341646635204294,0.0036128479769277277,4.945355319846456e-05
freeze_encoder__seed1234,freeze_encoder,1234,TCFTransformer.mag_refinement.mhca_blks.0.transformer_layers.2.norm1,22,mag_refinement,False,780,13,0.9510865750297519,0.885183609464229,0.9979533099975348,0.9073548115865043,0.004299960072794995,0.9563000860608363,0.949767114712737,0.9526206910793917,0.0007606928171234875,0.8823885781623613,0.8884561312401147,0.001591005888785957,0.004179193082325002,0.004406762314348307,6.051420732408569e-05
freeze_encoder__seed1234,freeze_encoder,1234,TCFTransformer.mag_refinement.mhca_blks.0.transformer_layers.3.norm1,23,mag_refinement,False,780,13,0.9343620144165096,0.8405562902643128,0.9976258576221945,0.8736821509045792,0.0059505175783218294,0.9502638283217815,0.9323966360880286,0.936592954778423,0.0010676265992073202,0.8363241131515843,0.8455770962692996,0.00230367844854692,0.005766637574188328,0.006109110451515519,8.763674073891332e-05
freeze_encoder__seed2345,freeze_encoder,2345,TCFTransformer.encoder_level1.mhca_blks.0.transformer_layers.0.norm1,0,encoder_level1,True,780,13,0.999880600039266,0.9996616761653853,0.9999955664995382,0.999758013697469,1.185879797353682e-05,0.9181865699808339,0.9998760763047916,0.9998849229984399,2.2858302896785952e-06,0.999647952765225,0.9996748563834481,6.697369550905544e-06,1.1393276479208649e-05,1.232961403648451e-05,2.381058321284733e-07
freeze_encoder__seed2345,freeze_encoder,2345,TCFTransformer.encoder_level1.mhca_blks.0.transformer_layers.1.norm1,1,encoder_level1,True,780,13,0.9989865547125665,0.9973539361434105,0.9999474173784263,0.998039815312676,9.209026343789993e-05,0.9450467062916028,0.998942030412169,0.9990298217887329,2.4493334443128466e-05,0.997232846955458,0.9974570471923333,5.993116867814679e-05,8.841531585554438e-05,9.62420822339967e-05,2.0929050840898267e-06
freeze_encoder__seed2345,freeze_encoder,2345,TCFTransformer.encoder_level1.mhca_blks.0.transformer_layers.2.norm1,2,encoder_level1,True,780,13,0.9977318514635163,0.9941333713286973,0.9998585553811148,0.995676480613987,0.00019987640719439816,0.9503040818120276,0.997543403773067,0.9978954218903031,9.278048920623495e-05,0.9936765790142318,0.994503482609606,0.00021600143658906637,0.00018696079651851297,0.00021559817160005695,7.594587392606697e-06
freeze_encoder__seed2345,freeze_encoder,2345,TCFTransformer.encoder_level1.mhca_blks.0.transformer_layers.3.norm1,3,encoder_level1,True,780,13,0.9975486217171718,0.9936009838947888,0.9998491549797551,0.995309078259077,0.00021761932827177988,0.9483645401619172,0.9973603371106025,0.9977074802650663,9.128829460521567e-05,0.9931393004124739,0.9939775919665895,0.0002144102280812921,0.00020458501529677691,0.00023373878081353936,7.502425243708689e-06
freeze_encoder__seed2345,freeze_encoder,2345,TCFTransformer.encoder_level2.mhca_blks.0.transformer_layers.0.norm1,4,encoder_level2,True,780,13,0.998622144823655,0.9962095291492268,0.9999219128413088,0.9973029515141332,0.00012763914765692456,0.9330008852168787,0.998559450756583,0.9986848715065826,3.4180742482209377e-05,0.9960503181230559,0.9963688525973986,8.256985321969601e-05,0.00012215142957121286,0.0001331329428358489,2.861910911067112e-06
freeze_encoder__seed2345,freeze_encoder,2345,TCFTransformer.encoder_level2.mhca_blks.0.transformer_layers.1.norm1,5,encoder_level2,True,780,13,0.9944291072682692,0.9866452344564299,0.9996720164097267,0.9895366058149083,0.00047947720814233113,0.9585900819213293,0.9941954274215918,0.9946491149331194,0.00012063692072625959,0.9861751616413779,0.9871208342317589,0.0002547123915872777,0.0004622162966056163,0.0004966282642434951,9.223805953821594e-06
freeze_encoder__seed2345,freeze_encoder,2345,TCFTransformer.encoder_level2.mhca_blks.0.transformer_layers.2.norm1,6,encoder_level2,True,780,13,0.9905243138561391,0.9780011120973486,0.9994300251893505,0.9824016495360962,0.0007983530072905334,0.9635168469627073,0.9901274935639599,0.9909290114714898,0.00020685222220716772,0.9772077112018286,0.9788399135917428,0.00043129627493574253,0.0007679468783124032,0.0008270915299813344,1.5596672676615152e-05
freeze_encoder__seed2345,freeze_encoder,2345,TCFTransformer.encoder_level2.mhca_blks.0.transformer_layers.3.norm1,7,encoder_level2,True,780,13,0.9775195818311637,0.9495828786263101,0.9987798477747498,0.9582231367245699,0.001903965905808343,0.9588613421234079,0.9765697696902752,0.9784370439404736,0.0004998509121619372,0.9476690954073125,0.9515444837923239,0.0010540093447699486,0.001829605245117423,0.0019751185957362287,3.943419299023864e-05
freeze_encoder__seed2345,freeze_encoder,2345,TCFTransformer.latent.mhca_blks.0.transformer_layers.0.norm1,8,latent,False,780,13,0.9871333800893056,0.966386184142186,0.9994449321123278,0.9748259308906504,0.0011983001355420485,0.9401144365158499,0.9866302358589463,0.9876870764165672,0.0002897771848781507,0.9651277901446201,0.9677741989229728,0.0007044275755792073,0.001148738777765147,0.0012428463296080266,2.535895872521695e-05
freeze_encoder__seed2345,freeze_encoder,2345,TCFTransformer.latent.mhca_blks.0.transformer_layers.1.norm1,9,latent,False,780,13,0.9842358100719935,0.9581155616809167,0.9993804743962409,0.9688994428099763,0.0014914229413293292,0.9368919014320704,0.9836269620016821,0.9848814915744826,0.00034036746911544094,0.9566564817543222,0.9596485170611199,0.0008015647900803937,0.0014357573968066218,0.001544449143148222,2.9691187349275146e-05
freeze_encoder__seed2345,freeze_encoder,2345,TCFTransformer.latent.mhca_blks.0.transformer_layers.2.norm1,10,latent,False,780,13,0.9749983339992343,0.9376184950577899,0.9986705681146699,0.9521861553403758,0.0022284963088627678,0.9505237469293764,0.9742011797129788,0.9757251965005712,0.00038230192405263507,0.9360852351039649,0.9391137498926653,0.0007730404951883764,0.0021733146087456255,0.0022847707780633704,2.856062198131892e-05
freeze_encoder__seed2345,freeze_encoder,2345,TCFTransformer.latent.mhca_blks.0.transformer_layers.3.norm1,11,latent,False,780,13,0.9490327781610765,0.8964850409061481,0.9962325460177195,0.9104549023530021,0.003837218467737118,0.9776856235270258,0.9474307896126476,0.9506797505392032,0.000811726266045749,0.8939010191299976,0.8992856088441149,0.0013234205788560786,0.0037285317121382566,0.003940302090594966,5.046596467617915e-05
freeze_encoder__seed2345,freeze_encoder,2345,TCFTransformer.decoder_level2.mhca_blks.0.transformer_layers.0.norm1,12,decoder_level2,False,780,13,0.9419087521661803,0.8602248794298906,0.9976514946650228,0.8885374236417577,0.00523735927460594,0.9490088273632817,0.9404666798454032,0.943604132130169,0.0007759636164693223,0.8569017767501181,0.8638261256458668,0.0016932687098497724,0.005096187249822764,0.005362219268017234,6.50333186427243e-05
freeze_encoder__seed2345,freeze_encoder,2345,TCFTransformer.decoder_level2.mhca_blks.0.transformer_layers.1.norm1,13,decoder_level2,False,780,13,0.9629866378639755,0.9115133903423946,0.9984470112507167,0.9292996738413146,0.0033071084248243805,0.951584134677317,0.9621536628176321,0.9639843585146033,0.0004942637880220061,0.9094724170309614,0.913773669780447,0.001063078148614365,0.0032177001243016714,0.0033829903598249942,4.05871237526775e-05
freeze_encoder__seed2345,freeze_encoder,2345,TCFTransformer.decoder_level2.mhca_blks.0.transformer_layers.2.norm1,14,decoder_level2,False,780,13,0.9502169044850728,0.8890500701390777,0.9973789782707512,0.9082132115972713,0.004146504825086621,0.966561041547011,0.9490157908298491,0.9515770813082146,0.0006680920322649429,0.8867010346926174,0.8916347512686861,0.0012696890171557858,0.004050941336349756,0.004229920713436815,4.840849870643914e-05
freeze_encoder__seed2345,freeze_encoder,2345,TCFTransformer.decoder_level2.mhca_blks.0.transformer_layers.3.norm1,15,decoder_level2,False,780,13,0.94007646284488,0.8706413580515447,0.9961219442654875,0.8913748983417841,0.004818657898876037,0.9700218717710466,0.9386662169989262,0.9416561056961996,0.0007821660927829558,0.8676795704934082,0.8736524396630425,0.001462401831818957,0.004705191642653958,0.0049252483073625244,5.494171519490566e-05
freeze_encoder__seed2345,freeze_encoder,2345,TCFTransformer.decoder_level1.mhca_blks.0.transformer_layers.0.norm1,16,decoder_level1,False,780,13,0.9389789519449457,0.8444038885755422,0.9977432446754886,0.8804833935951475,0.0057118221017534165,0.9402497061606626,0.9373349439831147,0.9409795587775732,0.0009589775999255398,0.8408563147831043,0.8492079288967151,0.002133431279014523,0.0055273392661612155,0.005850148110187839,8.114642262011929e-05
freeze_encoder__seed2345,freeze_encoder,2345,TCFTransformer.decoder_level1.mhca_blks.0.transformer_layers.1.norm1,17,decoder_level1,False,780,13,0.9598415860030639,0.9006034422532105,0.9984971985602992,0.9222809178893348,0.003676903229862862,0.9475363604605723,0.9587202210608934,0.9611330075010368,0.0006342500550984287,0.8979176022968229,0.903302188845399,0.0013752994424923821,0.0035669830555393658,0.0037760050994279015,5.207105622069527e-05
freeze_encoder__seed2345,freeze_encoder,2345,TCFTransformer.decoder_level1.mhca_blks.0.transformer_layers.2.norm1,18,decoder_level1,False,780,13,0.9686633796888027,0.9208503066882107,0.9989938886654688,0.9384718741875825,0.002951909919260772,0.939593285206787,0.9678428629373288,0.9696954706116363,0.00047988016881035395,0.9188234904328207,0.923081958251504,0.0010639040125628397,0.002866193450369732,0.0030279273659108773,4.0978519248530444e-05
freeze_encoder__seed2345,freeze_encoder,2345,TCFTransformer.decoder_level1.mhca_blks.0.transformer_layers.3.norm1,19,decoder_level1,False,780,13,0.9601882069284083,0.903712781255063,0.9985914794145497,0.9232324779188181,0.0036260646194697715,0.9484504467900843,0.9591394346957058,0.9614605790383828,0.0006071211193726826,0.901141264847074,0.9063472841091651,0.0012896010022768044,0.003523997767340549,0.0037205598796772313,4.981938693388413e-05
freeze_encoder__seed2345,freeze_encoder,2345,TCFTransformer.mag_refinement.mhca_blks.0.transformer_layers.0.norm1,20,mag_refinement,False,780,13,0.9494599753172478,0.8744010704450117,0.9982545450253362,0.9013740388189581,0.004707576976120722,0.9419426779005418,0.9481217547544146,0.9512122732655457,0.0007845746388731662,0.8713749324083325,0.878078740068736,0.0016880977530093725,0.0045638007217669255,0.004827487186257482,6.617767668700665e-05
freeze_encoder__seed2345,freeze_encoder,2345,TCFTransformer.mag_refinement.mhca_blks.0.transformer_layers.1.norm1,21,mag_refinement,False,780,13,0.9575945355507556,0.8959893967249464,0.9984512337660177,0.9179110893839748,0.0038885429220220833,0.9463672386019563,0.9564850693150208,0.958986940377575,0.000663547396258915,0.8934577711954335,0.8989678609375003,0.0014063443067665836,0.003772137335745578,0.0039862201407572725,5.4396287898085016e-05
freeze_encoder__seed2345,freeze_encoder,2345,TCFTransformer.mag_refinement.mhca_blks.0.transformer_layers.2.norm1,22,mag_refinement,False,780,13,0.94555078848687,0.8664104423156155,0.9977252989548898,0.8952983395740595,0.004921530138576309,0.9497490731614935,0.9441499471749127,0.9472960448114953,0.0008328292994792542,0.8634408414283632,0.870212074310733,0.001756447230332254,0.004779350538133166,0.005038049766637975,6.664645384682569e-05
freeze_encoder__seed2345,freeze_encoder,2345,TCFTransformer.mag_refinement.mhca_blks.0.transformer_layers.3.norm1,23,mag_refinement,False,780,13,0.932552358682594,0.832035359388743,0.9973568041355186,0.8694293787976363,0.00617494201218453,0.9471303761237752,0.9306471743453293,0.9349644416315707,0.0011168558850075064,0.8280897802529047,0.8375315474781849,0.002374891811724554,0.005964490091025178,0.006325226247040236,9.084598270093944e-05
freeze_encoder__seed3456,freeze_encoder,3456,TCFTransformer.encoder_level1.mhca_blks.0.transformer_layers.0.norm1,0,encoder_level1,True,780,13,0.999879407595493,0.9996584435915328,0.999995393829468,0.9997559030031145,1.1946698584072438e-05,0.918553797911265,0.9998748904978937,0.9998839790221689,2.328866878927246e-06,0.9996450793689635,0.99967155822844,6.756310022464223e-06,1.1484873628218753e-05,1.2420479565775181e-05,2.39217363424314e-07
freeze_encoder__seed3456,freeze_encoder,3456,TCFTransformer.encoder_level1.mhca_blks.0.transformer_layers.1.norm1,1,encoder_level1,True,780,13,0.9989732180332015,0.9973309004306798,0.9999466661612193,0.9980169819373081,9.305103468739402e-05,0.9460184803026317,0.9989276894921293,0.9990175239315465,2.5062995417668514e-05,0.9972072688062219,0.9974365481218457,6.0982031106432636e-05,8.92887476960856e-05,9.729651020054293e-05,2.1351201889389408e-06
freeze_encoder__seed3456,freeze_encoder,3456,TCFTransformer.encoder_level1.mhca_blks.0.transformer_layers.2.norm1,2,encoder_level1,True,780,13,0.9976802364704955,0.9940259178632346,0.9998537015150754,0.995586144505638,0.0002037136058600626,0.9511811720231352,0.997485782550425,0.9978494260854793,9.598246382970102e-05,0.9935568096370273,0.994407999832661,0.00022238557569646773,0.000190367846963904,0.00021992453473928348,7.827383243455832e-06
freeze_encoder__seed3456,freeze_encoder,3456,TCFTransformer.encoder_level1.mhca_blks.0.transformer_layers.3.norm1,3,encoder_level1,True,780,13,0.9974994400181832,0.9934971267901939,0.9998452170537067,0.9952218849246152,0.0002213842163088622,0.9492483317109982,0.9973030110459904,0.9976642138217215,9.402261375613371e-05,0.9930230792134231,0.9938835560022258,0.00021986570092091598,0.0002079960788697354,0.00023793122453418932,7.70081403537272e-06
freeze_encoder__seed3456,freeze_encoder,3456,TCFTransformer.encoder_level2.mhca_blks.0.transformer_layers.0.norm1,4,encoder_level2,True,780,13,0.9987392142058437,0.9965416783247238,0.9999273315454136,0.9975361347223678,0.00011642556934165634,0.9337172494841559,0.9986814424267404,0.9987970802067883,3.171830165920648e-05,0.9963942283048076,0.9966861436114854,7.644443121433545e-05,0.0001114535149981599,0.00012150954571568204,2.649964945592865e-06
freeze_encoder__seed3456,freeze_encoder,3456,TCFTransformer.encoder_level2.mhca_blks.0.transformer_layers.1.norm1,5,encoder_level2,True,780,13,0.9951716366728657,0.9883166841054574,0.9997292588612977,0.9908795843152268,0.00042036934969088863,0.9561792814265748,0.9949711302944388,0.9953637724655848,0.00010434949728434612,0.987911285505845,0.9887298227743464,0.0002218127326778785,0.0004049765604428858,0.0004351913949391525,8.08694158448833e-06
freeze_encoder__seed3456,freeze_encoder,3456,TCFTransformer.encoder_level2.mhca_blks.0.transformer_layers.2.norm1,6,encoder_level2,True,780,13,0.9920480043339165,0.9813476273799552,0.9995386789089583,0.9851575335671309,0.0006767020675288841,0.9616687348056092,0.991719555265899,0.9923874036069389,0.00017208858813087086,0.9806856896376765,0.9820506353477638,0.00036183351720109406,0.0006509330606160181,0.0007006260076192908,1.3111393870443942e-05
freeze_encoder__seed3456,freeze_encoder,3456,TCFTransformer.encoder_level2.mhca_blks.0.transformer_layers.3.norm1,7,encoder_level2,True,780,13,0.9805439143755247,0.9562847184676402,0.9989022973256241,0.9638987524111734,0.001641820761982098,0.9598293778790498,0.9797079508224678,0.9813385033920474,0.000436879444023607,0.9546018784894398,0.9579881822554733,0.0009182029619374006,0.0015767149200646758,0.001703421436307719,3.424711027888722e-05
freeze_encoder__seed3456,freeze_encoder,3456,TCFTransformer.latent.mhca_blks.0.transformer_layers.0.norm1,8,latent,False,780,13,0.9876954255495057,0.9680119060553033,0.9994670874491712,0.9759800247153146,0.0011411098619016557,0.9416513342029441,0.9872223887370309,0.9882333623316841,0.00027501768055219057,0.9668153675874825,0.9693315215981904,0.0006682900208231164,0.0010941048588264666,0.0011828141920404902,2.402487057774483e-05
freeze_encoder__seed3456,freeze_encoder,3456,TCFTransformer.latent.mhca_blks.0.transformer_layers.1.norm1,9,latent,False,780,13,0.9847403533693054,0.9598703520420273,0.9994202679548501,0.9699568741736059,0.001439155278255597,0.9386022640045179,0.9841637485884923,0.985359489990223,0.0003257425076463229,0.9584848793496688,0.9613394817897136,0.0007679931771374786,0.001385291087790334,0.0014895274362973492,2.8548697739694427e-05
freeze_encoder__seed3456,freeze_encoder,3456,TCFTransformer.latent.mhca_blks.0.transformer_layers.2.norm1,10,latent,False,780,13,0.9788356022339342,0.9459622049178825,0.9989784892705773,0.9590206120839818,0.0019325355139205944,0.9443704822896515,0.9781615617852815,0.9794734335143245,0.0003270252378997531,0.9446122235059737,0.9473151085785567,0.0006978967681243464,0.0018819953708463341,0.0019816590171929825,2.586963538416228e-05
freeze_encoder__seed3456,freeze_encoder,3456,TCFTransformer.latent.mhca_blks.0.transformer_layers.3.norm1,11,latent,False,780,13,0.956065471149408,0.9128669248330282,0.9965786245388855,0.9234671698558089,0.003249501695025658,0.9770169797054087,0.9548117424122288,0.9574738475798162,0.0007012247803569744,0.9108475806885046,0.915131370935302,0.001131723258141333,0.0031626740595813558,0.003328157631511687,4.3235559537225454e-05
freeze_encoder__seed3456,freeze_encoder,3456,TCFTransformer.decoder_level2.mhca_blks.0.transformer_layers.0.norm1,12,decoder_level2,False,780,13,0.9528717731085855,0.8900198299609705,0.9977398465841238,0.9108941309750673,0.004128595483843835,0.9539610967970235,0.9516112547335177,0.9542004903715551,0.0006589727825607858,0.8871686937629419,0.8928937074752188,0.001415286407122808,0.004018633108277268,0.004232996636221826,5.451603150922581e-05
freeze_encoder__seed3456,freeze_encoder,3456,TCFTransformer.decoder_level2.mhca_blks.0.transformer_layers.1.norm1,13,decoder_level2,False,780,13,0.9665082337083214,0.9230874734352789,0.9984431696702254,0.9369906516161123,0.0029075819618703765,0.956178614632643,0.9656772137570995,0.9674844140988321,0.0004726336419043505,0.9212293921135924,0.9251215579807756,0.0009849490004246435,0.002827734393994855,0.0029756019732983152,3.7844647050281e-05
freeze_encoder__seed3456,freeze_encoder,3456,TCFTransformer.decoder_level2.mhca_blks.0.transformer_layers.2.norm1,14,decoder_level2,False,780,13,0.9486079650372259,0.8864925167346605,0.9972702813454156,0.9054433196647024,0.004264721721889377,0.966354444411976,0.9473687511503568,0.9500321808257417,0.0006919774231097851,0.884196823088023,0.8892131212219976,0.0013224222406727332,0.00416034238454608,0.004355152084005983,5.047391892206487e-05
freeze_encoder__seed3456,freeze_encoder,3456,TCFTransformer.decoder_level2.mhca_blks.0.transformer_layers.3.norm1,15,decoder_level2,False,780,13,0.9445265891791409,0.8751964541429126,0.9968676781807201,0.8974361790801881,0.004643698525146639,0.9646033852669303,0.9431762546904894,0.9460893113595459,0.0007373732948007783,0.8725084033333333,0.8780751688086839,0.001411770216586232,0.004536450093715894,0.004745215537458865,5.344932525634087e-05
freeze_encoder__seed3456,freeze_encoder,3456,TCFTransformer.decoder_level1.mhca_blks.0.transformer_layers.0.norm1,16,decoder_level1,False,780,13,0.9504875867896607,0.8740041503997944,0.9983760960438318,0.9026688561455632,0.004671892575426317,0.9388001566597637,0.9490288279686667,0.9521163164819634,0.0008300616252106619,0.8708091881156733,0.8781189467165715,0.0018889416383188389,0.004521150871009544,0.004796143756723309,7.22012273737436e-05
freeze_encoder__seed3456,freeze_encoder,3456,TCFTransformer.decoder_level1.mhca_blks.0.transformer_layers.1.norm1,17,decoder_level1,False,780,13,0.9637031107555089,0.9075405603800083,0.99891298942077,0.9285483417476728,0.0034348897018980818,0.9397807753661209,0.9626661069120922,0.9649188386157918,0.0006019185635075347,0.9050539545218159,0.9103014221989959,0.0013753028283961138,0.0033291648253013463,0.0035276308841908567,5.22388828986715e-05
freeze_encoder__seed3456,freeze_encoder,3456,TCFTransformer.decoder_level1.mhca_blks.0.transformer_layers.2.norm1,18,decoder_level1,False,780,13,0.9716315122426322,0.9268618326615063,0.9992851770688331,0.9435346580168066,0.002743854596602069,0.9333962599252915,0.9708629349937072,0.9725475870097516,0.00045413558339129706,0.9250439022259834,0.9290087506580055,0.0010432925504443794,0.0026612011194859153,0.0028166349842275074,4.0284702662343386e-05
freeze_encoder__seed3456,freeze_encoder,3456,TCFTransformer.decoder_level1.mhca_blks.0.transformer_layers.3.norm1,19,decoder_level1,False,780,13,0.9637487723041543,0.9094978210100756,0.9990530797151418,0.9286999044698131,0.0034320150761914894,0.9397176303630891,0.9627351649939283,0.9649298281176094,0.0005873235582106416,0.9071478575494814,0.9121732295098215,0.001307248342005338,0.0033305785754879774,0.0035276832540678746,5.076799915914511e-05
freeze_encoder__seed3456,freeze_encoder,3456,TCFTransformer.mag_refinement.mhca_blks.0.transformer_layers.0.norm1,20,mag_refinement,False,780,13,0.9628737840030948,0.9091684791063644,0.9986699130290602,0.928030144111913,0.003415482543461378,0.9450813279598722,0.9619099303879732,0.9640818159951964,0.0005817999393135004,0.9069934013069437,0.9117746918973246,0.0012465468879562995,0.0033141333276308907,0.0035049570396076517,4.8562171222439405e-05
freeze_encoder__seed3456,freeze_encoder,3456,TCFTransformer.mag_refinement.mhca_blks.0.transformer_layers.1.norm1,21,mag_refinement,False,780,13,0.9679079087734476,0.9213369983129015,0.9989126711319659,0.9377284619117259,0.0029580748857797588,0.9452898793227684,0.9669908658258904,0.9690040134699364,0.0005341238492406698,0.9192775524143989,0.9237429047150496,0.001160312565165078,0.002865373954915875,0.0030391395516817642,4.480474471812831e-05
freeze_encoder__seed3456,freeze_encoder,3456,TCFTransformer.mag_refinement.mhca_blks.0.transformer_layers.2.norm1,22,mag_refinement,False,780,13,0.9618821668000812,0.9059931352352476,0.9985139160125684,0.926363913192484,0.003477758890173774,0.9472693461911162,0.9608499479340945,0.9631450448425599,0.0006071083564374215,0.9036769469200788,0.9086257004852477,0.0013208946235749438,0.0033756711863865163,0.003566589565429454,5.017955342969601e-05
freeze_encoder__seed3456,freeze_encoder,3456,TCFTransformer.mag_refinement.mhca_blks.0.transformer_layers.3.norm1,23,mag_refinement,False,780,13,0.9463829500686665,0.8671688813276786,0.9982222816882975,0.89584579664373,0.004948427892026865,0.9461776086702459,0.9448547286431215,0.9481926744735811,0.0008864265787824778,0.8637560954132144,0.8712472759217795,0.0019382719667456372,0.0047918416594982,0.005084005432885151,7.414063340501812e-05
freeze_decoder__seed1234,freeze_decoder,1234,TCFTransformer.encoder_level1.mhca_blks.0.transformer_layers.0.norm1,0,encoder_level1,False,780,13,0.9998225504803091,0.9994700439465333,0.9999949388167795,0.9996304984601926,1.8512439714339618e-05,0.9003718823554008,0.999817438792294,0.9998278674759667,2.6485610931429903e-06,0.9994544563667881,0.9994844832783324,7.890345749189752e-06,1.799349610351e-05,1.9078944206549948e-05,2.804758313656993e-07
freeze_decoder__seed1234,freeze_decoder,1234,TCFTransformer.encoder_level1.mhca_blks.0.transformer_layers.1.norm1,1,encoder_level1,False,780,13,0.9985554437294728,0.9963557725380621,0.9999240628419772,0.9972313306537537,0.0001292149534222677,0.9499958797206648,0.9984978914694524,0.9986091889641444,3.113629802834687e-05,0.9962131025516073,0.9964850175843027,7.191308827662845e-05,0.00012471327775123757,0.00013415745225595804,2.560249998248725e-06
freeze_decoder__seed1234,freeze_decoder,1234,TCFTransformer.encoder_level1.mhca_blks.0.transformer_layers.2.norm1,2,encoder_level1,False,780,13,0.9953509731004888,0.9888274025764227,0.9997093336551626,0.9913093822042381,0.00039583135897357355,0.9613683490231129,0.9951140483963565,0.9955676977083913,0.00012639130485225474,0.9883037631335935,0.9893129067206993,0.00028040879859939007,0.000378673738916334,0.00041501488653616057,1.0010100568892766e-05
freeze_decoder__seed1234,freeze_decoder,1234,TCFTransformer.encoder_level1.mhca_blks.0.transformer_layers.3.norm1,3,encoder_level1,False,780,13,0.9952214841289913,0.9883955944501432,0.999709746959883,0.9910156800934009,0.000411589531066878,0.9589125794391323,0.9950075945480543,0.9954225763147618,0.00011430736562498179,0.9878949401168485,0.9888464913761766,0.000251648043062102,0.00039566543078667013,0.00042909356947935703,8.935558455710708e-06
freeze_decoder__seed1234,freeze_decoder,1234,TCFTransformer.encoder_level2.mhca_blks.0.transformer_layers.0.norm1,4,encoder_level2,False,780,13,0.9935087471557226,0.9840180762914521,0.9995731113354357,0.9878100898024668,0.0005566876326926399,0.9584131494455183,0.993291203373661,0.9937451080514964,0.00012356345370654508,0.983550000729088,0.9845210171322806,0.00025953099702569064,0.000539470776082509,0.0005731904096999932,8.968114355415587e-06
freeze_decoder__seed1234,freeze_decoder,1234,TCFTransformer.encoder_level2.mhca_blks.0.transformer_layers.1.norm1,5,encoder_level2,False,780,13,0.9694522727350906,0.9299816434658494,0.9986937683515066,0.9424606696255744,0.0026598174892099695,0.9558846704498752,0.9683998440312236,0.9705262239436404,0.0005438074323786783,0.9278685011772001,0.9321274725217851,0.0011077211876953108,0.0025775034870487764,0.002737736744368806,4.206190156336659e-05
freeze_decoder__seed1234,freeze_decoder,1234,TCFTransformer.encoder_level2.mhca_blks.0.transformer_layers.2.norm1,6,encoder_level2,False,780,13,0.9210481800661128,0.83280198827768,0.996918516189624,0.8538772412927159,0.006669494432474619,0.9534351730120882,0.9188637440869124,0.9234403605682568,0.0011572954917021291,0.8283606180575409,0.8375622824075131,0.0022689394064298158,0.006482519485651335,0.00684887603879413,8.963712831210727e-05
freeze_decoder__seed1234,freeze_decoder,1234,TCFTransformer.encoder_level2.mhca_blks.0.transformer_layers.3.norm1,7,encoder_level2,False,780,13,0.9218719929701877,0.8660183096925416,0.9946425743439252,0.8690594590665859,0.005346318383037461,0.9529331137665015,0.9193036821730929,0.9245209751724955,0.0013261338700450507,0.8620542843811788,0.8698242394603222,0.002012519652791809,0.0051973572379272566,0.005494007602149703,7.80180525688391e-05
freeze_decoder__seed1234,freeze_decoder,1234,TCFTransformer.latent.mhca_blks.0.transformer_layers.0.norm1,8,latent,False,780,13,0.9656466411283381,0.9251873115698488,0.9985413907430093,0.9360704049578044,0.002928529078807891,0.9545100578345962,0.9647498750717052,0.9665207977529267,0.0004740230464003237,0.923508731488617,0.9270174383112252,0.0009324079673399835,0.00285885566896154,0.0029954372247353893,3.533093882697865e-05
freeze_decoder__seed1234,freeze_decoder,1234,TCFTransformer.latent.mhca_blks.0.transformer_layers.1.norm1,9,latent,False,780,13,0.972882474366671,0.938935409249404,0.9987651101289655,0.949321991947376,0.0023250312059488252,0.9581598318785152,0.9722357587771508,0.9735971050718246,0.00036549846015434536,0.9375502901455536,0.9403041304430134,0.0007246320453004814,0.0022716155652816854,0.0023774933186390974,2.6899710335098716e-05
freeze_decoder__seed1234,freeze_decoder,1234,TCFTransformer.latent.mhca_blks.0.transformer_layers.2.norm1,10,latent,False,780,13,0.96343129539719,0.9152716853832591,0.998063914393767,0.9314132915558566,0.0031497734956050655,0.9571490523876262,0.9626134856264148,0.9643265472455508,0.0004658741933182949,0.9134650063174659,0.9170825289101939,0.000923291872998132,0.003081778165580501,0.00321366698393085,3.395995713745331e-05
freeze_decoder__seed1234,freeze_decoder,1234,TCFTransformer.latent.mhca_blks.0.transformer_layers.3.norm1,11,latent,False,780,13,0.9505927154440907,0.8845209139738324,0.9969158503183948,0.9077530049249869,0.004208014641925968,0.9558799467374085,0.9494396255844005,0.9519043497497325,0.0006449993198019854,0.8818971196393933,0.8872709463150846,0.0013612226708545117,0.004111270967696889,0.004300038956517617,4.8562928224879155e-05
freeze_decoder__seed1234,freeze_decoder,1234,TCFTransformer.decoder_level2.mhca_blks.0.transformer_layers.0.norm1,12,decoder_level2,True,780,13,0.9149279120459386,0.7750829044290074,0.9974652772377705,0.8274768318916481,0.008524694006101768,0.9048840767776999,0.9132027033855744,0.917216387389578,0.0010094213064327981,0.7701011253056624,0.7810388405590494,0.0027381680736542147,0.008298001381212828,0.008695955149674478,9.929785266608441e-05
freeze_decoder__seed1234,freeze_decoder,1234,TCFTransformer.decoder_level2.mhca_blks.0.transformer_layers.1.norm1,13,decoder_level2,True,780,13,0.9610272438805076,0.8926220323642099,0.9988943321582594,0.9199379635732188,0.003991473710580612,0.8970643297062788,0.9600706344014751,0.9622329825058773,0.0005279615751680973,0.8897548000548895,0.8958648285514272,0.0015003767067818103,0.0038688431935524755,0.004087558549977595,5.3536517164346995e-05
freeze_decoder__seed1234,freeze_decoder,1234,TCFTransformer.decoder_level2.mhca_blks.0.transformer_layers.2.norm1,14,decoder_level2,True,780,13,0.9587375359415498,0.8800385107902383,0.9989620460149562,0.9131834637571232,0.004407428314296848,0.8793983688095729,0.9577375745773152,0.959961370819288,0.0005435723113445266,0.8768454106965899,0.883499859127097,0.0016074223662424737,0.0042803073164064,0.004513053652168002,5.707387596291289e-05
freeze_decoder__seed1234,freeze_decoder,1234,TCFTransformer.decoder_level2.mhca_blks.0.transformer_layers.3.norm1,15,decoder_level2,True,780,13,0.9464904759365779,0.8591558933258062,0.9973649428440967,0.8932240052438517,0.005186415855029345,0.9051325036492014,0.9451566149977191,0.9480290672340168,0.0007380454661099805,0.8553701709585305,0.8632364761754872,0.0019324694954551665,0.005040730181265884,0.005319291830591067,6.90650667939735e-05
freeze_decoder__seed1234,freeze_decoder,1234,TCFTransformer.decoder_level1.mhca_blks.0.transformer_layers.0.norm1,16,decoder_level1,True,780,13,0.950815751558313,0.8683040002828998,0.998240036750451,0.9010533985605572,0.0048412835071475835,0.9123245941498586,0.9494099586475161,0.9524616009482284,0.0007793019881066108,0.864658557753341,0.8725254752947352,0.0019930774871397775,0.00468731779635045,0.004979084744693449,7.194796653209006e-05
freeze_decoder__seed1234,freeze_decoder,1234,TCFTransformer.decoder_level1.mhca_blks.0.transformer_layers.1.norm1,17,decoder_level1,True,780,13,0.9728819350267838,0.9297745995490985,0.9988735851263393,0.9462854988877627,0.0025938140547554504,0.9207547651411057,0.9720279309445692,0.9737650375994578,0.0004432153622292213,0.9276776268042836,0.9319651767328772,0.001086747000971455,0.002511987971843875,0.0026685584388683936,3.937718569083083e-05
freeze_decoder__seed1234,freeze_decoder,1234,TCFTransformer.decoder_level1.mhca_blks.0.transformer_layers.2.norm1,18,decoder_level1,True,780,13,0.9755409945089084,0.9342349319733103,0.9991207098808043,0.9506015929901354,0.0024257618935553736,0.9079117349642974,0.9748244150347976,0.9763627890027969,0.0003857341372431078,0.932299284264444,0.9363376699789208,0.001023597475403828,0.0023460814064986614,0.002497688504202056,3.6851461558640514e-05
freeze_decoder__seed1234,freeze_decoder,1234,TCFTransformer.decoder_level1.mhca_blks.0.transformer_layers.3.norm1,19,decoder_level1,True,780,13,0.9757523313374853,0.9376863739123704,0.9990705362497235,0.9518054207286953,0.002337968935829471,0.9181287348977565,0.9750212482921459,0.976556069967488,0.00039632902392141027,0.9359188360327324,0.9396125037246027,0.0009373320232755254,0.0022656978016950633,0.002401134892582696,3.4500297761250706e-05
freeze_decoder__seed1234,freeze_decoder,1234,TCFTransformer.mag_refinement.mhca_blks.0.transformer_layers.0.norm1,20,mag_refinement,False,780,13,0.9575816651529228,0.89059599674665,0.9980634109790496,0.9167310135102198,0.003983127000500502,0.9269070541475855,0.9563770865697543,0.9590510401977304,0.0006773122950541929,0.8875416450787054,0.8940366033357691,0.0016553002394371582,0.0038546565170286553,0.004097790683785351,5.951061472462835e-05
freeze_decoder__seed1234,freeze_decoder,1234,TCFTransformer.mag_refinement.mhca_blks.0.transformer_layers.1.norm1,21,mag_refinement,False,780,13,0.96267205376783,0.9037436060569212,0.9985772425853293,0.9260728116914161,0.0035713732118975027,0.9228950429961753,0.9616245972908333,0.9638910493771586,0.0005779671876767385,0.9010846800636009,0.9067063444661791,0.0014015744841346558,0.003460413808970736,0.003667263177053212,5.1243330876592716e-05
freeze_decoder__seed1234,freeze_decoder,1234,TCFTransformer.mag_refinement.mhca_blks.0.transformer_layers.2.norm1,22,mag_refinement,False,780,13,0.9606476538755703,0.8905197921777382,0.9985686316092811,0.9197564034088794,0.003965252416037843,0.900340272430234,0.9595516008705732,0.961874941001734,0.0005747801472877339,0.8876649476668017,0.89373487677941,0.0015425434753702266,0.0038487304535549513,0.0040676987205115235,5.4947319821162196e-05
freeze_decoder__seed1234,freeze_decoder,1234,TCFTransformer.mag_refinement.mhca_blks.0.transformer_layers.3.norm1,23,mag_refinement,False,780,13,0.9493496461906746,0.8645569003850982,0.9979401224545934,0.8988240904756317,0.004913316073267171,0.9168240618230429,0.947945718240805,0.9507733409101162,0.0007175253317087106,0.8613643225817358,0.8682117640658843,0.0017436164568072484,0.004780562661078882,0.005023312928308606,6.253764232748619e-05
freeze_decoder__seed2345,freeze_decoder,2345,TCFTransformer.encoder_level1.mhca_blks.0.transformer_layers.0.norm1,0,encoder_level1,False,780,13,0.9998126465903641,0.9994409338480399,0.9999947558305207,0.9996097143491112,1.9563979886211098e-05,0.9002782762059308,0.9998072952502843,0.9998182809539299,2.7920769964188454e-06,0.9994244551918445,0.9994561819949974,8.345159525733163e-06,1.9006953551157133e-05,2.0163032252133777e-05,2.971116041701953e-07
freeze_decoder__seed2345,freeze_decoder,2345,TCFTransformer.encoder_level1.mhca_blks.0.transformer_layers.1.norm1,1,encoder_level1,False,780,13,0.998537581852104,0.99633051832517,0.9999222888702005,0.9972018849732136,0.00013040677823964708,0.9506698207456536,0.9984806728763586,0.998591103674446,3.093629717427666e-05,0.9961915216442089,0.9964563662902662,7.061235555148303e-05,0.00012598334503831937,0.000135235112289122,2.5191086078909217e-06
freeze_decoder__seed2345,freeze_decoder,2345,TCFTransformer.encoder_level1.mhca_blks.0.transformer_layers.2.norm1,2,encoder_level1,False,780,13,0.9953164930960052,0.9887901484202118,0.9997056792179748,0.9912547096960244,0.00039795849940645875,0.9617152618739113,0.9950762497560144,0.9955365224778653,0.0001277652055784064,0.988254112765193,0.989278920876291,0.00028235811414236334,0.0003806463123443058,0.0004171269685097386,1.0093089111086194e-05
freeze_decoder__seed2345,freeze_decoder,2345,TCFTransformer.encoder_level1.mhca_blks.0.transformer_layers.3.norm1,3,encoder_level1,False,780,13,0.9952108942226974,0.98846593217972,0.9997016228467995,0.9910278468440706,0.00040963460932853124,0.9602019086146154,0.9949932386736009,0.9954163898762597,0.00011623100239603478,0.9879619422830075,0.9889156657094369,0.0002536459795048663,0.0003935961015402562,0.00042710427821068353,9.017292929239103e-06
freeze_decoder__seed2345,freeze_decoder,2345,TCFTransformer.encoder_level2.mhca_blks.0.transformer_layers.0.norm1,4,encoder_level2,False,780,13,0.9936860301262801,0.9844275837066846,0.9995832804227474,0.9881381739499233,0.000541857940239034,0.9581316600390936,0.9934732125536181,0.993925163769251,0.00012019698293227943,0.9839765689418865,0.9849254932170506,0.00025214834019651565,0.0005252584687040844,0.0005576915188712643,8.710361922603708e-06
freeze_decoder__seed2345,freeze_decoder,2345,TCFTransformer.encoder_level2.mhca_blks.0.transformer_layers.1.norm1,5,encoder_level2,False,780,13,0.9635999322275068,0.9167819884190186,0.9984505925881565,0.9315636973965167,0.0031575954698380955,0.9572944405092085,0.9623174484682739,0.9648607499098454,0.0006406905810190637,0.9142581359323777,0.9192541494415355,0.0012949192998222873,0.0030618553577266574,0.003253117375402903,4.92237492897435e-05
freeze_decoder__seed2345,freeze_decoder,2345,TCFTransformer.encoder_level2.mhca_blks.0.transformer_layers.2.norm1,6,encoder_level2,False,780,13,0.9122228324222259,0.8111452039388514,0.9967839051515617,0.8365110536614552,0.0075076526616384654,0.9529328297043514,0.9098936373685191,0.9148581521925157,0.001239649119000763,0.8062188415401256,0.8162044317833123,0.0024648379116487835,0.007303729107153031,0.007705146924465715,9.724286000264575e-05
freeze_decoder__seed2345,freeze_decoder,2345,TCFTransformer.encoder_level2.mhca_blks.0.transformer_layers.3.norm1,7,encoder_level2,False,780,13,0.9210965431583489,0.855491570570529,0.9951542016023233,0.8639912485817713,0.005743039787873725,0.96100260019519,0.9186332363102617,0.9236538613473629,0.0012476989249999512,0.8516069762943651,0.85938933126208,0.0020029398761850664,0.005590519394265599,0.005893862454795976,7.809136236406335e-05
freeze_decoder__seed2345,freeze_decoder,2345,TCFTransformer.latent.mhca_blks.0.transformer_layers.0.norm1,8,latent,False,780,13,0.9599176730196445,0.9138444109910571,0.998339641644405,0.9257196636395104,0.0033903728864602273,0.9559015452738227,0.9589338763770607,0.9609163289606159,0.0005325025311722403,0.9119437743306924,0.9158601812330571,0.001030123704425124,0.003309643976262277,0.0034594436655752507,3.9299639010045884e-05
freeze_decoder__seed2345,freeze_decoder,2345,TCFTransformer.latent.mhca_blks.0.transformer_layers.1.norm1,9,latent,False,780,13,0.9679428968196497,0.9284858521589873,0.998639267132833,0.9401059446958934,0.002750000311039172,0.9580534438227876,0.967217138618183,0.9687443491828144,0.00041364854494978443,0.9269592364663498,0.9300924447866593,0.0008112400257120972,0.0026896748985965843,0.002806419369617012,3.0577736685928394e-05
freeze_decoder__seed2345,freeze_decoder,2345,TCFTransformer.latent.mhca_blks.0.transformer_layers.2.norm1,10,latent,False,780,13,0.9582151563885886,0.9037025698943023,0.9978419552399562,0.9217653340425386,0.0035877292052091604,0.9590826340692951,0.9572557617463648,0.9592436912814711,0.0005221508702153904,0.9017291895090019,0.9057499014945374,0.0010257415737367167,0.0035136963870398157,0.003657808229661399,3.811689303381926e-05
freeze_decoder__seed2345,freeze_decoder,2345,TCFTransformer.latent.mhca_blks.0.transformer_layers.3.norm1,11,latent,False,780,13,0.9488118071885954,0.8784002045790344,0.9967388180738833,0.9042535167082691,0.0043693498490930995,0.9555787535687492,0.9476421459162307,0.9502214405320139,0.0006925544703650951,0.8755563601989006,0.8813158657390333,0.0014801355598125412,0.0042624927014297265,0.004468347770911165,5.262948901567778e-05
freeze_decoder__seed2345,freeze_decoder,2345,TCFTransformer.decoder_level2.mhca_blks.0.transformer_layers.0.norm1,12,decoder_level2,True,780,13,0.9070152033610729,0.7558078623276482,0.9971390664424649,0.8126763209158954,0.009198951790856101,0.9111793557040364,0.9050720772593258,0.9094831137067645,0.0010955019151525909,0.7505855898272529,0.7618828853047807,0.00297505706135757,0.008956455615821611,0.009385221161730522,0.000107864395171516
freeze_decoder__seed2345,freeze_decoder,2345,TCFTransformer.decoder_level2.mhca_blks.0.transformer_layers.1.norm1,13,decoder_level2,True,780,13,0.9563548770199856,0.8807396853810704,0.9986743685832389,0.910911308998002,0.004416296417291951,0.901189962636176,0.9552707844146681,0.9576612053822214,0.0005761691006372772,0.8776184363189407,0.884171688208595,0.001641124278173567,0.004285604921434259,0.004527684020294082,5.846015295955743e-05
freeze_decoder__seed2345,freeze_decoder,2345,TCFTransformer.decoder_level2.mhca_blks.0.transformer_layers.2.norm1,14,decoder_level2,True,780,13,0.9533501085709049,0.865564746260643,0.9988302593047796,0.9023765390039867,0.004934644604474941,0.8839161757401887,0.9522594384489279,0.9547698071439569,0.0005818943508241091,0.862271629835933,0.8691673163389553,0.001740456094091614,0.004802491511157218,0.005051670534112288,6.16339534163762e-05
freeze_decoder__seed2345,freeze_decoder,2345,TCFTransformer.decoder_level2.mhca_blks.0.transformer_layers.3.norm1,15,decoder_level2,True,780,13,0.935726951174756,0.8328047204934625,0.9971354977748328,0.8720269171120614,0.006210335390572528,0.9102123210744019,0.9341112607751743,0.937527344367682,0.0008402506640169179,0.8285310031313157,0.8374233967709614,0.0022173456982104043,0.006047864706304569,0.006365098330364699,8.023276599516592e-05
freeze_decoder__seed2345,freeze_decoder,2345,TCFTransformer.decoder_level1.mhca_blks.0.transformer_layers.0.norm1,16,decoder_level1,True,780,13,0.9374803998636512,0.8348841836131538,0.99786179916981,0.8745682009008273,0.006128855215727243,0.9142006672521718,0.9358059302463524,0.9393890539678529,0.000891995116375521,0.8303906462943318,0.8397251357461007,0.0022922328807512397,0.0059485176707445905,0.006294363696671247,8.380053897829403e-05
freeze_decoder__seed2345,freeze_decoder,2345,TCFTransformer.decoder_level1.mhca_blks.0.transformer_layers.1.norm1,17,decoder_level1,True,780,13,0.9657345478937157,0.9120501106213299,0.9985954136114861,0.9322713724013011,0.003266226889416039,0.9215959077052085,0.9647658322517498,0.9668125912402716,0.0005077430737645562,0.9096311710618242,0.9146788008022002,0.0012518635446825614,0.0031672696636113684,0.0033545135544064447,4.556444005187705e-05
freeze_decoder__seed2345,freeze_decoder,2345,TCFTransformer.decoder_level1.mhca_blks.0.transformer_layers.2.norm1,18,decoder_level1,True,780,13,0.9685950422000424,0.9157458675671848,0.9989167984021013,0.9365062912113733,0.003122231181825357,0.9070131182857875,0.9677125704188663,0.9695976813162522,0.00045425946827357995,0.9134762150053033,0.918280556017008,0.0012241732815247602,0.003028200718182736,0.0032066431141783143,4.440874063049032e-05
freeze_decoder__seed2345,freeze_decoder,2345,TCFTransformer.decoder_level1.mhca_blks.0.transformer_layers.3.norm1,19,decoder_level1,True,780,13,0.9700171414304238,0.9235308814354436,0.9988632992139231,0.9405507955271682,0.002878788043358332,0.9195752759065026,0.9691767055281619,0.9709207437259711,0.0004409711608974876,0.9215251584874514,0.9257792995457476,0.0010420107758455006,0.0027955135832272056,0.0029525708773633836,3.847714495455785e-05
freeze_decoder__seed2345,freeze_decoder,2345,TCFTransformer.mag_refinement.mhca_blks.0.transformer_layers.0.norm1,20,mag_refinement,False,780,13,0.9492230924164766,0.8675833438375062,0.9979836993645397,0.8991849593688451,0.00487735506772119,0.9195441978404507,0.9478714976836252,0.9507791953627815,0.0007265701379149385,0.8639950824695136,0.871442592388735,0.0018532354385237075,0.004733508202735052,0.005007900121962531,6.756957422735347e-05
freeze_decoder__seed2345,freeze_decoder,2345,TCFTransformer.mag_refinement.mhca_blks.0.transformer_layers.1.norm1,21,mag_refinement,False,780,13,0.954559929223779,0.881350243901595,0.9984624603467115,0.9091764867377972,0.004425624424754899,0.9171966194288249,0.953404356768562,0.9558789129112807,0.0006274075656776041,0.878283326033216,0.8846616394664989,0.0015864654668731716,0.004305013167539006,0.004537676707052891,5.8227023828049366e-05
freeze_decoder__seed2345,freeze_decoder,2345,TCFTransformer.mag_refinement.mhca_blks.0.transformer_layers.2.norm1,22,mag_refinement,False,780,13,0.9527595277761045,0.8701239391473626,0.9983451387056943,0.9040227620448492,0.0047311766588980075,0.9041148188487127,0.951502493954797,0.9540520039830742,0.0006191832632517506,0.8667450521890167,0.8735839453427451,0.0016759983524218787,0.004609323685542569,0.00484902701025098,6.010415895882449e-05
freeze_decoder__seed2345,freeze_decoder,2345,TCFTransformer.mag_refinement.mhca_blks.0.transformer_layers.3.norm1,23,mag_refinement,False,780,13,0.9330796179312286,0.8259992863658143,0.9970928387764169,0.8682307309493371,0.006319245964649827,0.9267915087930277,0.9316330293278469,0.9348770669097253,0.0008278202142000044,0.8222923270540355,0.8303994539993318,0.0019651897199938926,0.006157892113026359,0.0064438046098578595,6.970822724800343e-05
freeze_decoder__seed3456,freeze_decoder,3456,TCFTransformer.encoder_level1.mhca_blks.0.transformer_layers.0.norm1,0,encoder_level1,False,780,13,0.9998233006652605,0.999471052885056,0.9999949716299006,0.9996317324044843,1.846229986390469e-05,0.8996037972033784,0.9998181933416292,0.9998287172694968,2.6787338911800386e-06,0.9994552323371174,0.9994857132839845,8.0192994167366e-06,1.7941545067958867e-05,1.903706938235199e-05,2.845021624496304e-07
freeze_decoder__seed3456,freeze_decoder,3456,TCFTransformer.encoder_level1.mhca_blks.0.transformer_layers.1.norm1,1,encoder_level1,False,780,13,0.9985764929072725,0.9964276534624594,0.9999248521755905,0.9972749850542724,0.00012707201539040335,0.9504294905523839,0.998520173936159,0.9986288424889026,3.024406121843831e-05,0.996289991121262,0.9965525483022903,6.936857173274275e-05,0.00012271156307677912,0.00013183851610962258,2.473897678261826e-06
freeze_decoder__seed3456,freeze_decoder,3456,TCFTransformer.encoder_level1.mhca_blks.0.transformer_layers.2.norm1,2,encoder_level1,False,780,13,0.9953076026244804,0.9888216337790847,0.9997026881652005,0.9912552603090871,0.00039719237267517613,0.9625782666605377,0.9950645588136192,0.9955296992674532,0.0001290460255794506,0.9882867195315856,0.9893141317879534,0.00028513910666271393,0.0003798132734219081,0.000416445270779428,1.0191763023676563e-05
freeze_decoder__seed3456,freeze_decoder,3456,TCFTransformer.encoder_level1.mhca_blks.0.transformer_layers.3.norm1,3,encoder_level1,False,780,13,0.9950870139559362,0.9881747809128895,0.999695288905731,0.9907964659593715,0.000420193422374726,0.9602975228886388,0.9948582481879136,0.9953008345753178,0.0001213966150355793,0.9876474765004256,0.9886468292329554,0.0002658094415842116,0.00040344630974669695,0.0004386621731474352,9.457211770300175e-06
freeze_decoder__seed3456,freeze_decoder,3456,TCFTransformer.encoder_level2.mhca_blks.0.transformer_layers.0.norm1,4,encoder_level2,False,780,13,0.993751014362161,0.9846680731192614,0.9995816096281392,0.9882909767956556,0.0005334947336623783,0.9592743527000553,0.993535774614073,0.9939849846998435,0.00012179572617643499,0.9842103980237094,0.9851674473702147,0.00025438455811958405,0.0005165380214336527,0.0005495463700076365,8.812296573370918e-06
freeze_decoder__seed3456,freeze_decoder,3456,TCFTransformer.encoder_level2.mhca_blks.0.transformer_layers.1.norm1,5,encoder_level2,False,780,13,0.969697957499287,0.9307967270643279,0.9986780159442847,0.9430445965290675,0.0026271777432144007,0.9567591466701326,0.9686453644936566,0.9707508400278404,0.0005365282238246936,0.9287260218083092,0.9328693125408429,0.0010858380070755957,0.0025462246671994855,0.0027041706793616707,4.120349311453456e-05
freeze_decoder__seed3456,freeze_decoder,3456,TCFTransformer.encoder_level2.mhca_blks.0.transformer_layers.2.norm1,6,encoder_level2,False,780,13,0.9185021429859165,0.8266242454755001,0.9968288314495316,0.8489340489733281,0.006904689366463441,0.9533595864969071,0.9163004413648612,0.9209688412697559,0.0011714114644683865,0.8220097344544446,0.8313999105218127,0.0023165131048260203,0.006707969276171651,0.007090110685501895,9.119614425734146e-05
freeze_decoder__seed3456,freeze_decoder,3456,TCFTransformer.encoder_level2.mhca_blks.0.transformer_layers.3.norm1,7,encoder_level2,False,780,13,0.9183218918823535,0.8578798236602402,0.9943566839511568,0.8625448242160731,0.005637678781422987,0.9565185844594081,0.9156889296604847,0.9209963974812924,0.0013467935077715073,0.853875336656968,0.8618153922019101,0.0020676919627364396,0.0054876222604465195,0.005786038363197408,7.978773426157819e-05
freeze_decoder__seed3456,freeze_decoder,3456,TCFTransformer.latent.mhca_blks.0.transformer_layers.0.norm1,8,latent,False,780,13,0.9616508702175995,0.9159503175509283,0.9983397353918128,0.9284880841591217,0.0032816182693383173,0.9539078233665548,0.9606555647033655,0.9626530061680028,0.0005362219317920007,0.9140250878295836,0.9179950468708308,0.0010665679130299596,0.003203206816949671,0.0033547486636379257,4.035642207367042e-05
freeze_decoder__seed3456,freeze_decoder,3456,TCFTransformer.latent.mhca_blks.0.transformer_layers.1.norm1,9,latent,False,780,13,0.9699654927779725,0.9319523192674691,0.9986392085215995,0.9437142191103864,0.00258920637534752,0.9571367360369089,0.969246968796206,0.9707565757131251,0.0004091713275049573,0.9303828783119337,0.9334758365513419,0.0008212891219765643,0.0025285140889686262,0.0026475995345782597,3.057075172617362e-05
freeze_decoder__seed3456,freeze_decoder,3456,TCFTransformer.latent.mhca_blks.0.transformer_layers.2.norm1,10,latent,False,780,13,0.9616891976891675,0.9097858085846287,0.9979502901358459,0.927783838888564,0.003330373200607055,0.9549052836786777,0.9608126810975212,0.9626537360343441,0.0004890596906795376,0.9078331878361032,0.91170511796039,0.0010035215046407067,0.003258744662218298,0.003398402168946216,3.662681195806099e-05
freeze_decoder__seed3456,freeze_decoder,3456,TCFTransformer.latent.mhca_blks.0.transformer_layers.3.norm1,11,latent,False,780,13,0.9494576355260913,0.8803020411576982,0.9968350263589468,0.9051399594911489,0.004348005282203732,0.9529471283536128,0.9482984624845096,0.9507686838706653,0.0006493157316186545,0.877506904347585,0.8829591567546907,0.0014019867528105743,0.004246913623636821,0.004444294960589814,5.0099271098463335e-05
freeze_decoder__seed3456,freeze_decoder,3456,TCFTransformer.decoder_level2.mhca_blks.0.transformer_layers.0.norm1,12,decoder_level2,True,780,13,0.9076723912106748,0.7602744860450429,0.9970144939728278,0.8149986724282157,0.009044080330540211,0.9150749017838581,0.905831420911277,0.9100650999885866,0.0010889166162583131,0.7553388553737457,0.7662523532427662,0.002865667586347961,0.008808257636593318,0.009224183031125184,0.00010383226526187276
freeze_decoder__seed3456,freeze_decoder,3456,TCFTransformer.decoder_level2.mhca_blks.0.transformer_layers.1.norm1,13,decoder_level2,True,780,13,0.9556390261204323,0.8805875385877423,0.9985606697736639,0.9102183643504915,0.004418489854380778,0.9082273281291646,0.954608796485087,0.9569218562319872,0.0005990317935928016,0.8777717694995499,0.8839113511978051,0.0016367476365273623,0.004293705579996181,0.004515626106456309,5.8373074246718696e-05
freeze_decoder__seed3456,freeze_decoder,3456,TCFTransformer.decoder_level2.mhca_blks.0.transformer_layers.2.norm1,14,decoder_level2,True,780,13,0.9529179996188382,0.8656139386922892,0.9986989579139622,0.9021183084368405,0.004920264877309671,0.8890401165778804,0.9518965432421407,0.9543491717792061,0.0006133079159424951,0.8624853315131782,0.8691948460791354,0.0017452146748451677,0.004788591859419753,0.005026698122185913,6.210767968845304e-05
freeze_decoder__seed3456,freeze_decoder,3456,TCFTransformer.decoder_level2.mhca_blks.0.transformer_layers.3.norm1,15,decoder_level2,True,780,13,0.9382573046290086,0.83702511902803,0.9973087397141335,0.8764697379558212,0.006016523011488546,0.9089065516172651,0.9368126958320555,0.9400662505832447,0.0008538398454584787,0.8331880072389648,0.8414255420393661,0.0021786990899123884,0.005855350010334241,0.006151763599257844,7.907246606793086e-05
freeze_decoder__seed3456,freeze_decoder,3456,TCFTransformer.decoder_level1.mhca_blks.0.transformer_layers.0.norm1,16,decoder_level1,True,780,13,0.9394978391108478,0.8426947173629042,0.9978712495168045,0.8797227397845744,0.005829703350542787,0.9223991229277188,0.937845554500062,0.9413329629703532,0.0009335282599056981,0.838635458892736,0.8473853368848943,0.0022404439484717356,0.005660986125221053,0.005975371217054207,8.232800206255321e-05
freeze_decoder__seed3456,freeze_decoder,3456,TCFTransformer.decoder_level1.mhca_blks.0.transformer_layers.1.norm1,17,decoder_level1,True,780,13,0.9683490392349213,0.9194962932054807,0.9987085310465242,0.9377717601589566,0.002986600006758641,0.9270148305529636,0.9674104177294474,0.9693552484455813,0.0005125560624929072,0.9173093740003999,0.9219471508830014,0.0012013203022132521,0.002899415771300008,0.003065777102061505,4.39717892088056e-05
freeze_decoder__seed3456,freeze_decoder,3456,TCFTransformer.decoder_level1.mhca_blks.0.transformer_layers.2.norm1,18,decoder_level1,True,780,13,0.9703215326477064,0.9214805234701204,0.9989723860758986,0.9404459097873129,0.002909907840849382,0.9145286025912897,0.9694803786397966,0.9712501510394754,0.0004608425479172614,0.91944285867153,0.9237848456876403,0.0011594049521056154,0.002822670663770152,0.002986258795838111,4.237056533712111e-05
freeze_decoder__seed3456,freeze_decoder,3456,TCFTransformer.decoder_level1.mhca_blks.0.transformer_layers.3.norm1,19,decoder_level1,True,780,13,0.9716970526108629,0.928516113895636,0.9989388565833757,0.9441432188409721,0.0026940790125940133,0.9241025871963062,0.9708454220550629,0.9725894235246779,0.0004564173760976991,0.9266593840072553,0.9306628624598182,0.001040805782768111,0.0026146396251237325,0.0027631119555102173,3.8679695111498506e-05
freeze_decoder__seed3456,freeze_decoder,3456,TCFTransformer.mag_refinement.mhca_blks.0.transformer_layers.0.norm1,20,mag_refinement,False,780,13,0.9449562703964548,0.8579060808664725,0.997900211612384,0.8911278706783979,0.005251662093674713,0.9240959701014215,0.943496528771674,0.946725409292433,0.0008474401579816796,0.8542951463111322,0.8621688956373782,0.0020349736778278405,0.005097542667145385,0.005383199063339813,7.461753167314799e-05
freeze_decoder__seed3456,freeze_decoder,3456,TCFTransformer.mag_refinement.mhca_blks.0.transformer_layers.1.norm1,21,mag_refinement,False,780,13,0.9540905868822436,0.8806007985885321,0.9984810075545928,0.9084614341614716,0.004450994627379663,0.9205190745600347,0.9528909107131133,0.9554952992170285,0.0006707490219078951,0.8777084335917851,0.883943734365778,0.0016076643890898053,0.004328389304312837,0.0045582044224003115,5.9304682269514736e-05
freeze_decoder__seed3456,freeze_decoder,3456,TCFTransformer.mag_refinement.mhca_blks.0.transformer_layers.2.norm1,22,mag_refinement,False,780,13,0.9544185408962585,0.8735227707410472,0.9984670973129762,0.9070370032228728,0.004596433714498231,0.9027121537092462,0.9532195358630585,0.9557426090559673,0.0006426513569691821,0.8705581210828747,0.8770112548833476,0.0016604661742855428,0.004467833586692577,0.004702174591395058,5.963568075976125e-05
freeze_decoder__seed3456,freeze_decoder,3456,TCFTransformer.mag_refinement.mhca_blks.0.transformer_layers.3.norm1,23,mag_refinement,False,780,13,0.937555255644724,0.8326846340069417,0.9974950686632058,0.8753199703841521,0.006050717723675258,0.917551168410362,0.9359398706714729,0.9393337351729475,0.0008534502165598178,0.8290253782916158,0.8371630502444444,0.002033268493115518,0.00588302276176727,0.00617669434249736,7.285477975628572e-05
